Workbook

Sheet DUKB
A1: ULIN | C1: : | D1: NL ( AWIE )
A2: PARTAI | C2: : | D2: A/25/L02/GLI/ULIN | R2: =M3-R3 -> 14.04 | U2: Ttl vol trimming | V2: Prosentase
A3: NAMA PERUSAHAAN | C3: : | D3: PT. GEMA LESTARI INDONESIA (SAWMILL) | M3: =SUBTOTAL(109,M5:M560) -> 239.23 | O3: =SUM(O6:O560) -> 1.72 | Q3: =SUM(Q6:Q560) -> 12.32 | R3: =SUBTOTAL(109,R6:R560) -> 225.19 | U3: =O3+Q3 -> 14.04 | V3: =U3/M3 -> 0.058688292
A4: Nomor | D4: Jenis | E4: Qty | F4: Pjng | G4: Diameter | K4: Ø | L4: Ø2 | M4: Bruto | N4: Gerowong | P4: Trimming | R4: Netto | AD4: VLOOKUP(KOLOM AI, NOMOR URUT SUPPLY LOG,2,FALSE) | AF4: TRIMING | AN4: BLNC
A5: Urut | B5: Log | C5: Kode | G5: I | H5: II | I5: III | J5: IV | M5: M3 | N5: Cm | O5: M3 | P5: Pjng | Q5: M3 | R5: M31 | S5: ID BARCODE | T5: KLS DMTR | U5: IN | V5: OUT | W5: no di LL | AE5: Control No Log | AF5: A | AG5: B | AH5: C | AI5: D | AJ5: E | AK5: F | AL5: G
A6: 199 | B6: 419 | C6: NL | D6: Ulin | E6: 1 | F6: 11 | G6: 39 | H6: 43 | I6: 25 | J6: 32 | K6: =+(G6+H6+I6+J6)/4 -> 34.75 | L6: =ROUND(K6,0) -> 35 | M6: =+ROUND((L6*L6*F6*0.7854)/10000,2) -> 1.06 | O6: =ROUND(((N6*N6*(F6-P6)*0.7854)/10000),2) -> 0 | P6: 1.5 | Q6: =+ROUND((L6*L6*P6*0.7854)/10000,2) -> 0.14 | R6: =+M6-O6-Q6 -> 0.92 | T6: =IF(L6<40,"30 - 39 Cm",IF(L6<50,"40 - 49 Cm",IF(L6<60,"50 - 59 Cm",IF(L6<70,"60 - 69 Cm",IF(L6<80,"70 - 79 Cm",IF(L6<90,"80 - 89 Cm",IF(L6<100,"90 - 99 Cm",IF(L6>99,"100 Cm Up")))))))) -> 30 - 39 Cm | U6: 45968 | V6: =VLOOKUP(A6,'Supply Log'!$E$6:$V$1999,18,FALSE) -> 45971 | W6: A01- | X6: NL | Y6: U01- | AA6: /25- | AB6: =W6&C6&B6&AA6&Y6&A6 -> A01-NL419/25-U01-199 | AC6: 199 | AD6: 1 | AE6: =IF(COUNTIF($B$2:$B$46837,B6)>1,"DOUBLE","") | AF6: 4.4 | AG6: 4.3 | AH6: 2.3 | AN6: =F6-AF6-AG6-AH6-AI6-AJ6-AK6-AL6-AM6 -> 0
A7: 200 | B7: 411 | C7: NL | D7: Ulin | E7: 1 | F7: 14.2 | G7: 38 | H7: 44 | I7: 30 | J7: 34 | K7: =+(G7+H7+I7+J7)/4 -> 36.5 | L7: =ROUND(K7,0) -> 37 | M7: =+ROUND((L7*L7*F7*0.7854)/10000,2) -> 1.53 | O7: =ROUND(((N7*N7*(F7-P7)*0.7854)/10000),2) -> 0 | P7: 0.5 | Q7: =+ROUND((L7*L7*P7*0.7854)/10000,2) -> 0.05 | R7: =+M7-O7-Q7 -> 1.48 | T7: =IF(L7<40,"30 - 39 Cm",IF(L7<50,"40 - 49 Cm",IF(L7<60,"50 - 59 Cm",IF(L7<70,"60 - 69 Cm",IF(L7<80,"70 - 79 Cm",IF(L7<90,"80 - 89 Cm",IF(L7<100,"90 - 99 Cm",IF(L7>99,"100 Cm Up")))))))) -> 30 - 39 Cm | U7: 45968 | V7: =VLOOKUP(A7,'Supply Log'!$E$6:$V$1999,18,FALSE) -> 45971 | W7: A01- | X7: NL | Y7: U01- | AA7: /25- | AB7: =W7&C7&B7&AA7&Y7&A7 -> A01-NL411/25-U01-200 | AC7: 200 | AD7: 2 | AE7: =IF(COUNTIF($B$2:$B$46837,B7)>1,"DOUBLE","") | AF7: 5 | AG7: 4.9 | AH7: 4.3 | AN7: =F7-AF7-AG7-AH7-AI7-AJ7-AK7-AL7-AM7 -> -8.8817842e-16
A8: 196 | B8: 425 | C8: NL | D8: Ulin | E8: 1 | F8: 6.6 | G8: 36 | H8: 40 | I8: 31 | J8: 35 | K8: =+(G8+H8+I8+J8)/4 -> 35.5 | L8: =ROUND(K8,0) -> 36 | M8: =+ROUND((L8*L8*F8*0.7854)/10000,2) -> 0.67 | O8: =ROUND(((N8*N8*(F8-P8)*0.7854)/10000),2) -> 0 | Q8: =+ROUND((L8*L8*P8*0.7854)/10000,2) -> 0 | R8: =+M8-O8-Q8 -> 0.67 | T8: =IF(L8<40,"30 - 39 Cm",IF(L8<50,"40 - 49 Cm",IF(L8<60,"50 - 59 Cm",IF(L8<70,"60 - 69 Cm",IF(L8<80,"70 - 79 Cm",IF(L8<90,"80 - 89 Cm",IF(L8<100,"90 - 99 Cm",IF(L8>99,"100 Cm Up")))))))) -> 30 - 39 Cm | U8: 45968 | V8: =VLOOKUP(A8,'Supply Log'!$E$6:$V$1999,18,FALSE) -> 45971 | W8: A01- | X8: NL | Y8: U01- | AA8: /25- | AB8: =W8&C8&B8&AA8&Y8&A8 -> A01-NL425/25-U01-196 | AC8: 196 | AD8: 3 | AE8: =IF(COUNTIF($B$2:$B$46837,B8)>1,"DOUBLE","") | AF8: 3.7 | AG8: 2.9 | AN8: =F8-AF8-AG8-AH8-AI8-AJ8-AK8-AL8-AM8 -> -4.4408921e-16
A9: 197 | B9: 404 | C9: NL | D9: Ulin | E9: 1 | F9: 11.5 | G9: 34 | H9: 38 | I9: 26 | J9: 31 | K9: =+(G9+H9+I9+J9)/4 -> 32.25 | L9: =ROUND(K9,0) -> 32 | M9: =+ROUND((L9*L9*F9*0.7854)/10000,2) -> 0.92 | O9: =ROUND(((N9*N9*(F9-P9)*0.7854)/10000),2) -> 0 | P9: 0.5 | Q9: =+ROUND((L9*L9*P9*0.7854)/10000,2) -> 0.04 | R9: =+M9-O9-Q9 -> 0.88 | T9: =IF(L9<40,"30 - 39 Cm",IF(L9<50,"40 - 49 Cm",IF(L9<60,"50 - 59 Cm",IF(L9<70,"60 - 69 Cm",IF(L9<80,"70 - 79 Cm",IF(L9<90,"80 - 89 Cm",IF(L9<100,"90 - 99 Cm",IF(L9>99,"100 Cm Up")))))))) -> 30 - 39 Cm | U9: 45968 | V9: =VLOOKUP(A9,'Supply Log'!$E$6:$V$1999,18,FALSE) -> 45971 | W9: A01- | X9: NL | Y9: U01- | AA9: /25- | AB9: =W9&C9&B9&AA9&Y9&A9 -> A01-NL404/25-U01-197 | AC9: 197 | AD9: 4 | AE9: =IF(COUNTIF($B$2:$B$46837,B9)>1,"DOUBLE","") | AF9: 4.4 | AG9: 4.1 | AH9: 3 | AN9: =F9-AF9-AG9-AH9-AI9-AJ9-AK9-AL9-AM9 -> 0
A10: 198 | B10: 921 | C10: NL | D10: Ulin | E10: 1 | F10: 9.1 | G10: 30 | H10: 32 | I10: 41 | J10: 47 | K10: =+(G10+H10+I10+J10)/4 -> 37.5 | L10: =ROUND(K10,0) -> 38 | M10: =+ROUND((L10*L10*F10*0.7854)/10000,2) -> 1.03 | O10: =ROUND(((N10*N10*(F10-P10)*0.7854)/10000),2) -> 0 | P10: 0.5 | Q10: =+ROUND((L10*L10*P10*0.7854)/10000,2) -> 0.06 | R10: =+M10-O10-Q10 -> 0.97 | T10: =IF(L10<40,"30 - 39 Cm",IF(L10<50,"40 - 49 Cm",IF(L10<60,"50 - 59 Cm",IF(L10<70,"60 - 69 Cm",IF(L10<80,"70 - 79 Cm",IF(L10<90,"80 - 89 Cm",IF(L10<100,"90 - 99 Cm",IF(L10>99,"100 Cm Up")))))))) -> 30 - 39 Cm | U10: 45968 | V10: =VLOOKUP(A10,'Supply Log'!$E$6:$V$1999,18,FALSE) -> 45971 | W10: A01- | X10: NL | Y10: U01- | AA10: /25- | AB10: =W10&C10&B10&AA10&Y10&A10 -> A01-NL921/25-U01-198 | AC10: 198 | AD10: 5 | AE10: =IF(COUNTIF($B$2:$B$46837,B10)>1,"DOUBLE","") | AF10: 2.7 | AG10: 3.3 | AH10: 3.1 | AN10: =F10-AF10-AG10-AH10-AI10-AJ10-AK10-AL10-AM10 -> -4.4408921e-16
A11: 195 | B11: 611 | C11: NL | D11: Ulin | E11: 1 | F11: 17.9 | G11: 26 | H11: 30 | I11: 48 | J11: 49 | K11: =+(G11+H11+I11+J11)/4 -> 38.25 | L11: =ROUND(K11,0) -> 38 | M11: =+ROUND((L11*L11*F11*0.7854)/10000,2) -> 2.03 | O11: =ROUND(((N11*N11*(F11-P11)*0.7854)/10000),2) -> 0 | P11: 1 | Q11: =+ROUND((L11*L11*P11*0.7854)/10000,2) -> 0.11 | R11: =+M11-O11-Q11 -> 1.92 | T11: =IF(L11<40,"30 - 39 Cm",IF(L11<50,"40 - 49 Cm",IF(L11<60,"50 - 59 Cm",IF(L11<70,"60 - 69 Cm",IF(L11<80,"70 - 79 Cm",IF(L11<90,"80 - 89 Cm",IF(L11<100,"90 - 99 Cm",IF(L11>99,"100 Cm Up")))))))) -> 30 - 39 Cm | U11: 45968 | V11: =VLOOKUP(A11,'Supply Log'!$E$6:$V$1999,18,FALSE) -> 45971 | W11: A01- | X11: NL | Y11: U01- | AA11: /25- | AB11: =W11&C11&B11&AA11&Y11&A11 -> A01-NL611/25-U01-195 | AC11: 195 | AD11: 6 | AE11: =IF(COUNTIF($B$2:$B$46837,B11)>1,"DOUBLE","") | AF11: 3.7 | AG11: 4.3 | AH11: 4.9 | AI11: 5 | AN11: =F11-AF11-AG11-AH11-AI11-AJ11-AK11-AL11-AM11 -> -1.7763568e-15
A12: 192 | B12: 430 | C12: NL | D12: Ulin | E12: 1 | F12: 11 | G12: 28 | H12: 31 | I12: 35 | J12: 40 | K12: =+(G12+H12+I12+J12)/4 -> 33.5 | L12: =ROUND(K12,0) -> 34 | M12: =+ROUND((L12*L12*F12*0.7854)/10000,2) -> 1 | O12: =ROUND(((N12*N12*(F12-P12)*0.7854)/10000),2) -> 0 | Q12: =+ROUND((L12*L12*P12*0.7854)/10000,2) -> 0 | R12: =+M12-O12-Q12 -> 1 | T12: =IF(L12<40,"30 - 39 Cm",IF(L12<50,"40 - 49 Cm",IF(L12<60,"50 - 59 Cm",IF(L12<70,"60 - 69 Cm",IF(L12<80,"70 - 79 Cm",IF(L12<90,"80 - 89 Cm",IF(L12<100,"90 - 99 Cm",IF(L12>99,"100 Cm Up")))))))) -> 30 - 39 Cm | U12: 45968 | V12: =VLOOKUP(A12,'Supply Log'!$E$6:$V$1999,18,FALSE) -> 45971 | W12: A01- | X12: NL | Y12: U01- | AA12: /25- | AB12: =W12&C12&B12&AA12&Y12&A12 -> A01-NL430/25-U01-192 | AC12: 192 | AD12: 7 | AE12: =IF(COUNTIF($B$2:$B$46837,B12)>1,"DOUBLE","") | AF12: 2.8 | AG12: 4.1 | AH12: 4.1 | AN12: =F12-AF12-AG12-AH12-AI12-AJ12-AK12-AL12-AM12 -> 0
A13: 193 | B13: 413 | C13: NL | D13: Ulin | E13: 1 | F13: 5.3 | G13: 35 | H13: 27 | I13: 26 | J13: 31 | K13: =+(G13+H13+I13+J13)/4 -> 29.75 | L13: =ROUND(K13,0) -> 30 | M13: =+ROUND((L13*L13*F13*0.7854)/10000,2) -> 0.37 | O13: =ROUND(((N13*N13*(F13-P13)*0.7854)/10000),2) -> 0 | P13: 0.5 | Q13: =+ROUND((L13*L13*P13*0.7854)/10000,2) -> 0.04 | R13: =+M13-O13-Q13 -> 0.33 | T13: =IF(L13<40,"30 - 39 Cm",IF(L13<50,"40 - 49 Cm",IF(L13<60,"50 - 59 Cm",IF(L13<70,"60 - 69 Cm",IF(L13<80,"70 - 79 Cm",IF(L13<90,"80 - 89 Cm",IF(L13<100,"90 - 99 Cm",IF(L13>99,"100 Cm Up")))))))) -> 30 - 39 Cm | U13: 45968 | V13: =VLOOKUP(A13,'Supply Log'!$E$6:$V$1999,18,FALSE) -> 45971 | W13: A01- | X13: NL | Y13: U01- | AA13: /25- | AB13: =W13&C13&B13&AA13&Y13&A13 -> A01-NL413/25-U01-193 | AC13: 193 | AD13: 8 | AE13: =IF(COUNTIF($B$2:$B$46837,B13)>1,"DOUBLE","") | AF13: 2.95 | AG13: 2.35 | AN13: =F13-AF13-AG13-AH13-AI13-AJ13-AK13-AL13-AM13 -> -4.4408921e-16
A14: 194 | B14: 454 | C14: NL | D14: Ulin | E14: 1 | F14: 8.8 | G14: 34 | H14: 31 | I14: 33 | J14: 39 | K14: =+(G14+H14+I14+J14)/4 -> 34.25 | L14: =ROUND(K14,0) -> 34 | M14: =+ROUND((L14*L14*F14*0.7854)/10000,2) -> 0.8 | O14: =ROUND(((N14*N14*(F14-P14)*0.7854)/10000),2) -> 0 | P14: 1 | Q14: =+ROUND((L14*L14*P14*0.7854)/10000,2) -> 0.09 | R14: =+M14-O14-Q14 -> 0.71 | T14: =IF(L14<40,"30 - 39 Cm",IF(L14<50,"40 - 49 Cm",IF(L14<60,"50 - 59 Cm",IF(L14<70,"60 - 69 Cm",IF(L14<80,"70 - 79 Cm",IF(L14<90,"80 - 89 Cm",IF(L14<100,"90 - 99 Cm",IF(L14>99,"100 Cm Up")))))))) -> 30 - 39 Cm | U14: 45968 | V14: =VLOOKUP(A14,'Supply Log'!$E$6:$V$1999,18,FALSE) -> 45971 | W14: A01- | X14: NL | Y14: U01- | AA14: /25- | AB14: =W14&C14&B14&AA14&Y14&A14 -> A01-NL454/25-U01-194 | AC14: 194 | AD14: 9 | AE14: =IF(COUNTIF($B$2:$B$46837,B14)>1,"DOUBLE","") | AF14: 2.8 | AG14: 3 | AH14: 3 | AN14: =F14-AF14-AG14-AH14-AI14-AJ14-AK14-AL14-AM14 -> 8.8817842e-16
A15: 189 | B15: 402 | C15: NL | D15: Ulin | E15: 1 | F15: 13.3 | G15: 27 | H15: 32 | I15: 36 | J15: 42 | K15: =+(G15+H15+I15+J15)/4 -> 34.25 | L15: =ROUND(K15,0) -> 34 | M15: =+ROUND((L15*L15*F15*0.7854)/10000,2) -> 1.21 | O15: =ROUND(((N15*N15*(F15-P15)*0.7854)/10000),2) -> 0 | P15: 0.5 | Q15: =+ROUND((L15*L15*P15*0.7854)/10000,2) -> 0.05 | R15: =+M15-O15-Q15 -> 1.16 | T15: =IF(L15<40,"30 - 39 Cm",IF(L15<50,"40 - 49 Cm",IF(L15<60,"50 - 59 Cm",IF(L15<70,"60 - 69 Cm",IF(L15<80,"70 - 79 Cm",IF(L15<90,"80 - 89 Cm",IF(L15<100,"90 - 99 Cm",IF(L15>99,"100 Cm Up")))))))) -> 30 - 39 Cm | U15: 45968 | V15: =VLOOKUP(A15,'Supply Log'!$E$6:$V$1999,18,FALSE) -> 45971 | W15: A01- | X15: NL | Y15: U01- | AA15: /25- | AB15: =W15&C15&B15&AA15&Y15&A15 -> A01-NL402/25-U01-189 | AC15: 189 | AD15: 10 | AE15: =IF(COUNTIF($B$2:$B$46837,B15)>1,"DOUBLE","") | AF15: 3.3 | AG15: 3.3 | AH15: 3.3 | AI15: 3.4 | AN15: =F15-AF15-AG15-AH15-AI15-AJ15-AK15-AL15-AM15 -> 4.4408921e-16
A16: 190 | B16: 428 | C16: NL | D16: Ulin | E16: 1 | F16: 7.5 | G16: 31 | H16: 39 | I16: 27 | J16: 38 | K16: =+(G16+H16+I16+J16)/4 -> 33.75 | L16: =ROUND(K16,0) -> 34 | M16: =+ROUND((L16*L16*F16*0.7854)/10000,2) -> 0.68 | O16: =ROUND(((N16*N16*(F16-P16)*0.7854)/10000),2) -> 0 | P16: 0.5 | Q16: =+ROUND((L16*L16*P16*0.7854)/10000,2) -> 0.05 | R16: =+M16-O16-Q16 -> 0.63 | T16: =IF(L16<40,"30 - 39 Cm",IF(L16<50,"40 - 49 Cm",IF(L16<60,"50 - 59 Cm",IF(L16<70,"60 - 69 Cm",IF(L16<80,"70 - 79 Cm",IF(L16<90,"80 - 89 Cm",IF(L16<100,"90 - 99 Cm",IF(L16>99,"100 Cm Up")))))))) -> 30 - 39 Cm | U16: 45968 | V16: =VLOOKUP(A16,'Supply Log'!$E$6:$V$1999,18,FALSE) -> 45971 | W16: A01- | X16: NL | Y16: U01- | AA16: /25- | AB16: =W16&C16&B16&AA16&Y16&A16 -> A01-NL428/25-U01-190 | AC16: 190 | AD16: 11 | AE16: =IF(COUNTIF($B$2:$B$46837,B16)>1,"DOUBLE","") | AF16: 2.2 | AG16: 3.1 | AH16: 2.2 | AN16: =F16-AF16-AG16-AH16-AI16-AJ16-AK16-AL16-AM16 -> -4.4408921e-16
A17: 191 | B17: 451 | C17: NL | D17: Ulin | E17: 1 | F17: 8.1 | G17: 36 | H17: 41 | I17: 28 | J17: 36 | K17: =+(G17+H17+I17+J17)/4 -> 35.25 | L17: =ROUND(K17,0) -> 35 | M17: =+ROUND((L17*L17*F17*0.7854)/10000,2) -> 0.78 | O17: =ROUND(((N17*N17*(F17-P17)*0.7854)/10000),2) -> 0 | Q17: =+ROUND((L17*L17*P17*0.7854)/10000,2) -> 0 | R17: =+M17-O17-Q17 -> 0.78 | T17: =IF(L17<40,"30 - 39 Cm",IF(L17<50,"40 - 49 Cm",IF(L17<60,"50 - 59 Cm",IF(L17<70,"60 - 69 Cm",IF(L17<80,"70 - 79 Cm",IF(L17<90,"80 - 89 Cm",IF(L17<100,"90 - 99 Cm",IF(L17>99,"100 Cm Up")))))))) -> 30 - 39 Cm | U17: 45968 | V17: =VLOOKUP(A17,'Supply Log'!$E$6:$V$1999,18,FALSE) -> 45971 | W17: A01- | X17: NL | Y17: U01- | AA17: /25- | AB17: =W17&C17&B17&AA17&Y17&A17 -> A01-NL451/25-U01-191 | AC17: 191 | AD17: 12 | AE17: =IF(COUNTIF($B$2:$B$46837,B17)>1,"DOUBLE","") | AF17: 4.05 | AG17: 4.05 | AN17: =F17-AF17-AG17-AH17-AI17-AJ17-AK17-AL17-AM17 -> 0
A18: 187 | B18: 453 | C18: NL | D18: Ulin | E18: 1 | F18: 13.3 | G18: 30 | H18: 35 | I18: 43 | J18: 44 | K18: =+(G18+H18+I18+J18)/4 -> 38 | L18: =ROUND(K18,0) -> 38 | M18: =+ROUND((L18*L18*F18*0.7854)/10000,2) -> 1.51 | O18: =ROUND(((N18*N18*(F18-P18)*0.7854)/10000),2) -> 0 | P18: 1.5 | Q18: =+ROUND((L18*L18*P18*0.7854)/10000,2) -> 0.17 | R18: =+M18-O18-Q18 -> 1.34 | T18: =IF(L18<40,"30 - 39 Cm",IF(L18<50,"40 - 49 Cm",IF(L18<60,"50 - 59 Cm",IF(L18<70,"60 - 69 Cm",IF(L18<80,"70 - 79 Cm",IF(L18<90,"80 - 89 Cm",IF(L18<100,"90 - 99 Cm",IF(L18>99,"100 Cm Up")))))))) -> 30 - 39 Cm | U18: 45968 | V18: =VLOOKUP(A18,'Supply Log'!$E$6:$V$1999,18,FALSE) -> 45971 | W18: A01- | X18: NL | Y18: U01- | AA18: /25- | AB18: =W18&C18&B18&AA18&Y18&A18 -> A01-NL453/25-U01-187 | AC18: 187 | AD18: 13 | AE18: =IF(COUNTIF($B$2:$B$46837,B18)>1,"DOUBLE","") | AF18: 2.2 | AG18: 3.7 | AH18: 4.3 | AI18: 3.1 | AN18: =F18-AF18-AG18-AH18-AI18-AJ18-AK18-AL18-AM18 -> 1.3322676e-15
A19: 188 | B19: 876 | C19: NL | D19: Ulin | E19: 1 | F19: 13 | G19: 28 | H19: 25 | I19: 31 | J19: 41 | K19: =+(G19+H19+I19+J19)/4 -> 31.25 | L19: =ROUND(K19,0) -> 31 | M19: =+ROUND((L19*L19*F19*0.7854)/10000,2) -> 0.98 | O19: =ROUND(((N19*N19*(F19-P19)*0.7854)/10000),2) -> 0 | P19: 0.5 | Q19: =+ROUND((L19*L19*P19*0.7854)/10000,2) -> 0.04 | R19: =+M19-O19-Q19 -> 0.94 | T19: =IF(L19<40,"30 - 39 Cm",IF(L19<50,"40 - 49 Cm",IF(L19<60,"50 - 59 Cm",IF(L19<70,"60 - 69 Cm",IF(L19<80,"70 - 79 Cm",IF(L19<90,"80 - 89 Cm",IF(L19<100,"90 - 99 Cm",IF(L19>99,"100 Cm Up")))))))) -> 30 - 39 Cm | U19: 45968 | V19: =VLOOKUP(A19,'Supply Log'!$E$6:$V$1999,18,FALSE) -> 45971 | W19: A01- | X19: NL | Y19: U01- | AA19: /25- | AB19: =W19&C19&B19&AA19&Y19&A19 -> A01-NL876/25-U01-188 | AC19: 188 | AD19: 14 | AE19: =IF(COUNTIF($B$2:$B$46837,B19)>1,"DOUBLE","") | AF19: 3 | AG19: 2.3 | AH19: 4.1 | AI19: 3.6 | AN19: =F19-AF19-AG19-AH19-AI19-AJ19-AK19-AL19-AM19 -> 4.4408921e-16
A20: 185 | B20: 423 | C20: NL | D20: Ulin | E20: 1 | F20: 9.9 | G20: 32 | H20: 38 | I20: 39 | J20: 44 | K20: =+(G20+H20+I20+J20)/4 -> 38.25 | L20: =ROUND(K20,0) -> 38 | M20: =+ROUND((L20*L20*F20*0.7854)/10000,2) -> 1.12 | O20: =ROUND(((N20*N20*(F20-P20)*0.7854)/10000),2) -> 0 | P20: 2.7 | Q20: =+ROUND((L20*L20*P20*0.7854)/10000,2) -> 0.31 | R20: =+M20-O20-Q20 -> 0.81 | T20: =IF(L20<40,"30 - 39 Cm",IF(L20<50,"40 - 49 Cm",IF(L20<60,"50 - 59 Cm",IF(L20<70,"60 - 69 Cm",IF(L20<80,"70 - 79 Cm",IF(L20<90,"80 - 89 Cm",IF(L20<100,"90 - 99 Cm",IF(L20>99,"100 Cm Up")))))))) -> 30 - 39 Cm | U20: 45968 | V20: =VLOOKUP(A20,'Supply Log'!$E$6:$V$1999,18,FALSE) -> 45971 | W20: A01- | X20: NL | Y20: U01- | AA20: /25- | AB20: =W20&C20&B20&AA20&Y20&A20 -> A01-NL423/25-U01-185 | AC20: 185 | AD20: 15 | AE20: =IF(COUNTIF($B$2:$B$46837,B20)>1,"DOUBLE","") | AF20: 3.3 | AG20: 3.3 | AH20: 3.3 | AN20: =F20-AF20-AG20-AH20-AI20-AJ20-AK20-AL20-AM20 -> 8.8817842e-16
A21: 186 | B21: 452 | C21: NL | D21: Ulin | E21: 1 | F21: 6.3 | G21: 30 | H21: 28 | I21: 34 | J21: 38 | K21: =+(G21+H21+I21+J21)/4 -> 32.5 | L21: =ROUND(K21,0) -> 33 | M21: =+ROUND((L21*L21*F21*0.7854)/10000,2) -> 0.54 | O21: =ROUND(((N21*N21*(F21-P21)*0.7854)/10000),2) -> 0 | Q21: =+ROUND((L21*L21*P21*0.7854)/10000,2) -> 0 | R21: =+M21-O21-Q21 -> 0.54 | T21: =IF(L21<40,"30 - 39 Cm",IF(L21<50,"40 - 49 Cm",IF(L21<60,"50 - 59 Cm",IF(L21<70,"60 - 69 Cm",IF(L21<80,"70 - 79 Cm",IF(L21<90,"80 - 89 Cm",IF(L21<100,"90 - 99 Cm",IF(L21>99,"100 Cm Up")))))))) -> 30 - 39 Cm | U21: 45968 | V21: =VLOOKUP(A21,'Supply Log'!$E$6:$V$1999,18,FALSE) -> 45971 | W21: A01- | X21: NL | Y21: U01- | AA21: /25- | AB21: =W21&C21&B21&AA21&Y21&A21 -> A01-NL452/25-U01-186 | AC21: 186 | AD21: 16 | AE21: =IF(COUNTIF($B$2:$B$46837,B21)>1,"DOUBLE","") | AF21: 3 | AG21: 3.3 | AN21: =F21-AF21-AG21-AH21-AI21-AJ21-AK21-AL21-AM21 -> 0
A22: 183 | B22: 487 | C22: NL | D22: Ulin | E22: 1 | F22: 6.5 | G22: 30 | H22: 33 | I22: 40 | J22: 41 | K22: =+(G22+H22+I22+J22)/4 -> 36 | L22: =ROUND(K22,0) -> 36 | M22: =+ROUND((L22*L22*F22*0.7854)/10000,2) -> 0.66 | O22: =ROUND(((N22*N22*(F22-P22)*0.7854)/10000),2) -> 0 | P22: 0.5 | Q22: =+ROUND((L22*L22*P22*0.7854)/10000,2) -> 0.05 | R22: =+M22-O22-Q22 -> 0.61 | T22: =IF(L22<40,"30 - 39 Cm",IF(L22<50,"40 - 49 Cm",IF(L22<60,"50 - 59 Cm",IF(L22<70,"60 - 69 Cm",IF(L22<80,"70 - 79 Cm",IF(L22<90,"80 - 89 Cm",IF(L22<100,"90 - 99 Cm",IF(L22>99,"100 Cm Up")))))))) -> 30 - 39 Cm | U22: 45968 | V22: =VLOOKUP(A22,'Supply Log'!$E$6:$V$1999,18,FALSE) -> 45971 | W22: A01- | X22: NL | Y22: U01- | AA22: /25- | AB22: =W22&C22&B22&AA22&Y22&A22 -> A01-NL487/25-U01-183 | AC22: 183 | AD22: 17 | AE22: =IF(COUNTIF($B$2:$B$46837,B22)>1,"DOUBLE","") | AF22: 3.25 | AG22: 3.25 | AN22: =F22-AF22-AG22-AH22-AI22-AJ22-AK22-AL22-AM22 -> 0
A23: 181 | B23: 920 | C23: NL | D23: Ulin | E23: 1 | F23: 10.9 | G23: 29 | H23: 37 | I23: 33 | J23: 45 | K23: =+(G23+H23+I23+J23)/4 -> 36 | L23: =ROUND(K23,0) -> 36 | M23: =+ROUND((L23*L23*F23*0.7854)/10000,2) -> 1.11 | O23: =ROUND(((N23*N23*(F23-P23)*0.7854)/10000),2) -> 0 | P23: 0.7 | Q23: =+ROUND((L23*L23*P23*0.7854)/10000,2) -> 0.07 | R23: =+M23-O23-Q23 -> 1.04 | T23: =IF(L23<40,"30 - 39 Cm",IF(L23<50,"40 - 49 Cm",IF(L23<60,"50 - 59 Cm",IF(L23<70,"60 - 69 Cm",IF(L23<80,"70 - 79 Cm",IF(L23<90,"80 - 89 Cm",IF(L23<100,"90 - 99 Cm",IF(L23>99,"100 Cm Up")))))))) -> 30 - 39 Cm | U23: 45968 | V23: =VLOOKUP(A23,'Supply Log'!$E$6:$V$1999,18,FALSE) -> 45971 | W23: A01- | X23: NL | Y23: U01- | AA23: /25- | AB23: =W23&C23&B23&AA23&Y23&A23 -> A01-NL920/25-U01-181 | AC23: 181 | AD23: 18 | AE23: =IF(COUNTIF($B$2:$B$46837,B23)>1,"DOUBLE","") | AF23: 3.3 | AG23: 4 | AH23: 3.6 | AN23: =F23-AF23-AG23-AH23-AI23-AJ23-AK23-AL23-AM23 -> 4.4408921e-16
A24: 182 | B24: 789 | C24: NL | D24: Ulin | E24: 1 | F24: 11.7 | G24: 41 | H24: 47 | I24: 31 | J24: 32 | K24: =+(G24+H24+I24+J24)/4 -> 37.75 | L24: =ROUND(K24,0) -> 38 | M24: =+ROUND((L24*L24*F24*0.7854)/10000,2) -> 1.33 | O24: =ROUND(((N24*N24*(F24-P24)*0.7854)/10000),2) -> 0 | P24: 0.8 | Q24: =+ROUND((L24*L24*P24*0.7854)/10000,2) -> 0.09 | R24: =+M24-O24-Q24 -> 1.24 | T24: =IF(L24<40,"30 - 39 Cm",IF(L24<50,"40 - 49 Cm",IF(L24<60,"50 - 59 Cm",IF(L24<70,"60 - 69 Cm",IF(L24<80,"70 - 79 Cm",IF(L24<90,"80 - 89 Cm",IF(L24<100,"90 - 99 Cm",IF(L24>99,"100 Cm Up")))))))) -> 30 - 39 Cm | U24: 45968 | V24: =VLOOKUP(A24,'Supply Log'!$E$6:$V$1999,18,FALSE) -> 45971 | W24: A01- | X24: NL | Y24: U01- | AA24: /25- | AB24: =W24&C24&B24&AA24&Y24&A24 -> A01-NL789/25-U01-182 | AC24: 182 | AD24: 19 | AE24: =IF(COUNTIF($B$2:$B$46837,B24)>1,"DOUBLE","") | AF24: 3.5 | AG24: 4.1 | AH24: 4.1 | AN24: =F24-AF24-AG24-AH24-AI24-AJ24-AK24-AL24-AM24 -> 0
A25: 184 | B25: 448 | C25: NL | D25: Ulin | E25: 1 | F25: 4.9 | G25: 30 | H25: 30 | I25: 33 | J25: 35 | K25: =+(G25+H25+I25+J25)/4 -> 32 | L25: =ROUND(K25,0) -> 32 | M25: =+ROUND((L25*L25*F25*0.7854)/10000,2) -> 0.39 | O25: =ROUND(((N25*N25*(F25-P25)*0.7854)/10000),2) -> 0 | Q25: =+ROUND((L25*L25*P25*0.7854)/10000,2) -> 0 | R25: =+M25-O25-Q25 -> 0.39 | T25: =IF(L25<40,"30 - 39 Cm",IF(L25<50,"40 - 49 Cm",IF(L25<60,"50 - 59 Cm",IF(L25<70,"60 - 69 Cm",IF(L25<80,"70 - 79 Cm",IF(L25<90,"80 - 89 Cm",IF(L25<100,"90 - 99 Cm",IF(L25>99,"100 Cm Up")))))))) -> 30 - 39 Cm | U25: 45968 | V25: =VLOOKUP(A25,'Supply Log'!$E$6:$V$1999,18,FALSE) -> 45971 | W25: A01- | X25: NL | Y25: U01- | AA25: /25- | AB25: =W25&C25&B25&AA25&Y25&A25 -> A01-NL448/25-U01-184 | AC25: 184 | AD25: 20 | AE25: =IF(COUNTIF($B$2:$B$46837,B25)>1,"DOUBLE","") | AF25: 4.9 | AN25: =F25-AF25-AG25-AH25-AI25-AJ25-AK25-AL25-AM25 -> 0
A26: 178 | B26: 446 | C26: NL | D26: Ulin | E26: 1 | F26: 5.7 | G26: 30 | H26: 34 | I26: 34 | J26: 39 | K26: =+(G26+H26+I26+J26)/4 -> 34.25 | L26: =ROUND(K26,0) -> 34 | M26: =+ROUND((L26*L26*F26*0.7854)/10000,2) -> 0.52 | O26: =ROUND(((N26*N26*(F26-P26)*0.7854)/10000),2) -> 0 | P26: 0.5 | Q26: =+ROUND((L26*L26*P26*0.7854)/10000,2) -> 0.05 | R26: =+M26-O26-Q26 -> 0.47 | T26: =IF(L26<40,"30 - 39 Cm",IF(L26<50,"40 - 49 Cm",IF(L26<60,"50 - 59 Cm",IF(L26<70,"60 - 69 Cm",IF(L26<80,"70 - 79 Cm",IF(L26<90,"80 - 89 Cm",IF(L26<100,"90 - 99 Cm",IF(L26>99,"100 Cm Up")))))))) -> 30 - 39 Cm | U26: 45968 | V26: =VLOOKUP(A26,'Supply Log'!$E$6:$V$1999,18,FALSE) -> 45971 | W26: A01- | X26: NL | Y26: U01- | AA26: /25- | AB26: =W26&C26&B26&AA26&Y26&A26 -> A01-NL446/25-U01-178 | AC26: 178 | AD26: 21 | AE26: =IF(COUNTIF($B$2:$B$46837,B26)>1,"DOUBLE","") | AF26: 2.95 | AG26: 2.75 | AN26: =F26-AF26-AG26-AH26-AI26-AJ26-AK26-AL26-AM26 -> 0
A27: 179 | B27: 462 | C27: NL | D27: Ulin | E27: 1 | F27: 6 | G27: 27 | H27: 34 | I27: 33 | J27: 40 | K27: =+(G27+H27+I27+J27)/4 -> 33.5 | L27: =ROUND(K27,0) -> 34 | M27: =+ROUND((L27*L27*F27*0.7854)/10000,2) -> 0.54 | O27: =ROUND(((N27*N27*(F27-P27)*0.7854)/10000),2) -> 0 | P27: 0.5 | Q27: =+ROUND((L27*L27*P27*0.7854)/10000,2) -> 0.05 | R27: =+M27-O27-Q27 -> 0.49 | T27: =IF(L27<40,"30 - 39 Cm",IF(L27<50,"40 - 49 Cm",IF(L27<60,"50 - 59 Cm",IF(L27<70,"60 - 69 Cm",IF(L27<80,"70 - 79 Cm",IF(L27<90,"80 - 89 Cm",IF(L27<100,"90 - 99 Cm",IF(L27>99,"100 Cm Up")))))))) -> 30 - 39 Cm | U27: 45968 | V27: =VLOOKUP(A27,'Supply Log'!$E$6:$V$1999,18,FALSE) -> 45971 | W27: A01- | X27: NL | Y27: U01- | AA27: /25- | AB27: =W27&C27&B27&AA27&Y27&A27 -> A01-NL462/25-U01-179 | AC27: 179 | AD27: 22 | AE27: =IF(COUNTIF($B$2:$B$46837,B27)>1,"DOUBLE","") | AF27: 3 | AG27: 3 | AN27: =F27-AF27-AG27-AH27-AI27-AJ27-AK27-AL27-AM27 -> 0
A28: 175 | B28: 435 | C28: NL | D28: Ulin | E28: 1 | F28: 9.9 | G28: 26 | H28: 26 | I28: 36 | J28: 38 | K28: =+(G28+H28+I28+J28)/4 -> 31.5 | L28: =ROUND(K28,0) -> 32 | M28: =+ROUND((L28*L28*F28*0.7854)/10000,2) -> 0.8 | O28: =ROUND(((N28*N28*(F28-P28)*0.7854)/10000),2) -> 0 | P28: 1 | Q28: =+ROUND((L28*L28*P28*0.7854)/10000,2) -> 0.08 | R28: =+M28-O28-Q28 -> 0.72 | T28: =IF(L28<40,"30 - 39 Cm",IF(L28<50,"40 - 49 Cm",IF(L28<60,"50 - 59 Cm",IF(L28<70,"60 - 69 Cm",IF(L28<80,"70 - 79 Cm",IF(L28<90,"80 - 89 Cm",IF(L28<100,"90 - 99 Cm",IF(L28>99,"100 Cm Up")))))))) -> 30 - 39 Cm | U28: 45968 | V28: =VLOOKUP(A28,'Supply Log'!$E$6:$V$1999,18,FALSE) -> 45971 | W28: A01- | X28: NL | Y28: U01- | AA28: /25- | AB28: =W28&C28&B28&AA28&Y28&A28 -> A01-NL435/25-U01-175 | AC28: 175 | AD28: 23 | AE28: =IF(COUNTIF($B$2:$B$46837,B28)>1,"DOUBLE","") | AF28: 3.1 | AG28: 3.7 | AH28: 3.1 | AN28: =F28-AF28-AG28-AH28-AI28-AJ28-AK28-AL28-AM28 -> 4.4408921e-16
A29: 176 | B29: 436 | C29: NL | D29: Ulin | E29: 1 | F29: 9 | G29: 25 | H29: 26 | I29: 29 | J29: 35 | K29: =+(G29+H29+I29+J29)/4 -> 28.75 | L29: =ROUND(K29,0) -> 29 | M29: =+ROUND((L29*L29*F29*0.7854)/10000,2) -> 0.59 | O29: =ROUND(((N29*N29*(F29-P29)*0.7854)/10000),2) -> 0 | Q29: =+ROUND((L29*L29*P29*0.7854)/10000,2) -> 0 | R29: =+M29-O29-Q29 -> 0.59 | T29: =IF(L29<40,"30 - 39 Cm",IF(L29<50,"40 - 49 Cm",IF(L29<60,"50 - 59 Cm",IF(L29<70,"60 - 69 Cm",IF(L29<80,"70 - 79 Cm",IF(L29<90,"80 - 89 Cm",IF(L29<100,"90 - 99 Cm",IF(L29>99,"100 Cm Up")))))))) -> 30 - 39 Cm | U29: 45968 | V29: =VLOOKUP(A29,'Supply Log'!$E$6:$V$1999,18,FALSE) -> 45971 | W29: A01- | X29: NL | Y29: U01- | AA29: /25- | AB29: =W29&C29&B29&AA29&Y29&A29 -> A01-NL436/25-U01-176 | AC29: 176 | AD29: 24 | AE29: =IF(COUNTIF($B$2:$B$46837,B29)>1,"DOUBLE","") | AF29: 2.95 | AG29: 2.95 | AH29: 3.1 | AN29: =F29-AF29-AG29-AH29-AI29-AJ29-AK29-AL29-AM29 -> -4.4408921e-16
A30: 177 | B30: 438 | C30: NL | D30: Ulin | E30: 1 | F30: 11.2 | G30: 41 | H30: 40 | I30: 21 | J30: 29 | K30: =+(G30+H30+I30+J30)/4 -> 32.75 | L30: =ROUND(K30,0) -> 33 | M30: =+ROUND((L30*L30*F30*0.7854)/10000,2) -> 0.96 | O30: =ROUND(((N30*N30*(F30-P30)*0.7854)/10000),2) -> 0 | P30: 1.5 | Q30: =+ROUND((L30*L30*P30*0.7854)/10000,2) -> 0.13 | R30: =+M30-O30-Q30 -> 0.83 | T30: =IF(L30<40,"30 - 39 Cm",IF(L30<50,"40 - 49 Cm",IF(L30<60,"50 - 59 Cm",IF(L30<70,"60 - 69 Cm",IF(L30<80,"70 - 79 Cm",IF(L30<90,"80 - 89 Cm",IF(L30<100,"90 - 99 Cm",IF(L30>99,"100 Cm Up")))))))) -> 30 - 39 Cm | U30: 45968 | V30: =VLOOKUP(A30,'Supply Log'!$E$6:$V$1999,18,FALSE) -> 45971 | W30: A01- | X30: NL | Y30: U01- | AA30: /25- | AB30: =W30&C30&B30&AA30&Y30&A30 -> A01-NL438/25-U01-177 | AC30: 177 | AD30: 25 | AE30: =IF(COUNTIF($B$2:$B$46837,B30)>1,"DOUBLE","") | AF30: 3.2 | AG30: 4.1 | AH30: 3.9 | AN30: =F30-AF30-AG30-AH30-AI30-AJ30-AK30-AL30-AM30 -> -4.4408921e-16
A31: 172 | B31: 449 | C31: NL | D31: Ulin | E31: 1 | F31: 14.3 | G31: 45 | H31: 43 | I31: 26 | J31: 26 | K31: =+(G31+H31+I31+J31)/4 -> 35 | L31: =ROUND(K31,0) -> 35 | M31: =+ROUND((L31*L31*F31*0.7854)/10000,2) -> 1.38 | O31: =ROUND(((N31*N31*(F31-P31)*0.7854)/10000),2) -> 0 | P31: 0.3 | Q31: =+ROUND((L31*L31*P31*0.7854)/10000,2) -> 0.03 | R31: =+M31-O31-Q31 -> 1.35 | T31: =IF(L31<40,"30 - 39 Cm",IF(L31<50,"40 - 49 Cm",IF(L31<60,"50 - 59 Cm",IF(L31<70,"60 - 69 Cm",IF(L31<80,"70 - 79 Cm",IF(L31<90,"80 - 89 Cm",IF(L31<100,"90 - 99 Cm",IF(L31>99,"100 Cm Up")))))))) -> 30 - 39 Cm | U31: 45968 | V31: =VLOOKUP(A31,'Supply Log'!$E$6:$V$1999,18,FALSE) -> 45971 | W31: A01- | X31: NL | Y31: U01- | AA31: /25- | AB31: =W31&C31&B31&AA31&Y31&A31 -> A01-NL449/25-U01-172 | AC31: 172 | AD31: 26 | AE31: =IF(COUNTIF($B$2:$B$46837,B31)>1,"DOUBLE","") | AF31: 4.3 | AG31: 3.3 | AH31: 3.3 | AI31: 3.4 | AN31: =F31-AF31-AG31-AH31-AI31-AJ31-AK31-AL31-AM31 -> 4.4408921e-16
A32: 173 | B32: 465 | C32: NL | D32: Ulin | E32: 1 | F32: 9.4 | G32: 34 | H32: 31 | I32: 36 | J32: 39 | K32: =+(G32+H32+I32+J32)/4 -> 35 | L32: =ROUND(K32,0) -> 35 | M32: =+ROUND((L32*L32*F32*0.7854)/10000,2) -> 0.9 | O32: =ROUND(((N32*N32*(F32-P32)*0.7854)/10000),2) -> 0 | P32: 1.5 | Q32: =+ROUND((L32*L32*P32*0.7854)/10000,2) -> 0.14 | R32: =+M32-O32-Q32 -> 0.76 | T32: =IF(L32<40,"30 - 39 Cm",IF(L32<50,"40 - 49 Cm",IF(L32<60,"50 - 59 Cm",IF(L32<70,"60 - 69 Cm",IF(L32<80,"70 - 79 Cm",IF(L32<90,"80 - 89 Cm",IF(L32<100,"90 - 99 Cm",IF(L32>99,"100 Cm Up")))))))) -> 30 - 39 Cm | U32: 45968 | V32: =VLOOKUP(A32,'Supply Log'!$E$6:$V$1999,18,FALSE) -> 45971 | W32: A01- | X32: NL | Y32: U01- | AA32: /25- | AB32: =W32&C32&B32&AA32&Y32&A32 -> A01-NL465/25-U01-173 | AC32: 173 | AD32: 27 | AE32: =IF(COUNTIF($B$2:$B$46837,B32)>1,"DOUBLE","") | AF32: 2.9 | AG32: 4.3 | AH32: 2.2 | AN32: =F32-AF32-AG32-AH32-AI32-AJ32-AK32-AL32-AM32 -> 0
A33: 174 | B33: 426 | C33: NL | D33: Ulin | E33: 1 | F33: 9.5 | G33: 31 | H33: 31 | I33: 40 | J33: 43 | K33: =+(G33+H33+I33+J33)/4 -> 36.25 | L33: =ROUND(K33,0) -> 36 | M33: =+ROUND((L33*L33*F33*0.7854)/10000,2) -> 0.97 | O33: =ROUND(((N33*N33*(F33-P33)*0.7854)/10000),2) -> 0 | P33: 1 | Q33: =+ROUND((L33*L33*P33*0.7854)/10000,2) -> 0.1 | R33: =+M33-O33-Q33 -> 0.87 | T33: =IF(L33<40,"30 - 39 Cm",IF(L33<50,"40 - 49 Cm",IF(L33<60,"50 - 59 Cm",IF(L33<70,"60 - 69 Cm",IF(L33<80,"70 - 79 Cm",IF(L33<90,"80 - 89 Cm",IF(L33<100,"90 - 99 Cm",IF(L33>99,"100 Cm Up")))))))) -> 30 - 39 Cm | U33: 45968 | V33: =VLOOKUP(A33,'Supply Log'!$E$6:$V$1999,18,FALSE) -> 45971 | W33: A01- | X33: NL | Y33: U01- | AA33: /25- | AB33: =W33&C33&B33&AA33&Y33&A33 -> A01-NL426/25-U01-174 | AC33: 174 | AD33: 28 | AE33: =IF(COUNTIF($B$2:$B$46837,B33)>1,"DOUBLE","") | AF33: 4.75 | AG33: 4.75 | AN33: =F33-AF33-AG33-AH33-AI33-AJ33-AK33-AL33-AM33 -> 0
A34: 170 | B34: 464 | C34: NL | D34: Ulin | E34: 1 | F34: 8.1 | G34: 43 | H34: 43 | I34: 33 | J34: 38 | K34: =+(G34+H34+I34+J34)/4 -> 39.25 | L34: =ROUND(K34,0) -> 39 | M34: =+ROUND((L34*L34*F34*0.7854)/10000,2) -> 0.97 | O34: =ROUND(((N34*N34*(F34-P34)*0.7854)/10000),2) -> 0 | P34: 1 | Q34: =+ROUND((L34*L34*P34*0.7854)/10000,2) -> 0.12 | R34: =+M34-O34-Q34 -> 0.85 | T34: =IF(L34<40,"30 - 39 Cm",IF(L34<50,"40 - 49 Cm",IF(L34<60,"50 - 59 Cm",IF(L34<70,"60 - 69 Cm",IF(L34<80,"70 - 79 Cm",IF(L34<90,"80 - 89 Cm",IF(L34<100,"90 - 99 Cm",IF(L34>99,"100 Cm Up")))))))) -> 30 - 39 Cm | U34: 45968 | V34: =VLOOKUP(A34,'Supply Log'!$E$6:$V$1999,18,FALSE) -> 45971 | W34: A01- | X34: NL | Y34: U01- | AA34: /25- | AB34: =W34&C34&B34&AA34&Y34&A34 -> A01-NL464/25-U01-170 | AC34: 170 | AD34: 29 | AE34: =IF(COUNTIF($B$2:$B$46837,B34)>1,"DOUBLE","") | AF34: 4.05 | AG34: 4.05 | AN34: =F34-AF34-AG34-AH34-AI34-AJ34-AK34-AL34-AM34 -> 0
A35: 171 | B35: 447 | C35: NL | D35: Ulin | E35: 1 | F35: 8.9 | G35: 36 | H35: 45 | I35: 36 | J35: 39 | K35: =+(G35+H35+I35+J35)/4 -> 39 | L35: =ROUND(K35,0) -> 39 | M35: =+ROUND((L35*L35*F35*0.7854)/10000,2) -> 1.06 | O35: =ROUND(((N35*N35*(F35-P35)*0.7854)/10000),2) -> 0 | P35: 0.5 | Q35: =+ROUND((L35*L35*P35*0.7854)/10000,2) -> 0.06 | R35: =+M35-O35-Q35 -> 1 | T35: =IF(L35<40,"30 - 39 Cm",IF(L35<50,"40 - 49 Cm",IF(L35<60,"50 - 59 Cm",IF(L35<70,"60 - 69 Cm",IF(L35<80,"70 - 79 Cm",IF(L35<90,"80 - 89 Cm",IF(L35<100,"90 - 99 Cm",IF(L35>99,"100 Cm Up")))))))) -> 30 - 39 Cm | U35: 45968 | V35: =VLOOKUP(A35,'Supply Log'!$E$6:$V$1999,18,FALSE) -> 45971 | W35: A01- | X35: NL | Y35: U01- | AA35: /25- | AB35: =W35&C35&B35&AA35&Y35&A35 -> A01-NL447/25-U01-171 | AC35: 171 | AD35: 30 | AE35: =IF(COUNTIF($B$2:$B$46837,B35)>1,"DOUBLE","") | AF35: 3.05 | AG35: 2.95 | AH35: 2.9 | AN35: =F35-AF35-AG35-AH35-AI35-AJ35-AK35-AL35-AM35 -> 4.4408921e-16
A36: 1 | B36: 564 | C36: NL | D36: Ulin | E36: 1 | F36: 17.8 | G36: 60 | H36: 67 | I36: 44 | J36: 50 | K36: =+(G36+H36+I36+J36)/4 -> 55.25 | L36: =ROUND(K36,0) -> 55 | M36: =+ROUND((L36*L36*F36*0.7854)/10000,2) -> 4.23 | O36: =ROUND(((N36*N36*(F36-P36)*0.7854)/10000),2) -> 0 | P36: 1 | Q36: =+ROUND((L36*L36*P36*0.7854)/10000,2) -> 0.24 | R36: =+M36-O36-Q36 -> 3.99 | T36: =IF(L36<40,"30 - 39 Cm",IF(L36<50,"40 - 49 Cm",IF(L36<60,"50 - 59 Cm",IF(L36<70,"60 - 69 Cm",IF(L36<80,"70 - 79 Cm",IF(L36<90,"80 - 89 Cm",IF(L36<100,"90 - 99 Cm",IF(L36>99,"100 Cm Up")))))))) -> 50 - 59 Cm | U36: 45967 | V36: =VLOOKUP(A36,'Supply Log'!$E$6:$V$1999,18,FALSE) -> #N/A | W36: A01- | X36: NL | Y36: U01- | Z36: 00 | AA36: /25- | AB36: =W36&C36&B36&AA36&Y36&A36 -> A01-NL564/25-U01-1 | AE36: =IF(COUNTIF($B$2:$B$46837,B36)>1,"DOUBLE","") | AN36: =F36-AF36-AG36-AH36-AI36-AJ36-AK36-AL36-AM36 -> 17.8
A37: 2 | B37: 696 | C37: NL | D37: Ulin | E37: 1 | F37: 9.1 | G37: 64 | H37: 67 | I37: 57 | J37: 63 | K37: =+(G37+H37+I37+J37)/4 -> 62.75 | L37: =ROUND(K37,0) -> 63 | M37: =+ROUND((L37*L37*F37*0.7854)/10000,2) -> 2.84 | O37: =ROUND(((N37*N37*(F37-P37)*0.7854)/10000),2) -> 0 | P37: 1 | Q37: =+ROUND((L37*L37*P37*0.7854)/10000,2) -> 0.31 | R37: =+M37-O37-Q37 -> 2.53 | T37: =IF(L37<40,"30 - 39 Cm",IF(L37<50,"40 - 49 Cm",IF(L37<60,"50 - 59 Cm",IF(L37<70,"60 - 69 Cm",IF(L37<80,"70 - 79 Cm",IF(L37<90,"80 - 89 Cm",IF(L37<100,"90 - 99 Cm",IF(L37>99,"100 Cm Up")))))))) -> 60 - 69 Cm | U37: 45967 | V37: =VLOOKUP(A37,'Supply Log'!$E$6:$V$1999,18,FALSE) -> #N/A | W37: A01- | X37: NL | Y37: U01- | Z37: 00 | AA37: /25- | AB37: =W37&C37&B37&AA37&Y37&A37 -> A01-NL696/25-U01-2 | AE37: =IF(COUNTIF($B$2:$B$46837,B37)>1,"DOUBLE","") | AN37: =F37-AF37-AG37-AH37-AI37-AJ37-AK37-AL37-AM37 -> 9.1
A38: 3 | B38: 554 | C38: NL | D38: Ulin | E38: 1 | F38: 7.9 | G38: 60 | H38: 64 | I38: 63 | J38: 68 | K38: =+(G38+H38+I38+J38)/4 -> 63.75 | L38: =ROUND(K38,0) -> 64 | M38: =+ROUND((L38*L38*F38*0.7854)/10000,2) -> 2.54 | O38: =ROUND(((N38*N38*(F38-P38)*0.7854)/10000),2) -> 0 | P38: 0.5 | Q38: =+ROUND((L38*L38*P38*0.7854)/10000,2) -> 0.16 | R38: =+M38-O38-Q38 -> 2.38 | T38: =IF(L38<40,"30 - 39 Cm",IF(L38<50,"40 - 49 Cm",IF(L38<60,"50 - 59 Cm",IF(L38<70,"60 - 69 Cm",IF(L38<80,"70 - 79 Cm",IF(L38<90,"80 - 89 Cm",IF(L38<100,"90 - 99 Cm",IF(L38>99,"100 Cm Up")))))))) -> 60 - 69 Cm | U38: 45967 | V38: =VLOOKUP(A38,'Supply Log'!$E$6:$V$1999,18,FALSE) -> #N/A | W38: A01- | X38: NL | Y38: U01- | Z38: 00 | AA38: /25- | AB38: =W38&C38&B38&AA38&Y38&A38 -> A01-NL554/25-U01-3 | AE38: =IF(COUNTIF($B$2:$B$46837,B38)>1,"DOUBLE","") | AN38: =F38-AF38-AG38-AH38-AI38-AJ38-AK38-AL38-AM38 -> 7.9
A39: 4 | B39: 558 | C39: NL | D39: Ulin | E39: 1 | F39: 11.4 | G39: 51 | H39: 52 | I39: 45 | J39: 50 | K39: =+(G39+H39+I39+J39)/4 -> 49.5 | L39: =ROUND(K39,0) -> 50 | M39: =+ROUND((L39*L39*F39*0.7854)/10000,2) -> 2.24 | O39: =ROUND(((N39*N39*(F39-P39)*0.7854)/10000),2) -> 0 | P39: 0.5 | Q39: =+ROUND((L39*L39*P39*0.7854)/10000,2) -> 0.1 | R39: =+M39-O39-Q39 -> 2.14 | T39: =IF(L39<40,"30 - 39 Cm",IF(L39<50,"40 - 49 Cm",IF(L39<60,"50 - 59 Cm",IF(L39<70,"60 - 69 Cm",IF(L39<80,"70 - 79 Cm",IF(L39<90,"80 - 89 Cm",IF(L39<100,"90 - 99 Cm",IF(L39>99,"100 Cm Up")))))))) -> 50 - 59 Cm | U39: 45967 | V39: =VLOOKUP(A39,'Supply Log'!$E$6:$V$1999,18,FALSE) -> #N/A | W39: A01- | X39: NL | Y39: U01- | Z39: 00 | AA39: /25- | AB39: =W39&C39&B39&AA39&Y39&A39 -> A01-NL558/25-U01-4 | AE39: =IF(COUNTIF($B$2:$B$46837,B39)>1,"DOUBLE","") | AN39: =F39-AF39-AG39-AH39-AI39-AJ39-AK39-AL39-AM39 -> 11.4
A40: 5 | B40: 603 | C40: NL | D40: Ulin | E40: 1 | F40: 8.2 | G40: 47 | H40: 50 | I40: 48 | J40: 59 | K40: =+(G40+H40+I40+J40)/4 -> 51 | L40: =ROUND(K40,0) -> 51 | M40: =+ROUND((L40*L40*F40*0.7854)/10000,2) -> 1.68 | O40: =ROUND(((N40*N40*(F40-P40)*0.7854)/10000),2) -> 0 | P40: 1 | Q40: =+ROUND((L40*L40*P40*0.7854)/10000,2) -> 0.2 | R40: =+M40-O40-Q40 -> 1.48 | T40: =IF(L40<40,"30 - 39 Cm",IF(L40<50,"40 - 49 Cm",IF(L40<60,"50 - 59 Cm",IF(L40<70,"60 - 69 Cm",IF(L40<80,"70 - 79 Cm",IF(L40<90,"80 - 89 Cm",IF(L40<100,"90 - 99 Cm",IF(L40>99,"100 Cm Up")))))))) -> 50 - 59 Cm | U40: 45967 | V40: =VLOOKUP(A40,'Supply Log'!$E$6:$V$1999,18,FALSE) -> #N/A | W40: A01- | X40: NL | Y40: U01- | Z40: 00 | AA40: /25- | AB40: =W40&C40&B40&AA40&Y40&A40 -> A01-NL603/25-U01-5 | AE40: =IF(COUNTIF($B$2:$B$46837,B40)>1,"DOUBLE","") | AN40: =F40-AF40-AG40-AH40-AI40-AJ40-AK40-AL40-AM40 -> 8.2
A41: 6 | B41: 610 | C41: NL | D41: Ulin | E41: 1 | F41: 6.1 | G41: 47 | H41: 62 | I41: 44 | J41: 53 | K41: =+(G41+H41+I41+J41)/4 -> 51.5 | L41: =ROUND(K41,0) -> 52 | M41: =+ROUND((L41*L41*F41*0.7854)/10000,2) -> 1.3 | O41: =ROUND(((N41*N41*(F41-P41)*0.7854)/10000),2) -> 0 | P41: 1 | Q41: =+ROUND((L41*L41*P41*0.7854)/10000,2) -> 0.21 | R41: =+M41-O41-Q41 -> 1.09 | T41: =IF(L41<40,"30 - 39 Cm",IF(L41<50,"40 - 49 Cm",IF(L41<60,"50 - 59 Cm",IF(L41<70,"60 - 69 Cm",IF(L41<80,"70 - 79 Cm",IF(L41<90,"80 - 89 Cm",IF(L41<100,"90 - 99 Cm",IF(L41>99,"100 Cm Up")))))))) -> 50 - 59 Cm | U41: 45967 | V41: =VLOOKUP(A41,'Supply Log'!$E$6:$V$1999,18,FALSE) -> #N/A | W41: A01- | X41: NL | Y41: U01- | Z41: 00 | AA41: /25- | AB41: =W41&C41&B41&AA41&Y41&A41 -> A01-NL610/25-U01-6 | AE41: =IF(COUNTIF($B$2:$B$46837,B41)>1,"DOUBLE","") | AN41: =F41-AF41-AG41-AH41-AI41-AJ41-AK41-AL41-AM41 -> 6.1
A42: 7 | B42: 559 | C42: NL | D42: Ulin | E42: 1 | F42: 8.7 | G42: 46 | H42: 64 | I42: 62 | J42: 64 | K42: =+(G42+H42+I42+J42)/4 -> 59 | L42: =ROUND(K42,0) -> 59 | M42: =+ROUND((L42*L42*F42*0.7854)/10000,2) -> 2.38 | O42: =ROUND(((N42*N42*(F42-P42)*0.7854)/10000),2) -> 0 | P42: 0.5 | Q42: =+ROUND((L42*L42*P42*0.7854)/10000,2) -> 0.14 | R42: =+M42-O42-Q42 -> 2.24 | T42: =IF(L42<40,"30 - 39 Cm",IF(L42<50,"40 - 49 Cm",IF(L42<60,"50 - 59 Cm",IF(L42<70,"60 - 69 Cm",IF(L42<80,"70 - 79 Cm",IF(L42<90,"80 - 89 Cm",IF(L42<100,"90 - 99 Cm",IF(L42>99,"100 Cm Up")))))))) -> 50 - 59 Cm | U42: 45967 | V42: =VLOOKUP(A42,'Supply Log'!$E$6:$V$1999,18,FALSE) -> #N/A | W42: A01- | X42: NL | Y42: U01- | Z42: 00 | AA42: /25- | AB42: =W42&C42&B42&AA42&Y42&A42 -> A01-NL559/25-U01-7 | AE42: =IF(COUNTIF($B$2:$B$46837,B42)>1,"DOUBLE","") | AN42: =F42-AF42-AG42-AH42-AI42-AJ42-AK42-AL42-AM42 -> 8.7
A43: 8 | B43: 510 | C43: NL | D43: Ulin | E43: 1 | F43: 8 | G43: 37 | H43: 48 | I43: 57 | J43: 60 | K43: =+(G43+H43+I43+J43)/4 -> 50.5 | L43: =ROUND(K43,0) -> 51 | M43: =+ROUND((L43*L43*F43*0.7854)/10000,2) -> 1.63 | O43: =ROUND(((N43*N43*(F43-P43)*0.7854)/10000),2) -> 0 | P43: 0.5 | Q43: =+ROUND((L43*L43*P43*0.7854)/10000,2) -> 0.1 | R43: =+M43-O43-Q43 -> 1.53 | T43: =IF(L43<40,"30 - 39 Cm",IF(L43<50,"40 - 49 Cm",IF(L43<60,"50 - 59 Cm",IF(L43<70,"60 - 69 Cm",IF(L43<80,"70 - 79 Cm",IF(L43<90,"80 - 89 Cm",IF(L43<100,"90 - 99 Cm",IF(L43>99,"100 Cm Up")))))))) -> 50 - 59 Cm | U43: 45967 | V43: =VLOOKUP(A43,'Supply Log'!$E$6:$V$1999,18,FALSE) -> #N/A | W43: A01- | X43: NL | Y43: U01- | Z43: 00 | AA43: /25- | AB43: =W43&C43&B43&AA43&Y43&A43 -> A01-NL510/25-U01-8 | AE43: =IF(COUNTIF($B$2:$B$46837,B43)>1,"DOUBLE","") | AN43: =F43-AF43-AG43-AH43-AI43-AJ43-AK43-AL43-AM43 -> 8
A44: 9 | B44: 602 | C44: NL | D44: Ulin | E44: 1 | F44: 6.6 | G44: 51 | H44: 52 | I44: 48 | J44: 50 | K44: =+(G44+H44+I44+J44)/4 -> 50.25 | L44: =ROUND(K44,0) -> 50 | M44: =+ROUND((L44*L44*F44*0.7854)/10000,2) -> 1.3 | O44: =ROUND(((N44*N44*(F44-P44)*0.7854)/10000),2) -> 0 | P44: 0.5 | Q44: =+ROUND((L44*L44*P44*0.7854)/10000,2) -> 0.1 | R44: =+M44-O44-Q44 -> 1.2 | T44: =IF(L44<40,"30 - 39 Cm",IF(L44<50,"40 - 49 Cm",IF(L44<60,"50 - 59 Cm",IF(L44<70,"60 - 69 Cm",IF(L44<80,"70 - 79 Cm",IF(L44<90,"80 - 89 Cm",IF(L44<100,"90 - 99 Cm",IF(L44>99,"100 Cm Up")))))))) -> 50 - 59 Cm | U44: 45967 | V44: =VLOOKUP(A44,'Supply Log'!$E$6:$V$1999,18,FALSE) -> #N/A | W44: A01- | X44: NL | Y44: U01- | Z44: 00 | AA44: /25- | AB44: =W44&C44&B44&AA44&Y44&A44 -> A01-NL602/25-U01-9 | AE44: =IF(COUNTIF($B$2:$B$46837,B44)>1,"DOUBLE","") | AN44: =F44-AF44-AG44-AH44-AI44-AJ44-AK44-AL44-AM44 -> 6.6
A45: 10 | B45: 474 | C45: NL | D45: Ulin | E45: 1 | F45: 15.3 | G45: 64 | H45: 71 | I45: 71 | J45: 80 | K45: =+(G45+H45+I45+J45)/4 -> 71.5 | L45: =ROUND(K45,0) -> 72 | M45: =+ROUND((L45*L45*F45*0.7854)/10000,2) -> 6.23 | O45: =ROUND(((N45*N45*(F45-P45)*0.7854)/10000),2) -> 0 | Q45: =+ROUND((L45*L45*P45*0.7854)/10000,2) -> 0 | R45: =+M45-O45-Q45 -> 6.23 | T45: =IF(L45<40,"30 - 39 Cm",IF(L45<50,"40 - 49 Cm",IF(L45<60,"50 - 59 Cm",IF(L45<70,"60 - 69 Cm",IF(L45<80,"70 - 79 Cm",IF(L45<90,"80 - 89 Cm",IF(L45<100,"90 - 99 Cm",IF(L45>99,"100 Cm Up")))))))) -> 70 - 79 Cm | U45: 45967 | V45: =VLOOKUP(A45,'Supply Log'!$E$6:$V$1999,18,FALSE) -> #N/A | W45: A01- | X45: NL | Y45: U01- | Z45: 0 | AA45: /25- | AB45: =W45&C45&B45&AA45&Y45&A45 -> A01-NL474/25-U01-10 | AE45: =IF(COUNTIF($B$2:$B$46837,B45)>1,"DOUBLE","") | AN45: =F45-AF45-AG45-AH45-AI45-AJ45-AK45-AL45-AM45 -> 15.3
A46: 11 | B46: 459 | C46: NL | D46: Ulin | E46: 1 | F46: 13 | G46: 80 | H46: 91 | I46: 50 | J46: 60 | K46: =+(G46+H46+I46+J46)/4 -> 70.25 | L46: =ROUND(K46,0) -> 70 | M46: =+ROUND((L46*L46*F46*0.7854)/10000,2) -> 5 | O46: =ROUND(((N46*N46*(F46-P46)*0.7854)/10000),2) -> 0 | Q46: =+ROUND((L46*L46*P46*0.7854)/10000,2) -> 0 | R46: =+M46-O46-Q46 -> 5 | T46: =IF(L46<40,"30 - 39 Cm",IF(L46<50,"40 - 49 Cm",IF(L46<60,"50 - 59 Cm",IF(L46<70,"60 - 69 Cm",IF(L46<80,"70 - 79 Cm",IF(L46<90,"80 - 89 Cm",IF(L46<100,"90 - 99 Cm",IF(L46>99,"100 Cm Up")))))))) -> 70 - 79 Cm | U46: 45967 | V46: =VLOOKUP(A46,'Supply Log'!$E$6:$V$1999,18,FALSE) -> #N/A | W46: A01- | X46: NL | Y46: U01- | Z46: 0 | AA46: /25- | AB46: =W46&C46&B46&AA46&Y46&A46 -> A01-NL459/25-U01-11 | AE46: =IF(COUNTIF($B$2:$B$46837,B46)>1,"DOUBLE","") | AN46: =F46-AF46-AG46-AH46-AI46-AJ46-AK46-AL46-AM46 -> 13
A47: 12 | B47: 491 | C47: NL | D47: Ulin | E47: 1 | F47: 15 | G47: 41 | H47: 42 | I47: 54 | J47: 62 | K47: =+(G47+H47+I47+J47)/4 -> 49.75 | L47: =ROUND(K47,0) -> 50 | M47: =+ROUND((L47*L47*F47*0.7854)/10000,2) -> 2.95 | O47: =ROUND(((N47*N47*(F47-P47)*0.7854)/10000),2) -> 0 | Q47: =+ROUND((L47*L47*P47*0.7854)/10000,2) -> 0 | R47: =+M47-O47-Q47 -> 2.95 | T47: =IF(L47<40,"30 - 39 Cm",IF(L47<50,"40 - 49 Cm",IF(L47<60,"50 - 59 Cm",IF(L47<70,"60 - 69 Cm",IF(L47<80,"70 - 79 Cm",IF(L47<90,"80 - 89 Cm",IF(L47<100,"90 - 99 Cm",IF(L47>99,"100 Cm Up")))))))) -> 50 - 59 Cm | U47: 45967 | V47: =VLOOKUP(A47,'Supply Log'!$E$6:$V$1999,18,FALSE) -> #N/A | W47: A01- | X47: NL | Y47: U01- | Z47: 0 | AA47: /25- | AB47: =W47&C47&B47&AA47&Y47&A47 -> A01-NL491/25-U01-12 | AE47: =IF(COUNTIF($B$2:$B$46837,B47)>1,"DOUBLE","") | AN47: =F47-AF47-AG47-AH47-AI47-AJ47-AK47-AL47-AM47 -> 15
A48: 13 | B48: 383 | C48: NL | D48: Ulin | E48: 1 | F48: 11 | G48: 39 | H48: 51 | I48: 51 | J48: 65 | K48: =+(G48+H48+I48+J48)/4 -> 51.5 | L48: =ROUND(K48,0) -> 52 | M48: =+ROUND((L48*L48*F48*0.7854)/10000,2) -> 2.34 | O48: =ROUND(((N48*N48*(F48-P48)*0.7854)/10000),2) -> 0 | Q48: =+ROUND((L48*L48*P48*0.7854)/10000,2) -> 0 | R48: =+M48-O48-Q48 -> 2.34 | T48: =IF(L48<40,"30 - 39 Cm",IF(L48<50,"40 - 49 Cm",IF(L48<60,"50 - 59 Cm",IF(L48<70,"60 - 69 Cm",IF(L48<80,"70 - 79 Cm",IF(L48<90,"80 - 89 Cm",IF(L48<100,"90 - 99 Cm",IF(L48>99,"100 Cm Up")))))))) -> 50 - 59 Cm | U48: 45967 | V48: =VLOOKUP(A48,'Supply Log'!$E$6:$V$1999,18,FALSE) -> #N/A | W48: A01- | X48: NL | Y48: U01- | Z48: 0 | AA48: /25- | AB48: =W48&C48&B48&AA48&Y48&A48 -> A01-NL383/25-U01-13 | AE48: =IF(COUNTIF($B$2:$B$46837,B48)>1,"DOUBLE","") | AN48: =F48-AF48-AG48-AH48-AI48-AJ48-AK48-AL48-AM48 -> 11
A49: 14 | B49: 475 | C49: NL | D49: Ulin | E49: 1 | F49: 8.8 | G49: 58 | H49: 67 | I49: 42 | J49: 56 | K49: =+(G49+H49+I49+J49)/4 -> 55.75 | L49: =ROUND(K49,0) -> 56 | M49: =+ROUND((L49*L49*F49*0.7854)/10000,2) -> 2.17 | O49: =ROUND(((N49*N49*(F49-P49)*0.7854)/10000),2) -> 0 | P49: 1.5 | Q49: =+ROUND((L49*L49*P49*0.7854)/10000,2) -> 0.37 | R49: =+M49-O49-Q49 -> 1.8 | T49: =IF(L49<40,"30 - 39 Cm",IF(L49<50,"40 - 49 Cm",IF(L49<60,"50 - 59 Cm",IF(L49<70,"60 - 69 Cm",IF(L49<80,"70 - 79 Cm",IF(L49<90,"80 - 89 Cm",IF(L49<100,"90 - 99 Cm",IF(L49>99,"100 Cm Up")))))))) -> 50 - 59 Cm | U49: 45967 | V49: =VLOOKUP(A49,'Supply Log'!$E$6:$V$1999,18,FALSE) -> #N/A | W49: A01- | X49: NL | Y49: U01- | Z49: 0 | AA49: /25- | AB49: =W49&C49&B49&AA49&Y49&A49 -> A01-NL475/25-U01-14 | AE49: =IF(COUNTIF($B$2:$B$46837,B49)>1,"DOUBLE","") | AN49: =F49-AF49-AG49-AH49-AI49-AJ49-AK49-AL49-AM49 -> 8.8
A50: 15 | B50: 663 | C50: NL | D50: Ulin | E50: 1 | F50: 11.1 | G50: 44 | H50: 47 | I50: 38 | J50: 39 | K50: =+(G50+H50+I50+J50)/4 -> 42 | L50: =ROUND(K50,0) -> 42 | M50: =+ROUND((L50*L50*F50*0.7854)/10000,2) -> 1.54 | O50: =ROUND(((N50*N50*(F50-P50)*0.7854)/10000),2) -> 0 | P50: 1 | Q50: =+ROUND((L50*L50*P50*0.7854)/10000,2) -> 0.14 | R50: =+M50-O50-Q50 -> 1.4 | T50: =IF(L50<40,"30 - 39 Cm",IF(L50<50,"40 - 49 Cm",IF(L50<60,"50 - 59 Cm",IF(L50<70,"60 - 69 Cm",IF(L50<80,"70 - 79 Cm",IF(L50<90,"80 - 89 Cm",IF(L50<100,"90 - 99 Cm",IF(L50>99,"100 Cm Up")))))))) -> 40 - 49 Cm | U50: 45967 | V50: =VLOOKUP(A50,'Supply Log'!$E$6:$V$1999,18,FALSE) -> #N/A | W50: A01- | X50: NL | Y50: U01- | Z50: 0 | AA50: /25- | AB50: =W50&C50&B50&AA50&Y50&A50 -> A01-NL663/25-U01-15 | AE50: =IF(COUNTIF($B$2:$B$46837,B50)>1,"DOUBLE","") | AN50: =F50-AF50-AG50-AH50-AI50-AJ50-AK50-AL50-AM50 -> 11.1
A51: 16 | B51: 588 | C51: NL | D51: Ulin | E51: 1 | F51: 12.7 | G51: 26 | H51: 30 | I51: 41 | J51: 44 | K51: =+(G51+H51+I51+J51)/4 -> 35.25 | L51: =ROUND(K51,0) -> 35 | M51: =+ROUND((L51*L51*F51*0.7854)/10000,2) -> 1.22 | O51: =ROUND(((N51*N51*(F51-P51)*0.7854)/10000),2) -> 0 | P51: 1 | Q51: =+ROUND((L51*L51*P51*0.7854)/10000,2) -> 0.1 | R51: =+M51-O51-Q51 -> 1.12 | T51: =IF(L51<40,"30 - 39 Cm",IF(L51<50,"40 - 49 Cm",IF(L51<60,"50 - 59 Cm",IF(L51<70,"60 - 69 Cm",IF(L51<80,"70 - 79 Cm",IF(L51<90,"80 - 89 Cm",IF(L51<100,"90 - 99 Cm",IF(L51>99,"100 Cm Up")))))))) -> 30 - 39 Cm | U51: 45967 | V51: =VLOOKUP(A51,'Supply Log'!$E$6:$V$1999,18,FALSE) -> #N/A | W51: A01- | X51: NL | Y51: U01- | Z51: 0 | AA51: /25- | AB51: =W51&C51&B51&AA51&Y51&A51 -> A01-NL588/25-U01-16 | AE51: =IF(COUNTIF($B$2:$B$46837,B51)>1,"DOUBLE","") | AN51: =F51-AF51-AG51-AH51-AI51-AJ51-AK51-AL51-AM51 -> 12.7
A52: 17 | B52: 593 | C52: NL | D52: Ulin | E52: 1 | F52: 10 | G52: 28 | H52: 30 | I52: 36 | J52: 40 | K52: =+(G52+H52+I52+J52)/4 -> 33.5 | L52: =ROUND(K52,0) -> 34 | M52: =+ROUND((L52*L52*F52*0.7854)/10000,2) -> 0.91 | O52: =ROUND(((N52*N52*(F52-P52)*0.7854)/10000),2) -> 0 | Q52: =+ROUND((L52*L52*P52*0.7854)/10000,2) -> 0 | R52: =+M52-O52-Q52 -> 0.91 | T52: =IF(L52<40,"30 - 39 Cm",IF(L52<50,"40 - 49 Cm",IF(L52<60,"50 - 59 Cm",IF(L52<70,"60 - 69 Cm",IF(L52<80,"70 - 79 Cm",IF(L52<90,"80 - 89 Cm",IF(L52<100,"90 - 99 Cm",IF(L52>99,"100 Cm Up")))))))) -> 30 - 39 Cm | U52: 45967 | V52: =VLOOKUP(A52,'Supply Log'!$E$6:$V$1999,18,FALSE) -> #N/A | W52: A01- | X52: NL | Y52: U01- | Z52: 0 | AA52: /25- | AB52: =W52&C52&B52&AA52&Y52&A52 -> A01-NL593/25-U01-17 | AE52: =IF(COUNTIF($B$2:$B$46837,B52)>1,"DOUBLE","") | AN52: =F52-AF52-AG52-AH52-AI52-AJ52-AK52-AL52-AM52 -> 10
A53: 18 | B53: 623 | C53: NL | D53: Ulin | E53: 1 | F53: 12.1 | G53: 44 | H53: 49 | I53: 34 | J53: 35 | K53: =+(G53+H53+I53+J53)/4 -> 40.5 | L53: =ROUND(K53,0) -> 41 | M53: =+ROUND((L53*L53*F53*0.7854)/10000,2) -> 1.6 | O53: =ROUND(((N53*N53*(F53-P53)*0.7854)/10000),2) -> 0 | P53: 1.5 | Q53: =+ROUND((L53*L53*P53*0.7854)/10000,2) -> 0.2 | R53: =+M53-O53-Q53 -> 1.4 | T53: =IF(L53<40,"30 - 39 Cm",IF(L53<50,"40 - 49 Cm",IF(L53<60,"50 - 59 Cm",IF(L53<70,"60 - 69 Cm",IF(L53<80,"70 - 79 Cm",IF(L53<90,"80 - 89 Cm",IF(L53<100,"90 - 99 Cm",IF(L53>99,"100 Cm Up")))))))) -> 40 - 49 Cm | U53: 45967 | V53: =VLOOKUP(A53,'Supply Log'!$E$6:$V$1999,18,FALSE) -> #N/A | W53: A01- | X53: NL | Y53: U01- | Z53: 0 | AA53: /25- | AB53: =W53&C53&B53&AA53&Y53&A53 -> A01-NL623/25-U01-18 | AE53: =IF(COUNTIF($B$2:$B$46837,B53)>1,"DOUBLE","") | AN53: =F53-AF53-AG53-AH53-AI53-AJ53-AK53-AL53-AM53 -> 12.1
A54: 19 | B54: 632 | C54: NL | D54: Ulin | E54: 1 | F54: 4.5 | G54: 42 | H54: 48 | I54: 50 | J54: 51 | K54: =+(G54+H54+I54+J54)/4 -> 47.75 | L54: =ROUND(K54,0) -> 48 | M54: =+ROUND((L54*L54*F54*0.7854)/10000,2) -> 0.81 | O54: =ROUND(((N54*N54*(F54-P54)*0.7854)/10000),2) -> 0 | P54: 1 | Q54: =+ROUND((L54*L54*P54*0.7854)/10000,2) -> 0.18 | R54: =+M54-O54-Q54 -> 0.63 | T54: =IF(L54<40,"30 - 39 Cm",IF(L54<50,"40 - 49 Cm",IF(L54<60,"50 - 59 Cm",IF(L54<70,"60 - 69 Cm",IF(L54<80,"70 - 79 Cm",IF(L54<90,"80 - 89 Cm",IF(L54<100,"90 - 99 Cm",IF(L54>99,"100 Cm Up")))))))) -> 40 - 49 Cm | U54: 45967 | V54: =VLOOKUP(A54,'Supply Log'!$E$6:$V$1999,18,FALSE) -> #N/A | W54: A01- | X54: NL | Y54: U01- | Z54: 0 | AA54: /25- | AB54: =W54&C54&B54&AA54&Y54&A54 -> A01-NL632/25-U01-19 | AE54: =IF(COUNTIF($B$2:$B$46837,B54)>1,"DOUBLE","") | AN54: =F54-AF54-AG54-AH54-AI54-AJ54-AK54-AL54-AM54 -> 4.5
A55: 20 | B55: 618 | C55: NL | D55: Ulin | E55: 1 | F55: 8.7 | G55: 42 | H55: 50 | I55: 29 | J55: 33 | K55: =+(G55+H55+I55+J55)/4 -> 38.5 | L55: =ROUND(K55,0) -> 39 | M55: =+ROUND((L55*L55*F55*0.7854)/10000,2) -> 1.04 | O55: =ROUND(((N55*N55*(F55-P55)*0.7854)/10000),2) -> 0 | Q55: =+ROUND((L55*L55*P55*0.7854)/10000,2) -> 0 | R55: =+M55-O55-Q55 -> 1.04 | T55: =IF(L55<40,"30 - 39 Cm",IF(L55<50,"40 - 49 Cm",IF(L55<60,"50 - 59 Cm",IF(L55<70,"60 - 69 Cm",IF(L55<80,"70 - 79 Cm",IF(L55<90,"80 - 89 Cm",IF(L55<100,"90 - 99 Cm",IF(L55>99,"100 Cm Up")))))))) -> 30 - 39 Cm | U55: 45967 | V55: =VLOOKUP(A55,'Supply Log'!$E$6:$V$1999,18,FALSE) -> #N/A | W55: A01- | X55: NL | Y55: U01- | Z55: 0 | AA55: /25- | AB55: =W55&C55&B55&AA55&Y55&A55 -> A01-NL618/25-U01-20 | AE55: =IF(COUNTIF($B$2:$B$46837,B55)>1,"DOUBLE","") | AN55: =F55-AF55-AG55-AH55-AI55-AJ55-AK55-AL55-AM55 -> 8.7
A56: 21 | B56: 617 | C56: NL | D56: Ulin | E56: 1 | F56: 6.8 | G56: 30 | H56: 35 | I56: 36 | J56: 37 | K56: =+(G56+H56+I56+J56)/4 -> 34.5 | L56: =ROUND(K56,0) -> 35 | M56: =+ROUND((L56*L56*F56*0.7854)/10000,2) -> 0.65 | O56: =ROUND(((N56*N56*(F56-P56)*0.7854)/10000),2) -> 0 | P56: 0.5 | Q56: =+ROUND((L56*L56*P56*0.7854)/10000,2) -> 0.05 | R56: =+M56-O56-Q56 -> 0.6 | T56: =IF(L56<40,"30 - 39 Cm",IF(L56<50,"40 - 49 Cm",IF(L56<60,"50 - 59 Cm",IF(L56<70,"60 - 69 Cm",IF(L56<80,"70 - 79 Cm",IF(L56<90,"80 - 89 Cm",IF(L56<100,"90 - 99 Cm",IF(L56>99,"100 Cm Up")))))))) -> 30 - 39 Cm | U56: 45967 | V56: =VLOOKUP(A56,'Supply Log'!$E$6:$V$1999,18,FALSE) -> #N/A | W56: A01- | X56: NL | Y56: U01- | Z56: 0 | AA56: /25- | AB56: =W56&C56&B56&AA56&Y56&A56 -> A01-NL617/25-U01-21 | AE56: =IF(COUNTIF($B$2:$B$46837,B56)>1,"DOUBLE","") | AN56: =F56-AF56-AG56-AH56-AI56-AJ56-AK56-AL56-AM56 -> 6.8
A57: 22 | B57: 561 | C57: NL | D57: Ulin | E57: 1 | F57: 10.6 | G57: 28 | H57: 33 | I57: 40 | J57: 45 | K57: =+(G57+H57+I57+J57)/4 -> 36.5 | L57: =ROUND(K57,0) -> 37 | M57: =+ROUND((L57*L57*F57*0.7854)/10000,2) -> 1.14 | O57: =ROUND(((N57*N57*(F57-P57)*0.7854)/10000),2) -> 0 | Q57: =+ROUND((L57*L57*P57*0.7854)/10000,2) -> 0 | R57: =+M57-O57-Q57 -> 1.14 | T57: =IF(L57<40,"30 - 39 Cm",IF(L57<50,"40 - 49 Cm",IF(L57<60,"50 - 59 Cm",IF(L57<70,"60 - 69 Cm",IF(L57<80,"70 - 79 Cm",IF(L57<90,"80 - 89 Cm",IF(L57<100,"90 - 99 Cm",IF(L57>99,"100 Cm Up")))))))) -> 30 - 39 Cm | U57: 45967 | V57: =VLOOKUP(A57,'Supply Log'!$E$6:$V$1999,18,FALSE) -> #N/A | W57: A01- | X57: NL | Y57: U01- | Z57: 0 | AA57: /25- | AB57: =W57&C57&B57&AA57&Y57&A57 -> A01-NL561/25-U01-22 | AE57: =IF(COUNTIF($B$2:$B$46837,B57)>1,"DOUBLE","") | AN57: =F57-AF57-AG57-AH57-AI57-AJ57-AK57-AL57-AM57 -> 10.6
A58: 23 | B58: 560 | C58: NL | D58: Ulin | E58: 1 | F58: 10.2 | G58: 30 | H58: 36 | I58: 35 | J58: 44 | K58: =+(G58+H58+I58+J58)/4 -> 36.25 | L58: =ROUND(K58,0) -> 36 | M58: =+ROUND((L58*L58*F58*0.7854)/10000,2) -> 1.04 | O58: =ROUND(((N58*N58*(F58-P58)*0.7854)/10000),2) -> 0 | P58: 0.5 | Q58: =+ROUND((L58*L58*P58*0.7854)/10000,2) -> 0.05 | R58: =+M58-O58-Q58 -> 0.99 | T58: =IF(L58<40,"30 - 39 Cm",IF(L58<50,"40 - 49 Cm",IF(L58<60,"50 - 59 Cm",IF(L58<70,"60 - 69 Cm",IF(L58<80,"70 - 79 Cm",IF(L58<90,"80 - 89 Cm",IF(L58<100,"90 - 99 Cm",IF(L58>99,"100 Cm Up")))))))) -> 30 - 39 Cm | U58: 45967 | V58: =VLOOKUP(A58,'Supply Log'!$E$6:$V$1999,18,FALSE) -> #N/A | W58: A01- | X58: NL | Y58: U01- | Z58: 0 | AA58: /25- | AB58: =W58&C58&B58&AA58&Y58&A58 -> A01-NL560/25-U01-23 | AE58: =IF(COUNTIF($B$2:$B$46837,B58)>1,"DOUBLE","") | AN58: =F58-AF58-AG58-AH58-AI58-AJ58-AK58-AL58-AM58 -> 10.2
A59: 24 | B59: 784 | C59: NL | D59: Ulin | E59: 1 | F59: 10.3 | G59: 36 | H59: 37 | I59: 24 | J59: 27 | K59: =+(G59+H59+I59+J59)/4 -> 31 | L59: =ROUND(K59,0) -> 31 | M59: =+ROUND((L59*L59*F59*0.7854)/10000,2) -> 0.78 | O59: =ROUND(((N59*N59*(F59-P59)*0.7854)/10000),2) -> 0 | Q59: =+ROUND((L59*L59*P59*0.7854)/10000,2) -> 0 | R59: =+M59-O59-Q59 -> 0.78 | T59: =IF(L59<40,"30 - 39 Cm",IF(L59<50,"40 - 49 Cm",IF(L59<60,"50 - 59 Cm",IF(L59<70,"60 - 69 Cm",IF(L59<80,"70 - 79 Cm",IF(L59<90,"80 - 89 Cm",IF(L59<100,"90 - 99 Cm",IF(L59>99,"100 Cm Up")))))))) -> 30 - 39 Cm | U59: 45967 | V59: =VLOOKUP(A59,'Supply Log'!$E$6:$V$1999,18,FALSE) -> #N/A | W59: A01- | X59: NL | Y59: U01- | Z59: 0 | AA59: /25- | AB59: =W59&C59&B59&AA59&Y59&A59 -> A01-NL784/25-U01-24 | AE59: =IF(COUNTIF($B$2:$B$46837,B59)>1,"DOUBLE","") | AN59: =F59-AF59-AG59-AH59-AI59-AJ59-AK59-AL59-AM59 -> 10.3
A60: 25 | B60: 572 | C60: NL | D60: Ulin | E60: 1 | F60: 11.3 | G60: 28 | H60: 29 | I60: 41 | J60: 41 | K60: =+(G60+H60+I60+J60)/4 -> 34.75 | L60: =ROUND(K60,0) -> 35 | M60: =+ROUND((L60*L60*F60*0.7854)/10000,2) -> 1.09 | O60: =ROUND(((N60*N60*(F60-P60)*0.7854)/10000),2) -> 0 | P60: 0.5 | Q60: =+ROUND((L60*L60*P60*0.7854)/10000,2) -> 0.05 | R60: =+M60-O60-Q60 -> 1.04 | T60: =IF(L60<40,"30 - 39 Cm",IF(L60<50,"40 - 49 Cm",IF(L60<60,"50 - 59 Cm",IF(L60<70,"60 - 69 Cm",IF(L60<80,"70 - 79 Cm",IF(L60<90,"80 - 89 Cm",IF(L60<100,"90 - 99 Cm",IF(L60>99,"100 Cm Up")))))))) -> 30 - 39 Cm | U60: 45967 | V60: =VLOOKUP(A60,'Supply Log'!$E$6:$V$1999,18,FALSE) -> #N/A | W60: A01- | X60: NL | Y60: U01- | Z60: 0 | AA60: /25- | AB60: =W60&C60&B60&AA60&Y60&A60 -> A01-NL572/25-U01-25 | AE60: =IF(COUNTIF($B$2:$B$46837,B60)>1,"DOUBLE","") | AN60: =F60-AF60-AG60-AH60-AI60-AJ60-AK60-AL60-AM60 -> 11.3
A61: 26 | B61: 653 | C61: NL | D61: Ulin | E61: 1 | F61: 10.1 | G61: 30 | H61: 32 | I61: 39 | J61: 46 | K61: =+(G61+H61+I61+J61)/4 -> 36.75 | L61: =ROUND(K61,0) -> 37 | M61: =+ROUND((L61*L61*F61*0.7854)/10000,2) -> 1.09 | O61: =ROUND(((N61*N61*(F61-P61)*0.7854)/10000),2) -> 0 | P61: 1 | Q61: =+ROUND((L61*L61*P61*0.7854)/10000,2) -> 0.11 | R61: =+M61-O61-Q61 -> 0.98 | T61: =IF(L61<40,"30 - 39 Cm",IF(L61<50,"40 - 49 Cm",IF(L61<60,"50 - 59 Cm",IF(L61<70,"60 - 69 Cm",IF(L61<80,"70 - 79 Cm",IF(L61<90,"80 - 89 Cm",IF(L61<100,"90 - 99 Cm",IF(L61>99,"100 Cm Up")))))))) -> 30 - 39 Cm | U61: 45967 | V61: =VLOOKUP(A61,'Supply Log'!$E$6:$V$1999,18,FALSE) -> #N/A | W61: A01- | X61: NL | Y61: U01- | Z61: 0 | AA61: /25- | AB61: =W61&C61&B61&AA61&Y61&A61 -> A01-NL653/25-U01-26 | AE61: =IF(COUNTIF($B$2:$B$46837,B61)>1,"DOUBLE","") | AN61: =F61-AF61-AG61-AH61-AI61-AJ61-AK61-AL61-AM61 -> 10.1
A62: 27 | B62: 644 | C62: NL | D62: Ulin | E62: 1 | F62: 11.8 | G62: 49 | H62: 50 | I62: 34 | J62: 35 | K62: =+(G62+H62+I62+J62)/4 -> 42 | L62: =ROUND(K62,0) -> 42 | M62: =+ROUND((L62*L62*F62*0.7854)/10000,2) -> 1.63 | O62: =ROUND(((N62*N62*(F62-P62)*0.7854)/10000),2) -> 0 | Q62: =+ROUND((L62*L62*P62*0.7854)/10000,2) -> 0 | R62: =+M62-O62-Q62 -> 1.63 | T62: =IF(L62<40,"30 - 39 Cm",IF(L62<50,"40 - 49 Cm",IF(L62<60,"50 - 59 Cm",IF(L62<70,"60 - 69 Cm",IF(L62<80,"70 - 79 Cm",IF(L62<90,"80 - 89 Cm",IF(L62<100,"90 - 99 Cm",IF(L62>99,"100 Cm Up")))))))) -> 40 - 49 Cm | U62: 45967 | V62: =VLOOKUP(A62,'Supply Log'!$E$6:$V$1999,18,FALSE) -> #N/A | W62: A01- | X62: NL | Y62: U01- | Z62: 0 | AA62: /25- | AB62: =W62&C62&B62&AA62&Y62&A62 -> A01-NL644/25-U01-27 | AE62: =IF(COUNTIF($B$2:$B$46837,B62)>1,"DOUBLE","") | AN62: =F62-AF62-AG62-AH62-AI62-AJ62-AK62-AL62-AM62 -> 11.8
A63: 28 | B63: 607 | C63: NL | D63: Ulin | E63: 1 | F63: 8.1 | G63: 41 | H63: 42 | I63: 34 | J63: 39 | K63: =+(G63+H63+I63+J63)/4 -> 39 | L63: =ROUND(K63,0) -> 39 | M63: =+ROUND((L63*L63*F63*0.7854)/10000,2) -> 0.97 | O63: =ROUND(((N63*N63*(F63-P63)*0.7854)/10000),2) -> 0 | Q63: =+ROUND((L63*L63*P63*0.7854)/10000,2) -> 0 | R63: =+M63-O63-Q63 -> 0.97 | T63: =IF(L63<40,"30 - 39 Cm",IF(L63<50,"40 - 49 Cm",IF(L63<60,"50 - 59 Cm",IF(L63<70,"60 - 69 Cm",IF(L63<80,"70 - 79 Cm",IF(L63<90,"80 - 89 Cm",IF(L63<100,"90 - 99 Cm",IF(L63>99,"100 Cm Up")))))))) -> 30 - 39 Cm | U63: 45967 | V63: =VLOOKUP(A63,'Supply Log'!$E$6:$V$1999,18,FALSE) -> #N/A | W63: A01- | X63: NL | Y63: U01- | Z63: 0 | AA63: /25- | AB63: =W63&C63&B63&AA63&Y63&A63 -> A01-NL607/25-U01-28 | AE63: =IF(COUNTIF($B$2:$B$46837,B63)>1,"DOUBLE","") | AN63: =F63-AF63-AG63-AH63-AI63-AJ63-AK63-AL63-AM63 -> 8.1
A64: 29 | B64: 571 | C64: NL | D64: Ulin | E64: 1 | F64: 9.1 | G64: 32 | H64: 37 | I64: 29 | J64: 32 | K64: =+(G64+H64+I64+J64)/4 -> 32.5 | L64: =ROUND(K64,0) -> 33 | M64: =+ROUND((L64*L64*F64*0.7854)/10000,2) -> 0.78 | O64: =ROUND(((N64*N64*(F64-P64)*0.7854)/10000),2) -> 0 | Q64: =+ROUND((L64*L64*P64*0.7854)/10000,2) -> 0 | R64: =+M64-O64-Q64 -> 0.78 | T64: =IF(L64<40,"30 - 39 Cm",IF(L64<50,"40 - 49 Cm",IF(L64<60,"50 - 59 Cm",IF(L64<70,"60 - 69 Cm",IF(L64<80,"70 - 79 Cm",IF(L64<90,"80 - 89 Cm",IF(L64<100,"90 - 99 Cm",IF(L64>99,"100 Cm Up")))))))) -> 30 - 39 Cm | U64: 45967 | V64: =VLOOKUP(A64,'Supply Log'!$E$6:$V$1999,18,FALSE) -> #N/A | W64: A01- | X64: NL | Y64: U01- | Z64: 0 | AA64: /25- | AB64: =W64&C64&B64&AA64&Y64&A64 -> A01-NL571/25-U01-29 | AE64: =IF(COUNTIF($B$2:$B$46837,B64)>1,"DOUBLE","") | AN64: =F64-AF64-AG64-AH64-AI64-AJ64-AK64-AL64-AM64 -> 9.1
A65: 30 | B65: 637 | C65: NL | D65: Ulin | E65: 1 | F65: 8.2 | G65: 36 | H65: 39 | I65: 46 | J65: 47 | K65: =+(G65+H65+I65+J65)/4 -> 42 | L65: =ROUND(K65,0) -> 42 | M65: =+ROUND((L65*L65*F65*0.7854)/10000,2) -> 1.14 | O65: =ROUND(((N65*N65*(F65-P65)*0.7854)/10000),2) -> 0 | P65: 1.5 | Q65: =+ROUND((L65*L65*P65*0.7854)/10000,2) -> 0.21 | R65: =+M65-O65-Q65 -> 0.93 | T65: =IF(L65<40,"30 - 39 Cm",IF(L65<50,"40 - 49 Cm",IF(L65<60,"50 - 59 Cm",IF(L65<70,"60 - 69 Cm",IF(L65<80,"70 - 79 Cm",IF(L65<90,"80 - 89 Cm",IF(L65<100,"90 - 99 Cm",IF(L65>99,"100 Cm Up")))))))) -> 40 - 49 Cm | U65: 45967 | V65: =VLOOKUP(A65,'Supply Log'!$E$6:$V$1999,18,FALSE) -> #N/A | W65: A01- | X65: NL | Y65: U01- | Z65: 0 | AA65: /25- | AB65: =W65&C65&B65&AA65&Y65&A65 -> A01-NL637/25-U01-30 | AE65: =IF(COUNTIF($B$2:$B$46837,B65)>1,"DOUBLE","") | AN65: =F65-AF65-AG65-AH65-AI65-AJ65-AK65-AL65-AM65 -> 8.2
A66: 31 | B66: 635 | C66: NL | D66: Ulin | E66: 1 | F66: 5.5 | G66: 30 | H66: 42 | I66: 49 | J66: 53 | K66: =+(G66+H66+I66+J66)/4 -> 43.5 | L66: =ROUND(K66,0) -> 44 | M66: =+ROUND((L66*L66*F66*0.7854)/10000,2) -> 0.84 | O66: =ROUND(((N66*N66*(F66-P66)*0.7854)/10000),2) -> 0 | Q66: =+ROUND((L66*L66*P66*0.7854)/10000,2) -> 0 | R66: =+M66-O66-Q66 -> 0.84 | T66: =IF(L66<40,"30 - 39 Cm",IF(L66<50,"40 - 49 Cm",IF(L66<60,"50 - 59 Cm",IF(L66<70,"60 - 69 Cm",IF(L66<80,"70 - 79 Cm",IF(L66<90,"80 - 89 Cm",IF(L66<100,"90 - 99 Cm",IF(L66>99,"100 Cm Up")))))))) -> 40 - 49 Cm | U66: 45967 | V66: =VLOOKUP(A66,'Supply Log'!$E$6:$V$1999,18,FALSE) -> #N/A | W66: A01- | X66: NL | Y66: U01- | Z66: 0 | AA66: /25- | AB66: =W66&C66&B66&AA66&Y66&A66 -> A01-NL635/25-U01-31 | AE66: =IF(COUNTIF($B$2:$B$46837,B66)>1,"DOUBLE","") | AN66: =F66-AF66-AG66-AH66-AI66-AJ66-AK66-AL66-AM66 -> 5.5
A67: 32 | B67: 639 | C67: NL | D67: Ulin | E67: 1 | F67: 12.4 | G67: 44 | H67: 48 | I67: 37 | J67: 42 | K67: =+(G67+H67+I67+J67)/4 -> 42.75 | L67: =ROUND(K67,0) -> 43 | M67: =+ROUND((L67*L67*F67*0.7854)/10000,2) -> 1.8 | O67: =ROUND(((N67*N67*(F67-P67)*0.7854)/10000),2) -> 0 | P67: 0.5 | Q67: =+ROUND((L67*L67*P67*0.7854)/10000,2) -> 0.07 | R67: =+M67-O67-Q67 -> 1.73 | T67: =IF(L67<40,"30 - 39 Cm",IF(L67<50,"40 - 49 Cm",IF(L67<60,"50 - 59 Cm",IF(L67<70,"60 - 69 Cm",IF(L67<80,"70 - 79 Cm",IF(L67<90,"80 - 89 Cm",IF(L67<100,"90 - 99 Cm",IF(L67>99,"100 Cm Up")))))))) -> 40 - 49 Cm | U67: 45967 | V67: =VLOOKUP(A67,'Supply Log'!$E$6:$V$1999,18,FALSE) -> #N/A | W67: A01- | X67: NL | Y67: U01- | Z67: 0 | AA67: /25- | AB67: =W67&C67&B67&AA67&Y67&A67 -> A01-NL639/25-U01-32 | AE67: =IF(COUNTIF($B$2:$B$46837,B67)>1,"DOUBLE","") | AN67: =F67-AF67-AG67-AH67-AI67-AJ67-AK67-AL67-AM67 -> 12.4
A68: 33 | B68: 575 | C68: NL | D68: Ulin | E68: 1 | F68: 5.2 | G68: 33 | H68: 34 | I68: 31 | J68: 31 | K68: =+(G68+H68+I68+J68)/4 -> 32.25 | L68: =ROUND(K68,0) -> 32 | M68: =+ROUND((L68*L68*F68*0.7854)/10000,2) -> 0.42 | O68: =ROUND(((N68*N68*(F68-P68)*0.7854)/10000),2) -> 0 | Q68: =+ROUND((L68*L68*P68*0.7854)/10000,2) -> 0 | R68: =+M68-O68-Q68 -> 0.42 | T68: =IF(L68<40,"30 - 39 Cm",IF(L68<50,"40 - 49 Cm",IF(L68<60,"50 - 59 Cm",IF(L68<70,"60 - 69 Cm",IF(L68<80,"70 - 79 Cm",IF(L68<90,"80 - 89 Cm",IF(L68<100,"90 - 99 Cm",IF(L68>99,"100 Cm Up")))))))) -> 30 - 39 Cm | U68: 45967 | V68: =VLOOKUP(A68,'Supply Log'!$E$6:$V$1999,18,FALSE) -> #N/A | W68: A01- | X68: NL | Y68: U01- | Z68: 0 | AA68: /25- | AB68: =W68&C68&B68&AA68&Y68&A68 -> A01-NL575/25-U01-33 | AE68: =IF(COUNTIF($B$2:$B$46837,B68)>1,"DOUBLE","") | AN68: =F68-AF68-AG68-AH68-AI68-AJ68-AK68-AL68-AM68 -> 5.2
A69: 34 | B69: 619 | C69: NL | D69: Ulin | E69: 1 | F69: 4.1 | G69: 35 | H69: 36 | I69: 30 | J69: 33 | K69: =+(G69+H69+I69+J69)/4 -> 33.5 | L69: =ROUND(K69,0) -> 34 | M69: =+ROUND((L69*L69*F69*0.7854)/10000,2) -> 0.37 | O69: =ROUND(((N69*N69*(F69-P69)*0.7854)/10000),2) -> 0 | P69: 0.5 | Q69: =+ROUND((L69*L69*P69*0.7854)/10000,2) -> 0.05 | R69: =+M69-O69-Q69 -> 0.32 | T69: =IF(L69<40,"30 - 39 Cm",IF(L69<50,"40 - 49 Cm",IF(L69<60,"50 - 59 Cm",IF(L69<70,"60 - 69 Cm",IF(L69<80,"70 - 79 Cm",IF(L69<90,"80 - 89 Cm",IF(L69<100,"90 - 99 Cm",IF(L69>99,"100 Cm Up")))))))) -> 30 - 39 Cm | U69: 45967 | V69: =VLOOKUP(A69,'Supply Log'!$E$6:$V$1999,18,FALSE) -> #N/A | W69: A01- | X69: NL | Y69: U01- | Z69: 0 | AA69: /25- | AB69: =W69&C69&B69&AA69&Y69&A69 -> A01-NL619/25-U01-34 | AE69: =IF(COUNTIF($B$2:$B$46837,B69)>1,"DOUBLE","") | AN69: =F69-AF69-AG69-AH69-AI69-AJ69-AK69-AL69-AM69 -> 4.1
A70: 35 | B70: 783 | C70: NL | D70: Ulin | E70: 1 | F70: 10 | G70: 42 | H70: 42 | I70: 36 | J70: 33 | K70: =+(G70+H70+I70+J70)/4 -> 38.25 | L70: =ROUND(K70,0) -> 38 | M70: =+ROUND((L70*L70*F70*0.7854)/10000,2) -> 1.13 | O70: =ROUND(((N70*N70*(F70-P70)*0.7854)/10000),2) -> 0 | Q70: =+ROUND((L70*L70*P70*0.7854)/10000,2) -> 0 | R70: =+M70-O70-Q70 -> 1.13 | T70: =IF(L70<40,"30 - 39 Cm",IF(L70<50,"40 - 49 Cm",IF(L70<60,"50 - 59 Cm",IF(L70<70,"60 - 69 Cm",IF(L70<80,"70 - 79 Cm",IF(L70<90,"80 - 89 Cm",IF(L70<100,"90 - 99 Cm",IF(L70>99,"100 Cm Up")))))))) -> 30 - 39 Cm | U70: 45967 | V70: =VLOOKUP(A70,'Supply Log'!$E$6:$V$1999,18,FALSE) -> #N/A | W70: A01- | X70: NL | Y70: U01- | Z70: 0 | AA70: /25- | AB70: =W70&C70&B70&AA70&Y70&A70 -> A01-NL783/25-U01-35 | AE70: =IF(COUNTIF($B$2:$B$46837,B70)>1,"DOUBLE","") | AN70: =F70-AF70-AG70-AH70-AI70-AJ70-AK70-AL70-AM70 -> 10
A71: 36 | B71: 740 | C71: NL | D71: Ulin | E71: 1 | F71: 10.7 | G71: 29 | H71: 28 | I71: 32 | J71: 38 | K71: =+(G71+H71+I71+J71)/4 -> 31.75 | L71: =ROUND(K71,0) -> 32 | M71: =+ROUND((L71*L71*F71*0.7854)/10000,2) -> 0.86 | O71: =ROUND(((N71*N71*(F71-P71)*0.7854)/10000),2) -> 0 | P71: 0.8 | Q71: =+ROUND((L71*L71*P71*0.7854)/10000,2) -> 0.06 | R71: =+M71-O71-Q71 -> 0.8 | T71: =IF(L71<40,"30 - 39 Cm",IF(L71<50,"40 - 49 Cm",IF(L71<60,"50 - 59 Cm",IF(L71<70,"60 - 69 Cm",IF(L71<80,"70 - 79 Cm",IF(L71<90,"80 - 89 Cm",IF(L71<100,"90 - 99 Cm",IF(L71>99,"100 Cm Up")))))))) -> 30 - 39 Cm | U71: 45967 | V71: =VLOOKUP(A71,'Supply Log'!$E$6:$V$1999,18,FALSE) -> #N/A | W71: A01- | X71: NL | Y71: U01- | Z71: 0 | AA71: /25- | AB71: =W71&C71&B71&AA71&Y71&A71 -> A01-NL740/25-U01-36 | AE71: =IF(COUNTIF($B$2:$B$46837,B71)>1,"DOUBLE","") | AN71: =F71-AF71-AG71-AH71-AI71-AJ71-AK71-AL71-AM71 -> 10.7
A72: 37 | B72: 622 | C72: NL | D72: Ulin | E72: 1 | F72: 5.8 | G72: 40 | H72: 48 | I72: 40 | J72: 43 | K72: =+(G72+H72+I72+J72)/4 -> 42.75 | L72: =ROUND(K72,0) -> 43 | M72: =+ROUND((L72*L72*F72*0.7854)/10000,2) -> 0.84 | O72: =ROUND(((N72*N72*(F72-P72)*0.7854)/10000),2) -> 0 | Q72: =+ROUND((L72*L72*P72*0.7854)/10000,2) -> 0 | R72: =+M72-O72-Q72 -> 0.84 | T72: =IF(L72<40,"30 - 39 Cm",IF(L72<50,"40 - 49 Cm",IF(L72<60,"50 - 59 Cm",IF(L72<70,"60 - 69 Cm",IF(L72<80,"70 - 79 Cm",IF(L72<90,"80 - 89 Cm",IF(L72<100,"90 - 99 Cm",IF(L72>99,"100 Cm Up")))))))) -> 40 - 49 Cm | U72: 45967 | V72: =VLOOKUP(A72,'Supply Log'!$E$6:$V$1999,18,FALSE) -> #N/A | W72: A01- | X72: NL | Y72: U01- | Z72: 0 | AA72: /25- | AB72: =W72&C72&B72&AA72&Y72&A72 -> A01-NL622/25-U01-37 | AE72: =IF(COUNTIF($B$2:$B$46837,B72)>1,"DOUBLE","") | AN72: =F72-AF72-AG72-AH72-AI72-AJ72-AK72-AL72-AM72 -> 5.8
A73: 38 | B73: 628 | C73: NL | D73: Ulin | E73: 1 | F73: 5.9 | G73: 44 | H73: 46 | I73: 50 | J73: 53 | K73: =+(G73+H73+I73+J73)/4 -> 48.25 | L73: =ROUND(K73,0) -> 48 | M73: =+ROUND((L73*L73*F73*0.7854)/10000,2) -> 1.07 | O73: =ROUND(((N73*N73*(F73-P73)*0.7854)/10000),2) -> 0 | Q73: =+ROUND((L73*L73*P73*0.7854)/10000,2) -> 0 | R73: =+M73-O73-Q73 -> 1.07 | T73: =IF(L73<40,"30 - 39 Cm",IF(L73<50,"40 - 49 Cm",IF(L73<60,"50 - 59 Cm",IF(L73<70,"60 - 69 Cm",IF(L73<80,"70 - 79 Cm",IF(L73<90,"80 - 89 Cm",IF(L73<100,"90 - 99 Cm",IF(L73>99,"100 Cm Up")))))))) -> 40 - 49 Cm | U73: 45967 | V73: =VLOOKUP(A73,'Supply Log'!$E$6:$V$1999,18,FALSE) -> #N/A | W73: A01- | X73: NL | Y73: U01- | Z73: 0 | AA73: /25- | AB73: =W73&C73&B73&AA73&Y73&A73 -> A01-NL628/25-U01-38 | AE73: =IF(COUNTIF($B$2:$B$46837,B73)>1,"DOUBLE","") | AN73: =F73-AF73-AG73-AH73-AI73-AJ73-AK73-AL73-AM73 -> 5.9
A74: 39 | B74: 629 | C74: NL | D74: Ulin | E74: 1 | F74: 7.7 | G74: 32 | H74: 37 | I74: 43 | J74: 44 | K74: =+(G74+H74+I74+J74)/4 -> 39 | L74: =ROUND(K74,0) -> 39 | M74: =+ROUND((L74*L74*F74*0.7854)/10000,2) -> 0.92 | O74: =ROUND(((N74*N74*(F74-P74)*0.7854)/10000),2) -> 0 | Q74: =+ROUND((L74*L74*P74*0.7854)/10000,2) -> 0 | R74: =+M74-O74-Q74 -> 0.92 | T74: =IF(L74<40,"30 - 39 Cm",IF(L74<50,"40 - 49 Cm",IF(L74<60,"50 - 59 Cm",IF(L74<70,"60 - 69 Cm",IF(L74<80,"70 - 79 Cm",IF(L74<90,"80 - 89 Cm",IF(L74<100,"90 - 99 Cm",IF(L74>99,"100 Cm Up")))))))) -> 30 - 39 Cm | U74: 45967 | V74: =VLOOKUP(A74,'Supply Log'!$E$6:$V$1999,18,FALSE) -> #N/A | W74: A01- | X74: NL | Y74: U01- | Z74: 0 | AA74: /25- | AB74: =W74&C74&B74&AA74&Y74&A74 -> A01-NL629/25-U01-39 | AE74: =IF(COUNTIF($B$2:$B$46837,B74)>1,"DOUBLE","") | AN74: =F74-AF74-AG74-AH74-AI74-AJ74-AK74-AL74-AM74 -> 7.7
A75: 40 | B75: 643 | C75: NL | D75: Ulin | E75: 1 | F75: 12.1 | G75: 43 | H75: 50 | I75: 33 | J75: 41 | K75: =+(G75+H75+I75+J75)/4 -> 41.75 | L75: =ROUND(K75,0) -> 42 | M75: =+ROUND((L75*L75*F75*0.7854)/10000,2) -> 1.68 | O75: =ROUND(((N75*N75*(F75-P75)*0.7854)/10000),2) -> 0 | Q75: =+ROUND((L75*L75*P75*0.7854)/10000,2) -> 0 | R75: =+M75-O75-Q75 -> 1.68 | T75: =IF(L75<40,"30 - 39 Cm",IF(L75<50,"40 - 49 Cm",IF(L75<60,"50 - 59 Cm",IF(L75<70,"60 - 69 Cm",IF(L75<80,"70 - 79 Cm",IF(L75<90,"80 - 89 Cm",IF(L75<100,"90 - 99 Cm",IF(L75>99,"100 Cm Up")))))))) -> 40 - 49 Cm | U75: 45967 | V75: =VLOOKUP(A75,'Supply Log'!$E$6:$V$1999,18,FALSE) -> #N/A | W75: A01- | X75: NL | Y75: U01- | Z75: 0 | AA75: /25- | AB75: =W75&C75&B75&AA75&Y75&A75 -> A01-NL643/25-U01-40 | AE75: =IF(COUNTIF($B$2:$B$46837,B75)>1,"DOUBLE","") | AN75: =F75-AF75-AG75-AH75-AI75-AJ75-AK75-AL75-AM75 -> 12.1
A76: 41 | B76: 631 | C76: NL | D76: Ulin | E76: 1 | F76: 5.6 | G76: 31 | H76: 32 | I76: 47 | J76: 51 | K76: =+(G76+H76+I76+J76)/4 -> 40.25 | L76: =ROUND(K76,0) -> 40 | M76: =+ROUND((L76*L76*F76*0.7854)/10000,2) -> 0.7 | O76: =ROUND(((N76*N76*(F76-P76)*0.7854)/10000),2) -> 0 | Q76: =+ROUND((L76*L76*P76*0.7854)/10000,2) -> 0 | R76: =+M76-O76-Q76 -> 0.7 | T76: =IF(L76<40,"30 - 39 Cm",IF(L76<50,"40 - 49 Cm",IF(L76<60,"50 - 59 Cm",IF(L76<70,"60 - 69 Cm",IF(L76<80,"70 - 79 Cm",IF(L76<90,"80 - 89 Cm",IF(L76<100,"90 - 99 Cm",IF(L76>99,"100 Cm Up")))))))) -> 40 - 49 Cm | U76: 45967 | V76: =VLOOKUP(A76,'Supply Log'!$E$6:$V$1999,18,FALSE) -> #N/A | W76: A01- | X76: NL | Y76: U01- | Z76: 0 | AA76: /25- | AB76: =W76&C76&B76&AA76&Y76&A76 -> A01-NL631/25-U01-41 | AE76: =IF(COUNTIF($B$2:$B$46837,B76)>1,"DOUBLE","") | AN76: =F76-AF76-AG76-AH76-AI76-AJ76-AK76-AL76-AM76 -> 5.6
A77: 42 | B77: 570 | C77: NL | D77: Ulin | E77: 1 | F77: 9 | G77: 42 | H77: 44 | I77: 36 | J77: 37 | K77: =+(G77+H77+I77+J77)/4 -> 39.75 | L77: =ROUND(K77,0) -> 40 | M77: =+ROUND((L77*L77*F77*0.7854)/10000,2) -> 1.13 | O77: =ROUND(((N77*N77*(F77-P77)*0.7854)/10000),2) -> 0 | P77: 0.5 | Q77: =+ROUND((L77*L77*P77*0.7854)/10000,2) -> 0.06 | R77: =+M77-O77-Q77 -> 1.07 | T77: =IF(L77<40,"30 - 39 Cm",IF(L77<50,"40 - 49 Cm",IF(L77<60,"50 - 59 Cm",IF(L77<70,"60 - 69 Cm",IF(L77<80,"70 - 79 Cm",IF(L77<90,"80 - 89 Cm",IF(L77<100,"90 - 99 Cm",IF(L77>99,"100 Cm Up")))))))) -> 40 - 49 Cm | U77: 45967 | V77: =VLOOKUP(A77,'Supply Log'!$E$6:$V$1999,18,FALSE) -> #N/A | W77: A01- | X77: NL | Y77: U01- | AA77: /25- | AB77: =W77&C77&B77&AA77&Y77&A77 -> A01-NL570/25-U01-42 | AE77: =IF(COUNTIF($B$2:$B$46837,B77)>1,"DOUBLE","") | AN77: =F77-AF77-AG77-AH77-AI77-AJ77-AK77-AL77-AM77 -> 9
A78: 43 | B78: 597 | C78: NL | D78: Ulin | E78: 1 | F78: 10.2 | G78: 44 | H78: 53 | I78: 39 | J78: 41 | K78: =+(G78+H78+I78+J78)/4 -> 44.25 | L78: =ROUND(K78,0) -> 44 | M78: =+ROUND((L78*L78*F78*0.7854)/10000,2) -> 1.55 | O78: =ROUND(((N78*N78*(F78-P78)*0.7854)/10000),2) -> 0 | Q78: =+ROUND((L78*L78*P78*0.7854)/10000,2) -> 0 | R78: =+M78-O78-Q78 -> 1.55 | T78: =IF(L78<40,"30 - 39 Cm",IF(L78<50,"40 - 49 Cm",IF(L78<60,"50 - 59 Cm",IF(L78<70,"60 - 69 Cm",IF(L78<80,"70 - 79 Cm",IF(L78<90,"80 - 89 Cm",IF(L78<100,"90 - 99 Cm",IF(L78>99,"100 Cm Up")))))))) -> 40 - 49 Cm | U78: 45967 | V78: =VLOOKUP(A78,'Supply Log'!$E$6:$V$1999,18,FALSE) -> #N/A | W78: A01- | X78: NL | Y78: U01- | AA78: /25- | AB78: =W78&C78&B78&AA78&Y78&A78 -> A01-NL597/25-U01-43 | AE78: =IF(COUNTIF($B$2:$B$46837,B78)>1,"DOUBLE","") | AN78: =F78-AF78-AG78-AH78-AI78-AJ78-AK78-AL78-AM78 -> 10.2
A79: 44 | B79: 642 | C79: NL | D79: Ulin | E79: 1 | F79: 12.9 | G79: 43 | H79: 51 | I79: 34 | J79: 39 | K79: =+(G79+H79+I79+J79)/4 -> 41.75 | L79: =ROUND(K79,0) -> 42 | M79: =+ROUND((L79*L79*F79*0.7854)/10000,2) -> 1.79 | O79: =ROUND(((N79*N79*(F79-P79)*0.7854)/10000),2) -> 0 | Q79: =+ROUND((L79*L79*P79*0.7854)/10000,2) -> 0 | R79: =+M79-O79-Q79 -> 1.79 | T79: =IF(L79<40,"30 - 39 Cm",IF(L79<50,"40 - 49 Cm",IF(L79<60,"50 - 59 Cm",IF(L79<70,"60 - 69 Cm",IF(L79<80,"70 - 79 Cm",IF(L79<90,"80 - 89 Cm",IF(L79<100,"90 - 99 Cm",IF(L79>99,"100 Cm Up")))))))) -> 40 - 49 Cm | U79: 45967 | V79: =VLOOKUP(A79,'Supply Log'!$E$6:$V$1999,18,FALSE) -> #N/A | W79: A01- | X79: NL | Y79: U01- | AA79: /25- | AB79: =W79&C79&B79&AA79&Y79&A79 -> A01-NL642/25-U01-44 | AE79: =IF(COUNTIF($B$2:$B$46837,B79)>1,"DOUBLE","") | AN79: =F79-AF79-AG79-AH79-AI79-AJ79-AK79-AL79-AM79 -> 12.9
A80: 45 | B80: 576 | C80: NL | D80: Ulin | E80: 1 | F80: 6.2 | G80: 34 | H80: 37 | I80: 35 | J80: 41 | K80: =+(G80+H80+I80+J80)/4 -> 36.75 | L80: =ROUND(K80,0) -> 37 | M80: =+ROUND((L80*L80*F80*0.7854)/10000,2) -> 0.67 | N80: 12 | O80: =ROUND(((N80*N80*(F80-P80)*0.7854)/10000),2) -> 0.07 | P80: 0.3 | Q80: =+ROUND((L80*L80*P80*0.7854)/10000,2) -> 0.03 | R80: =+M80-O80-Q80 -> 0.57 | T80: =IF(L80<40,"30 - 39 Cm",IF(L80<50,"40 - 49 Cm",IF(L80<60,"50 - 59 Cm",IF(L80<70,"60 - 69 Cm",IF(L80<80,"70 - 79 Cm",IF(L80<90,"80 - 89 Cm",IF(L80<100,"90 - 99 Cm",IF(L80>99,"100 Cm Up")))))))) -> 30 - 39 Cm | U80: 45967 | V80: =VLOOKUP(A80,'Supply Log'!$E$6:$V$1999,18,FALSE) -> #N/A | W80: A01- | X80: NL | Y80: U01- | AA80: /25- | AB80: =W80&C80&B80&AA80&Y80&A80 -> A01-NL576/25-U01-45 | AE80: =IF(COUNTIF($B$2:$B$46837,B80)>1,"DOUBLE","") | AN80: =F80-AF80-AG80-AH80-AI80-AJ80-AK80-AL80-AM80 -> 6.2
A81: 46 | B81: 583 | C81: NL | D81: Ulin | E81: 1 | F81: 6.2 | G81: 40 | H81: 40 | I81: 32 | J81: 32 | K81: =+(G81+H81+I81+J81)/4 -> 36 | L81: =ROUND(K81,0) -> 36 | M81: =+ROUND((L81*L81*F81*0.7854)/10000,2) -> 0.63 | O81: =ROUND(((N81*N81*(F81-P81)*0.7854)/10000),2) -> 0 | P81: 0.5 | Q81: =+ROUND((L81*L81*P81*0.7854)/10000,2) -> 0.05 | R81: =+M81-O81-Q81 -> 0.58 | T81: =IF(L81<40,"30 - 39 Cm",IF(L81<50,"40 - 49 Cm",IF(L81<60,"50 - 59 Cm",IF(L81<70,"60 - 69 Cm",IF(L81<80,"70 - 79 Cm",IF(L81<90,"80 - 89 Cm",IF(L81<100,"90 - 99 Cm",IF(L81>99,"100 Cm Up")))))))) -> 30 - 39 Cm | U81: 45967 | V81: =VLOOKUP(A81,'Supply Log'!$E$6:$V$1999,18,FALSE) -> #N/A | W81: A01- | X81: NL | Y81: U01- | AA81: /25- | AB81: =W81&C81&B81&AA81&Y81&A81 -> A01-NL583/25-U01-46 | AE81: =IF(COUNTIF($B$2:$B$46837,B81)>1,"DOUBLE","") | AN81: =F81-AF81-AG81-AH81-AI81-AJ81-AK81-AL81-AM81 -> 6.2
A82: 47 | B82: 647 | C82: NL | D82: Ulin | E82: 1 | F82: 11.3 | G82: 44 | H82: 45 | I82: 34 | J82: 43 | K82: =+(G82+H82+I82+J82)/4 -> 41.5 | L82: =ROUND(K82,0) -> 42 | M82: =+ROUND((L82*L82*F82*0.7854)/10000,2) -> 1.57 | O82: =ROUND(((N82*N82*(F82-P82)*0.7854)/10000),2) -> 0 | P82: 1 | Q82: =+ROUND((L82*L82*P82*0.7854)/10000,2) -> 0.14 | R82: =+M82-O82-Q82 -> 1.43 | T82: =IF(L82<40,"30 - 39 Cm",IF(L82<50,"40 - 49 Cm",IF(L82<60,"50 - 59 Cm",IF(L82<70,"60 - 69 Cm",IF(L82<80,"70 - 79 Cm",IF(L82<90,"80 - 89 Cm",IF(L82<100,"90 - 99 Cm",IF(L82>99,"100 Cm Up")))))))) -> 40 - 49 Cm | U82: 45967 | V82: =VLOOKUP(A82,'Supply Log'!$E$6:$V$1999,18,FALSE) -> #N/A | W82: A01- | X82: NL | Y82: U01- | AA82: /25- | AB82: =W82&C82&B82&AA82&Y82&A82 -> A01-NL647/25-U01-47 | AE82: =IF(COUNTIF($B$2:$B$46837,B82)>1,"DOUBLE","") | AN82: =F82-AF82-AG82-AH82-AI82-AJ82-AK82-AL82-AM82 -> 11.3
A83: 48 | B83: 606 | C83: NL | D83: Ulin | E83: 1 | F83: 14 | G83: 40 | H83: 43 | I83: 50 | J83: 55 | K83: =+(G83+H83+I83+J83)/4 -> 47 | L83: =ROUND(K83,0) -> 47 | M83: =+ROUND((L83*L83*F83*0.7854)/10000,2) -> 2.43 | O83: =ROUND(((N83*N83*(F83-P83)*0.7854)/10000),2) -> 0 | P83: 1 | Q83: =+ROUND((L83*L83*P83*0.7854)/10000,2) -> 0.17 | R83: =+M83-O83-Q83 -> 2.26 | T83: =IF(L83<40,"30 - 39 Cm",IF(L83<50,"40 - 49 Cm",IF(L83<60,"50 - 59 Cm",IF(L83<70,"60 - 69 Cm",IF(L83<80,"70 - 79 Cm",IF(L83<90,"80 - 89 Cm",IF(L83<100,"90 - 99 Cm",IF(L83>99,"100 Cm Up")))))))) -> 40 - 49 Cm | U83: 45967 | V83: =VLOOKUP(A83,'Supply Log'!$E$6:$V$1999,18,FALSE) -> #N/A | W83: A01- | X83: NL | Y83: U01- | AA83: /25- | AB83: =W83&C83&B83&AA83&Y83&A83 -> A01-NL606/25-U01-48 | AE83: =IF(COUNTIF($B$2:$B$46837,B83)>1,"DOUBLE","") | AN83: =F83-AF83-AG83-AH83-AI83-AJ83-AK83-AL83-AM83 -> 14
A84: 49 | B84: 614 | C84: NL | D84: Ulin | E84: 1 | F84: 7.9 | G84: 32 | H84: 32 | I84: 40 | J84: 32 | K84: =+(G84+H84+I84+J84)/4 -> 34 | L84: =ROUND(K84,0) -> 34 | M84: =+ROUND((L84*L84*F84*0.7854)/10000,2) -> 0.72 | O84: =ROUND(((N84*N84*(F84-P84)*0.7854)/10000),2) -> 0 | Q84: =+ROUND((L84*L84*P84*0.7854)/10000,2) -> 0 | R84: =+M84-O84-Q84 -> 0.72 | T84: =IF(L84<40,"30 - 39 Cm",IF(L84<50,"40 - 49 Cm",IF(L84<60,"50 - 59 Cm",IF(L84<70,"60 - 69 Cm",IF(L84<80,"70 - 79 Cm",IF(L84<90,"80 - 89 Cm",IF(L84<100,"90 - 99 Cm",IF(L84>99,"100 Cm Up")))))))) -> 30 - 39 Cm | U84: 45967 | V84: =VLOOKUP(A84,'Supply Log'!$E$6:$V$1999,18,FALSE) -> #N/A | W84: A01- | X84: NL | Y84: U01- | AA84: /25- | AB84: =W84&C84&B84&AA84&Y84&A84 -> A01-NL614/25-U01-49 | AE84: =IF(COUNTIF($B$2:$B$46837,B84)>1,"DOUBLE","") | AN84: =F84-AF84-AG84-AH84-AI84-AJ84-AK84-AL84-AM84 -> 7.9
A85: 50 | B85: 582 | C85: NL | D85: Ulin | E85: 1 | F85: 8.1 | G85: 41 | H85: 45 | I85: 32 | J85: 38 | K85: =+(G85+H85+I85+J85)/4 -> 39 | L85: =ROUND(K85,0) -> 39 | M85: =+ROUND((L85*L85*F85*0.7854)/10000,2) -> 0.97 | O85: =ROUND(((N85*N85*(F85-P85)*0.7854)/10000),2) -> 0 | Q85: =+ROUND((L85*L85*P85*0.7854)/10000,2) -> 0 | R85: =+M85-O85-Q85 -> 0.97 | T85: =IF(L85<40,"30 - 39 Cm",IF(L85<50,"40 - 49 Cm",IF(L85<60,"50 - 59 Cm",IF(L85<70,"60 - 69 Cm",IF(L85<80,"70 - 79 Cm",IF(L85<90,"80 - 89 Cm",IF(L85<100,"90 - 99 Cm",IF(L85>99,"100 Cm Up")))))))) -> 30 - 39 Cm | U85: 45967 | V85: =VLOOKUP(A85,'Supply Log'!$E$6:$V$1999,18,FALSE) -> #N/A | W85: A01- | X85: NL | Y85: U01- | AA85: /25- | AB85: =W85&C85&B85&AA85&Y85&A85 -> A01-NL582/25-U01-50 | AE85: =IF(COUNTIF($B$2:$B$46837,B85)>1,"DOUBLE","") | AN85: =F85-AF85-AG85-AH85-AI85-AJ85-AK85-AL85-AM85 -> 8.1
A86: 51 | B86: 601 | C86: NL | D86: Ulin | E86: 1 | F86: 10.3 | G86: 35 | H86: 44 | I86: 49 | J86: 54 | K86: =+(G86+H86+I86+J86)/4 -> 45.5 | L86: =ROUND(K86,0) -> 46 | M86: =+ROUND((L86*L86*F86*0.7854)/10000,2) -> 1.71 | N86: 22 | O86: =ROUND(((N86*N86*(F86-P86)*0.7854)/10000),2) -> 0.35 | P86: 1 | Q86: =+ROUND((L86*L86*P86*0.7854)/10000,2) -> 0.17 | R86: =+M86-O86-Q86 -> 1.19 | T86: =IF(L86<40,"30 - 39 Cm",IF(L86<50,"40 - 49 Cm",IF(L86<60,"50 - 59 Cm",IF(L86<70,"60 - 69 Cm",IF(L86<80,"70 - 79 Cm",IF(L86<90,"80 - 89 Cm",IF(L86<100,"90 - 99 Cm",IF(L86>99,"100 Cm Up")))))))) -> 40 - 49 Cm | U86: 45967 | V86: =VLOOKUP(A86,'Supply Log'!$E$6:$V$1999,18,FALSE) -> #N/A | W86: A01- | X86: NL | Y86: U01- | AA86: /25- | AB86: =W86&C86&B86&AA86&Y86&A86 -> A01-NL601/25-U01-51 | AE86: =IF(COUNTIF($B$2:$B$46837,B86)>1,"DOUBLE","") | AN86: =F86-AF86-AG86-AH86-AI86-AJ86-AK86-AL86-AM86 -> 10.3
A87: 52 | B87: 598 | C87: NL | D87: Ulin | E87: 1 | F87: 14.6 | G87: 40 | H87: 42 | I87: 50 | J87: 56 | K87: =+(G87+H87+I87+J87)/4 -> 47 | L87: =ROUND(K87,0) -> 47 | M87: =+ROUND((L87*L87*F87*0.7854)/10000,2) -> 2.53 | O87: =ROUND(((N87*N87*(F87-P87)*0.7854)/10000),2) -> 0 | P87: 1 | Q87: =+ROUND((L87*L87*P87*0.7854)/10000,2) -> 0.17 | R87: =+M87-O87-Q87 -> 2.36 | T87: =IF(L87<40,"30 - 39 Cm",IF(L87<50,"40 - 49 Cm",IF(L87<60,"50 - 59 Cm",IF(L87<70,"60 - 69 Cm",IF(L87<80,"70 - 79 Cm",IF(L87<90,"80 - 89 Cm",IF(L87<100,"90 - 99 Cm",IF(L87>99,"100 Cm Up")))))))) -> 40 - 49 Cm | U87: 45967 | V87: =VLOOKUP(A87,'Supply Log'!$E$6:$V$1999,18,FALSE) -> #N/A | W87: A01- | X87: NL | Y87: U01- | AA87: /25- | AB87: =W87&C87&B87&AA87&Y87&A87 -> A01-NL598/25-U01-52 | AE87: =IF(COUNTIF($B$2:$B$46837,B87)>1,"DOUBLE","") | AN87: =F87-AF87-AG87-AH87-AI87-AJ87-AK87-AL87-AM87 -> 14.6
A88: 53 | B88: 581 | C88: NL | D88: Ulin | E88: 1 | F88: 7.3 | G88: 30 | H88: 31 | I88: 36 | J88: 42 | K88: =+(G88+H88+I88+J88)/4 -> 34.75 | L88: =ROUND(K88,0) -> 35 | M88: =+ROUND((L88*L88*F88*0.7854)/10000,2) -> 0.7 | O88: =ROUND(((N88*N88*(F88-P88)*0.7854)/10000),2) -> 0 | P88: 0.5 | Q88: =+ROUND((L88*L88*P88*0.7854)/10000,2) -> 0.05 | R88: =+M88-O88-Q88 -> 0.65 | T88: =IF(L88<40,"30 - 39 Cm",IF(L88<50,"40 - 49 Cm",IF(L88<60,"50 - 59 Cm",IF(L88<70,"60 - 69 Cm",IF(L88<80,"70 - 79 Cm",IF(L88<90,"80 - 89 Cm",IF(L88<100,"90 - 99 Cm",IF(L88>99,"100 Cm Up")))))))) -> 30 - 39 Cm | U88: 45967 | V88: =VLOOKUP(A88,'Supply Log'!$E$6:$V$1999,18,FALSE) -> #N/A | W88: A01- | X88: NL | Y88: U01- | AA88: /25- | AB88: =W88&C88&B88&AA88&Y88&A88 -> A01-NL581/25-U01-53 | AE88: =IF(COUNTIF($B$2:$B$46837,B88)>1,"DOUBLE","") | AN88: =F88-AF88-AG88-AH88-AI88-AJ88-AK88-AL88-AM88 -> 7.3
A89: 54 | B89: 746 | C89: NL | D89: Ulin | E89: 1 | F89: 8.9 | G89: 34 | H89: 36 | I89: 27 | J89: 44 | K89: =+(G89+H89+I89+J89)/4 -> 35.25 | L89: =ROUND(K89,0) -> 35 | M89: =+ROUND((L89*L89*F89*0.7854)/10000,2) -> 0.86 | O89: =ROUND(((N89*N89*(F89-P89)*0.7854)/10000),2) -> 0 | P89: 1 | Q89: =+ROUND((L89*L89*P89*0.7854)/10000,2) -> 0.1 | R89: =+M89-O89-Q89 -> 0.76 | T89: =IF(L89<40,"30 - 39 Cm",IF(L89<50,"40 - 49 Cm",IF(L89<60,"50 - 59 Cm",IF(L89<70,"60 - 69 Cm",IF(L89<80,"70 - 79 Cm",IF(L89<90,"80 - 89 Cm",IF(L89<100,"90 - 99 Cm",IF(L89>99,"100 Cm Up")))))))) -> 30 - 39 Cm | U89: 45967 | V89: =VLOOKUP(A89,'Supply Log'!$E$6:$V$1999,18,FALSE) -> #N/A | W89: A01- | X89: NL | Y89: U01- | AA89: /25- | AB89: =W89&C89&B89&AA89&Y89&A89 -> A01-NL746/25-U01-54 | AE89: =IF(COUNTIF($B$2:$B$46837,B89)>1,"DOUBLE","") | AN89: =F89-AF89-AG89-AH89-AI89-AJ89-AK89-AL89-AM89 -> 8.9
A90: 55 | B90: 594 | C90: NL | D90: Ulin | E90: 1 | F90: 10.2 | G90: 44 | H90: 52 | I90: 59 | J90: 60 | K90: =+(G90+H90+I90+J90)/4 -> 53.75 | L90: =ROUND(K90,0) -> 54 | M90: =+ROUND((L90*L90*F90*0.7854)/10000,2) -> 2.34 | O90: =ROUND(((N90*N90*(F90-P90)*0.7854)/10000),2) -> 0 | P90: 1 | Q90: =+ROUND((L90*L90*P90*0.7854)/10000,2) -> 0.23 | R90: =+M90-O90-Q90 -> 2.11 | T90: =IF(L90<40,"30 - 39 Cm",IF(L90<50,"40 - 49 Cm",IF(L90<60,"50 - 59 Cm",IF(L90<70,"60 - 69 Cm",IF(L90<80,"70 - 79 Cm",IF(L90<90,"80 - 89 Cm",IF(L90<100,"90 - 99 Cm",IF(L90>99,"100 Cm Up")))))))) -> 50 - 59 Cm | U90: 45967 | V90: =VLOOKUP(A90,'Supply Log'!$E$6:$V$1999,18,FALSE) -> #N/A | W90: A01- | X90: NL | Y90: U01- | AA90: /25- | AB90: =W90&C90&B90&AA90&Y90&A90 -> A01-NL594/25-U01-55 | AE90: =IF(COUNTIF($B$2:$B$46837,B90)>1,"DOUBLE","") | AN90: =F90-AF90-AG90-AH90-AI90-AJ90-AK90-AL90-AM90 -> 10.2
A91: 56 | B91: 587 | C91: NL | D91: Ulin | E91: 1 | F91: 10.5 | G91: 44 | H91: 50 | I91: 38 | J91: 44 | K91: =+(G91+H91+I91+J91)/4 -> 44 | L91: =ROUND(K91,0) -> 44 | M91: =+ROUND((L91*L91*F91*0.7854)/10000,2) -> 1.6 | O91: =ROUND(((N91*N91*(F91-P91)*0.7854)/10000),2) -> 0 | P91: 1 | Q91: =+ROUND((L91*L91*P91*0.7854)/10000,2) -> 0.15 | R91: =+M91-O91-Q91 -> 1.45 | T91: =IF(L91<40,"30 - 39 Cm",IF(L91<50,"40 - 49 Cm",IF(L91<60,"50 - 59 Cm",IF(L91<70,"60 - 69 Cm",IF(L91<80,"70 - 79 Cm",IF(L91<90,"80 - 89 Cm",IF(L91<100,"90 - 99 Cm",IF(L91>99,"100 Cm Up")))))))) -> 40 - 49 Cm | U91: 45967 | V91: =VLOOKUP(A91,'Supply Log'!$E$6:$V$1999,18,FALSE) -> #N/A | W91: A01- | X91: NL | Y91: U01- | AA91: /25- | AB91: =W91&C91&B91&AA91&Y91&A91 -> A01-NL587/25-U01-56 | AE91: =IF(COUNTIF($B$2:$B$46837,B91)>1,"DOUBLE","") | AN91: =F91-AF91-AG91-AH91-AI91-AJ91-AK91-AL91-AM91 -> 10.5
A92: 57 | B92: 604 | C92: NL | D92: Ulin | E92: 1 | F92: 12.1 | G92: 32 | H92: 43 | I92: 42 | J92: 54 | K92: =+(G92+H92+I92+J92)/4 -> 42.75 | L92: =ROUND(K92,0) -> 43 | M92: =+ROUND((L92*L92*F92*0.7854)/10000,2) -> 1.76 | O92: =ROUND(((N92*N92*(F92-P92)*0.7854)/10000),2) -> 0 | P92: 1 | Q92: =+ROUND((L92*L92*P92*0.7854)/10000,2) -> 0.15 | R92: =+M92-O92-Q92 -> 1.61 | T92: =IF(L92<40,"30 - 39 Cm",IF(L92<50,"40 - 49 Cm",IF(L92<60,"50 - 59 Cm",IF(L92<70,"60 - 69 Cm",IF(L92<80,"70 - 79 Cm",IF(L92<90,"80 - 89 Cm",IF(L92<100,"90 - 99 Cm",IF(L92>99,"100 Cm Up")))))))) -> 40 - 49 Cm | U92: 45967 | V92: =VLOOKUP(A92,'Supply Log'!$E$6:$V$1999,18,FALSE) -> #N/A | W92: A01- | X92: NL | Y92: U01- | AA92: /25- | AB92: =W92&C92&B92&AA92&Y92&A92 -> A01-NL604/25-U01-57 | AE92: =IF(COUNTIF($B$2:$B$46837,B92)>1,"DOUBLE","") | AN92: =F92-AF92-AG92-AH92-AI92-AJ92-AK92-AL92-AM92 -> 12.1
A93: 58 | B93: 600 | C93: NL | D93: Ulin | E93: 1 | F93: 11.2 | G93: 32 | H93: 40 | I93: 44 | J93: 46 | K93: =+(G93+H93+I93+J93)/4 -> 40.5 | L93: =ROUND(K93,0) -> 41 | M93: =+ROUND((L93*L93*F93*0.7854)/10000,2) -> 1.48 | O93: =ROUND(((N93*N93*(F93-P93)*0.7854)/10000),2) -> 0 | Q93: =+ROUND((L93*L93*P93*0.7854)/10000,2) -> 0 | R93: =+M93-O93-Q93 -> 1.48 | T93: =IF(L93<40,"30 - 39 Cm",IF(L93<50,"40 - 49 Cm",IF(L93<60,"50 - 59 Cm",IF(L93<70,"60 - 69 Cm",IF(L93<80,"70 - 79 Cm",IF(L93<90,"80 - 89 Cm",IF(L93<100,"90 - 99 Cm",IF(L93>99,"100 Cm Up")))))))) -> 40 - 49 Cm | U93: 45967 | V93: =VLOOKUP(A93,'Supply Log'!$E$6:$V$1999,18,FALSE) -> #N/A | W93: A01- | X93: NL | Y93: U01- | AA93: /25- | AB93: =W93&C93&B93&AA93&Y93&A93 -> A01-NL600/25-U01-58 | AE93: =IF(COUNTIF($B$2:$B$46837,B93)>1,"DOUBLE","") | AN93: =F93-AF93-AG93-AH93-AI93-AJ93-AK93-AL93-AM93 -> 11.2
A94: 59 | B94: 596 | C94: NL | D94: Ulin | E94: 1 | F94: 10.3 | G94: 49 | H94: 55 | I94: 44 | J94: 51 | K94: =+(G94+H94+I94+J94)/4 -> 49.75 | L94: =ROUND(K94,0) -> 50 | M94: =+ROUND((L94*L94*F94*0.7854)/10000,2) -> 2.02 | N94: 15 | O94: =ROUND(((N94*N94*(F94-P94)*0.7854)/10000),2) -> 0.17 | P94: 0.5 | Q94: =+ROUND((L94*L94*P94*0.7854)/10000,2) -> 0.1 | R94: =+M94-O94-Q94 -> 1.75 | T94: =IF(L94<40,"30 - 39 Cm",IF(L94<50,"40 - 49 Cm",IF(L94<60,"50 - 59 Cm",IF(L94<70,"60 - 69 Cm",IF(L94<80,"70 - 79 Cm",IF(L94<90,"80 - 89 Cm",IF(L94<100,"90 - 99 Cm",IF(L94>99,"100 Cm Up")))))))) -> 50 - 59 Cm | U94: 45967 | V94: =VLOOKUP(A94,'Supply Log'!$E$6:$V$1999,18,FALSE) -> #N/A | W94: A01- | X94: NL | Y94: U01- | AA94: /25- | AB94: =W94&C94&B94&AA94&Y94&A94 -> A01-NL596/25-U01-59 | AE94: =IF(COUNTIF($B$2:$B$46837,B94)>1,"DOUBLE","") | AN94: =F94-AF94-AG94-AH94-AI94-AJ94-AK94-AL94-AM94 -> 10.3
A95: 60 | B95: 592 | C95: NL | D95: Ulin | E95: 1 | F95: 11.1 | G95: 45 | H95: 50 | I95: 32 | J95: 37 | K95: =+(G95+H95+I95+J95)/4 -> 41 | L95: =ROUND(K95,0) -> 41 | M95: =+ROUND((L95*L95*F95*0.7854)/10000,2) -> 1.47 | O95: =ROUND(((N95*N95*(F95-P95)*0.7854)/10000),2) -> 0 | P95: 0.5 | Q95: =+ROUND((L95*L95*P95*0.7854)/10000,2) -> 0.07 | R95: =+M95-O95-Q95 -> 1.4 | T95: =IF(L95<40,"30 - 39 Cm",IF(L95<50,"40 - 49 Cm",IF(L95<60,"50 - 59 Cm",IF(L95<70,"60 - 69 Cm",IF(L95<80,"70 - 79 Cm",IF(L95<90,"80 - 89 Cm",IF(L95<100,"90 - 99 Cm",IF(L95>99,"100 Cm Up")))))))) -> 40 - 49 Cm | U95: 45967 | V95: =VLOOKUP(A95,'Supply Log'!$E$6:$V$1999,18,FALSE) -> #N/A | W95: A01- | X95: NL | Y95: U01- | AA95: /25- | AB95: =W95&C95&B95&AA95&Y95&A95 -> A01-NL592/25-U01-60 | AE95: =IF(COUNTIF($B$2:$B$46837,B95)>1,"DOUBLE","") | AN95: =F95-AF95-AG95-AH95-AI95-AJ95-AK95-AL95-AM95 -> 11.1
A96: 61 | B96: 621 | C96: NL | D96: Ulin | E96: 1 | F96: 6.8 | G96: 30 | H96: 38 | I96: 44 | J96: 46 | K96: =+(G96+H96+I96+J96)/4 -> 39.5 | L96: =ROUND(K96,0) -> 40 | M96: =+ROUND((L96*L96*F96*0.7854)/10000,2) -> 0.85 | O96: =ROUND(((N96*N96*(F96-P96)*0.7854)/10000),2) -> 0 | Q96: =+ROUND((L96*L96*P96*0.7854)/10000,2) -> 0 | R96: =+M96-O96-Q96 -> 0.85 | T96: =IF(L96<40,"30 - 39 Cm",IF(L96<50,"40 - 49 Cm",IF(L96<60,"50 - 59 Cm",IF(L96<70,"60 - 69 Cm",IF(L96<80,"70 - 79 Cm",IF(L96<90,"80 - 89 Cm",IF(L96<100,"90 - 99 Cm",IF(L96>99,"100 Cm Up")))))))) -> 40 - 49 Cm | U96: 45967 | V96: =VLOOKUP(A96,'Supply Log'!$E$6:$V$1999,18,FALSE) -> #N/A | W96: A01- | X96: NL | Y96: U01- | AA96: /25- | AB96: =W96&C96&B96&AA96&Y96&A96 -> A01-NL621/25-U01-61 | AE96: =IF(COUNTIF($B$2:$B$46837,B96)>1,"DOUBLE","") | AN96: =F96-AF96-AG96-AH96-AI96-AJ96-AK96-AL96-AM96 -> 6.8
A97: 62 | B97: 609 | C97: NL | D97: Ulin | E97: 1 | F97: 7 | G97: 41 | H97: 45 | I97: 44 | J97: 56 | K97: =+(G97+H97+I97+J97)/4 -> 46.5 | L97: =ROUND(K97,0) -> 47 | M97: =+ROUND((L97*L97*F97*0.7854)/10000,2) -> 1.21 | O97: =ROUND(((N97*N97*(F97-P97)*0.7854)/10000),2) -> 0 | Q97: =+ROUND((L97*L97*P97*0.7854)/10000,2) -> 0 | R97: =+M97-O97-Q97 -> 1.21 | T97: =IF(L97<40,"30 - 39 Cm",IF(L97<50,"40 - 49 Cm",IF(L97<60,"50 - 59 Cm",IF(L97<70,"60 - 69 Cm",IF(L97<80,"70 - 79 Cm",IF(L97<90,"80 - 89 Cm",IF(L97<100,"90 - 99 Cm",IF(L97>99,"100 Cm Up")))))))) -> 40 - 49 Cm | U97: 45967 | V97: =VLOOKUP(A97,'Supply Log'!$E$6:$V$1999,18,FALSE) -> #N/A | W97: A01- | X97: NL | Y97: U01- | AA97: /25- | AB97: =W97&C97&B97&AA97&Y97&A97 -> A01-NL609/25-U01-62 | AE97: =IF(COUNTIF($B$2:$B$46837,B97)>1,"DOUBLE","") | AN97: =F97-AF97-AG97-AH97-AI97-AJ97-AK97-AL97-AM97 -> 7
A98: 63 | B98: 543 | C98: NL | D98: Ulin | E98: 1 | F98: 12.8 | G98: 54 | H98: 58 | I98: 51 | J98: 47 | K98: =+(G98+H98+I98+J98)/4 -> 52.5 | L98: =ROUND(K98,0) -> 53 | M98: =+ROUND((L98*L98*F98*0.7854)/10000,2) -> 2.82 | O98: =ROUND(((N98*N98*(F98-P98)*0.7854)/10000),2) -> 0 | P98: 1 | Q98: =+ROUND((L98*L98*P98*0.7854)/10000,2) -> 0.22 | R98: =+M98-O98-Q98 -> 2.6 | T98: =IF(L98<40,"30 - 39 Cm",IF(L98<50,"40 - 49 Cm",IF(L98<60,"50 - 59 Cm",IF(L98<70,"60 - 69 Cm",IF(L98<80,"70 - 79 Cm",IF(L98<90,"80 - 89 Cm",IF(L98<100,"90 - 99 Cm",IF(L98>99,"100 Cm Up")))))))) -> 50 - 59 Cm | U98: 45967 | V98: =VLOOKUP(A98,'Supply Log'!$E$6:$V$1999,18,FALSE) -> #N/A | W98: A01- | X98: NL | Y98: U01- | AA98: /25- | AB98: =W98&C98&B98&AA98&Y98&A98 -> A01-NL543/25-U01-63 | AE98: =IF(COUNTIF($B$2:$B$46837,B98)>1,"DOUBLE","") | AN98: =F98-AF98-AG98-AH98-AI98-AJ98-AK98-AL98-AM98 -> 12.8
A99: 64 | B99: 616 | C99: NL | D99: Ulin | E99: 1 | F99: 11.4 | G99: 48 | H99: 50 | I99: 28 | J99: 28 | K99: =+(G99+H99+I99+J99)/4 -> 38.5 | L99: =ROUND(K99,0) -> 39 | M99: =+ROUND((L99*L99*F99*0.7854)/10000,2) -> 1.36 | O99: =ROUND(((N99*N99*(F99-P99)*0.7854)/10000),2) -> 0 | Q99: =+ROUND((L99*L99*P99*0.7854)/10000,2) -> 0 | R99: =+M99-O99-Q99 -> 1.36 | T99: =IF(L99<40,"30 - 39 Cm",IF(L99<50,"40 - 49 Cm",IF(L99<60,"50 - 59 Cm",IF(L99<70,"60 - 69 Cm",IF(L99<80,"70 - 79 Cm",IF(L99<90,"80 - 89 Cm",IF(L99<100,"90 - 99 Cm",IF(L99>99,"100 Cm Up")))))))) -> 30 - 39 Cm | U99: 45967 | V99: =VLOOKUP(A99,'Supply Log'!$E$6:$V$1999,18,FALSE) -> #N/A | W99: A01- | X99: NL | Y99: U01- | AA99: /25- | AB99: =W99&C99&B99&AA99&Y99&A99 -> A01-NL616/25-U01-64 | AE99: =IF(COUNTIF($B$2:$B$46837,B99)>1,"DOUBLE","") | AN99: =F99-AF99-AG99-AH99-AI99-AJ99-AK99-AL99-AM99 -> 11.4
A100: 65 | B100: 745 | C100: NL | D100: Ulin | E100: 1 | F100: 12.8 | G100: 29 | H100: 33 | I100: 42 | J100: 45 | K100: =+(G100+H100+I100+J100)/4 -> 37.25 | L100: =ROUND(K100,0) -> 37 | M100: =+ROUND((L100*L100*F100*0.7854)/10000,2) -> 1.38 | O100: =ROUND(((N100*N100*(F100-P100)*0.7854)/10000),2) -> 0 | P100: 0.5 | Q100: =+ROUND((L100*L100*P100*0.7854)/10000,2) -> 0.05 | R100: =+M100-O100-Q100 -> 1.33 | T100: =IF(L100<40,"30 - 39 Cm",IF(L100<50,"40 - 49 Cm",IF(L100<60,"50 - 59 Cm",IF(L100<70,"60 - 69 Cm",IF(L100<80,"70 - 79 Cm",IF(L100<90,"80 - 89 Cm",IF(L100<100,"90 - 99 Cm",IF(L100>99,"100 Cm Up")))))))) -> 30 - 39 Cm | U100: 45967 | V100: =VLOOKUP(A100,'Supply Log'!$E$6:$V$1999,18,FALSE) -> #N/A | W100: A01- | X100: NL | Y100: U01- | AA100: /25- | AB100: =W100&C100&B100&AA100&Y100&A100 -> A01-NL745/25-U01-65 | AE100: =IF(COUNTIF($B$2:$B$46837,B100)>1,"DOUBLE","") | AN100: =F100-AF100-AG100-AH100-AI100-AJ100-AK100-AL100-AM100 -> 12.8
...

Sheet Supply Log
P1: Tidak di potong chainsaw ( langsung masuk ke log yard )
O3: Pake Vol ini | T3: U/Opr ch
E4: ISI MANUAL | M4: Ø | N4: Ø2
A5: CEK | B5: NO | C5: S | D5: TANGGAL | E5: NO LOG | F5: KODE | G5: JENIS | H5: PJG LOG | I5: D1 | J5: D2 | K5: D3 | L5: D4 | O5: Brutto | P5: GR | Q5: M3 | R5: Trimming | S5: Vol Tr | T5: Netto | U5: SUM | V5: TGL2 | W5: No Log Asal
A6: =IF(COUNTIF($E$2:$E$47178,E6)>1,"DOUBLE","") | B6: 1 | C6: =IF(D6="","",(IF(D7=D6,"",1))) | D6: 45971 | E6: 199 | F6: =VLOOKUP(E6,DUKB!$A$6:$R$658,3,FALSE) -> NL | G6: =VLOOKUP(E6,DUKB!$A$6:$R$658,4,FALSE) -> Ulin | H6: =VLOOKUP(E6,DUKB!$A$6:$R$658,6,FALSE) -> 11 | I6: =VLOOKUP(E6,DUKB!$A$6:$R$658,7,FALSE) -> 39 | J6: =VLOOKUP(E6,DUKB!$A$6:$R$658,8,FALSE) -> 43 | K6: =VLOOKUP(E6,DUKB!$A$6:$R$658,9,FALSE) -> 25 | L6: =VLOOKUP(E6,DUKB!$A$6:$R$658,10,FALSE) -> 32 | M6: =VLOOKUP(E6,DUKB!$A$6:$R$658,11,FALSE) -> 34.75 | N6: =VLOOKUP(E6,DUKB!$A$6:$R$658,12,FALSE) -> 35 | O6: =VLOOKUP(E6,DUKB!$A$6:$R$658,13,FALSE) -> 1.06 | P6: =VLOOKUP(E6,DUKB!$A$6:$R$658,14,FALSE) -> 0 | Q6: =VLOOKUP(E6,DUKB!$A$6:$R$658,15,FALSE) -> 0 | R6: =VLOOKUP(E6,DUKB!$A$6:$R$658,16,FALSE) -> 1.5 | S6: =VLOOKUP(E6,DUKB!$A$6:$R$658,17,FALSE) -> 0.14 | T6: =VLOOKUP(E6,DUKB!$A$6:$R$658,18,FALSE) -> 0.92 | U6: =IF(C6="","",(SUMIF($D$2:$D$25115,D6,$O$2:$O$25115))) | V6: =D6 -> 45971 | W6: =VLOOKUP(E6,DUKB!$A$6:$B$565,2,FALSE) -> 419 | X6: =VLOOKUP(E6,DUKB!$A$6:$T$560,19,FALSE) -> 0 | Z6: =E6 -> 199 | AA6: =W6 -> 419 | AB6: =X6 -> 0 | AC6: =G6 -> Ulin | AD6: =H6 -> 11 | AE6: =N6 -> 35 | AF6: =O6 -> 1.06 | AH6: =E6 -> 199 | AI6: =B6 -> 1
A7: =IF(COUNTIF($E$2:$E$47178,E7)>1,"DOUBLE","") | B7: =B6+1 -> 2 | C7: =IF(D7="","",(IF(D8=D7,"",1))) | D7: 45971 | E7: 200 | F7: =VLOOKUP(E7,DUKB!$A$6:$R$658,3,FALSE) -> NL | G7: =VLOOKUP(E7,DUKB!$A$6:$R$658,4,FALSE) -> Ulin | H7: =VLOOKUP(E7,DUKB!$A$6:$R$658,6,FALSE) -> 14.2 | I7: =VLOOKUP(E7,DUKB!$A$6:$R$658,7,FALSE) -> 38 | J7: =VLOOKUP(E7,DUKB!$A$6:$R$658,8,FALSE) -> 44 | K7: =VLOOKUP(E7,DUKB!$A$6:$R$658,9,FALSE) -> 30 | L7: =VLOOKUP(E7,DUKB!$A$6:$R$658,10,FALSE) -> 34 | M7: =VLOOKUP(E7,DUKB!$A$6:$R$658,11,FALSE) -> 36.5 | N7: =VLOOKUP(E7,DUKB!$A$6:$R$658,12,FALSE) -> 37 | O7: =VLOOKUP(E7,DUKB!$A$6:$R$658,13,FALSE) -> 1.53 | P7: =VLOOKUP(E7,DUKB!$A$6:$R$658,14,FALSE) -> 0 | Q7: =VLOOKUP(E7,DUKB!$A$6:$R$658,15,FALSE) -> 0 | R7: =VLOOKUP(E7,DUKB!$A$6:$R$658,16,FALSE) -> 0.5 | S7: =VLOOKUP(E7,DUKB!$A$6:$R$658,17,FALSE) -> 0.05 | T7: =VLOOKUP(E7,DUKB!$A$6:$R$658,18,FALSE) -> 1.48 | U7: =IF(C7="","",(SUMIF($D$2:$D$25115,D7,$O$2:$O$25115))) | V7: =D7 -> 45971 | W7: =VLOOKUP(E7,DUKB!$A$6:$B$565,2,FALSE) -> 411 | X7: =VLOOKUP(E7,DUKB!$A$6:$T$560,19,FALSE) -> 0 | Z7: =E7 -> 200 | AA7: =W7 -> 411 | AB7: =X7 -> 0 | AC7: =G7 -> Ulin | AD7: =H7 -> 14.2 | AE7: =N7 -> 37 | AF7: =O7 -> 1.53 | AH7: =E7 -> 200 | AI7: =B7 -> 2
A8: =IF(COUNTIF($E$2:$E$47178,E8)>1,"DOUBLE","") | B8: =B7+1 -> 3 | C8: =IF(D8="","",(IF(D9=D8,"",1))) | D8: 45971 | E8: 196 | F8: =VLOOKUP(E8,DUKB!$A$6:$R$658,3,FALSE) -> NL | G8: =VLOOKUP(E8,DUKB!$A$6:$R$658,4,FALSE) -> Ulin | H8: =VLOOKUP(E8,DUKB!$A$6:$R$658,6,FALSE) -> 6.6 | I8: =VLOOKUP(E8,DUKB!$A$6:$R$658,7,FALSE) -> 36 | J8: =VLOOKUP(E8,DUKB!$A$6:$R$658,8,FALSE) -> 40 | K8: =VLOOKUP(E8,DUKB!$A$6:$R$658,9,FALSE) -> 31 | L8: =VLOOKUP(E8,DUKB!$A$6:$R$658,10,FALSE) -> 35 | M8: =VLOOKUP(E8,DUKB!$A$6:$R$658,11,FALSE) -> 35.5 | N8: =VLOOKUP(E8,DUKB!$A$6:$R$658,12,FALSE) -> 36 | O8: =VLOOKUP(E8,DUKB!$A$6:$R$658,13,FALSE) -> 0.67 | P8: =VLOOKUP(E8,DUKB!$A$6:$R$658,14,FALSE) -> 0 | Q8: =VLOOKUP(E8,DUKB!$A$6:$R$658,15,FALSE) -> 0 | R8: =VLOOKUP(E8,DUKB!$A$6:$R$658,16,FALSE) -> 0 | S8: =VLOOKUP(E8,DUKB!$A$6:$R$658,17,FALSE) -> 0 | T8: =VLOOKUP(E8,DUKB!$A$6:$R$658,18,FALSE) -> 0.67 | U8: =IF(C8="","",(SUMIF($D$2:$D$25115,D8,$O$2:$O$25115))) | V8: =D8 -> 45971 | W8: =VLOOKUP(E8,DUKB!$A$6:$B$565,2,FALSE) -> 425 | X8: =VLOOKUP(E8,DUKB!$A$6:$T$560,19,FALSE) -> 0 | Z8: =E8 -> 196 | AA8: =W8 -> 425 | AB8: =X8 -> 0 | AC8: =G8 -> Ulin | AD8: =H8 -> 6.6 | AE8: =N8 -> 36 | AF8: =O8 -> 0.67 | AH8: =E8 -> 196 | AI8: =B8 -> 3
A9: =IF(COUNTIF($E$2:$E$47178,E9)>1,"DOUBLE","") | B9: =B8+1 -> 4 | C9: =IF(D9="","",(IF(D10=D9,"",1))) | D9: 45971 | E9: 197 | F9: =VLOOKUP(E9,DUKB!$A$6:$R$658,3,FALSE) -> NL | G9: =VLOOKUP(E9,DUKB!$A$6:$R$658,4,FALSE) -> Ulin | H9: =VLOOKUP(E9,DUKB!$A$6:$R$658,6,FALSE) -> 11.5 | I9: =VLOOKUP(E9,DUKB!$A$6:$R$658,7,FALSE) -> 34 | J9: =VLOOKUP(E9,DUKB!$A$6:$R$658,8,FALSE) -> 38 | K9: =VLOOKUP(E9,DUKB!$A$6:$R$658,9,FALSE) -> 26 | L9: =VLOOKUP(E9,DUKB!$A$6:$R$658,10,FALSE) -> 31 | M9: =VLOOKUP(E9,DUKB!$A$6:$R$658,11,FALSE) -> 32.25 | N9: =VLOOKUP(E9,DUKB!$A$6:$R$658,12,FALSE) -> 32 | O9: =VLOOKUP(E9,DUKB!$A$6:$R$658,13,FALSE) -> 0.92 | P9: =VLOOKUP(E9,DUKB!$A$6:$R$658,14,FALSE) -> 0 | Q9: =VLOOKUP(E9,DUKB!$A$6:$R$658,15,FALSE) -> 0 | R9: =VLOOKUP(E9,DUKB!$A$6:$R$658,16,FALSE) -> 0.5 | S9: =VLOOKUP(E9,DUKB!$A$6:$R$658,17,FALSE) -> 0.04 | T9: =VLOOKUP(E9,DUKB!$A$6:$R$658,18,FALSE) -> 0.88 | U9: =IF(C9="","",(SUMIF($D$2:$D$25115,D9,$O$2:$O$25115))) | V9: =D9 -> 45971 | W9: =VLOOKUP(E9,DUKB!$A$6:$B$565,2,FALSE) -> 404 | X9: =VLOOKUP(E9,DUKB!$A$6:$T$560,19,FALSE) -> 0 | Z9: =E9 -> 197 | AA9: =W9 -> 404 | AB9: =X9 -> 0 | AC9: =G9 -> Ulin | AD9: =H9 -> 11.5 | AE9: =N9 -> 32 | AF9: =O9 -> 0.92 | AH9: =E9 -> 197 | AI9: =B9 -> 4
A10: =IF(COUNTIF($E$2:$E$47178,E10)>1,"DOUBLE","") | B10: =B9+1 -> 5 | C10: =IF(D10="","",(IF(D11=D10,"",1))) | D10: 45971 | E10: 198 | F10: =VLOOKUP(E10,DUKB!$A$6:$R$658,3,FALSE) -> NL | G10: =VLOOKUP(E10,DUKB!$A$6:$R$658,4,FALSE) -> Ulin | H10: =VLOOKUP(E10,DUKB!$A$6:$R$658,6,FALSE) -> 9.1 | I10: =VLOOKUP(E10,DUKB!$A$6:$R$658,7,FALSE) -> 30 | J10: =VLOOKUP(E10,DUKB!$A$6:$R$658,8,FALSE) -> 32 | K10: =VLOOKUP(E10,DUKB!$A$6:$R$658,9,FALSE) -> 41 | L10: =VLOOKUP(E10,DUKB!$A$6:$R$658,10,FALSE) -> 47 | M10: =VLOOKUP(E10,DUKB!$A$6:$R$658,11,FALSE) -> 37.5 | N10: =VLOOKUP(E10,DUKB!$A$6:$R$658,12,FALSE) -> 38 | O10: =VLOOKUP(E10,DUKB!$A$6:$R$658,13,FALSE) -> 1.03 | P10: =VLOOKUP(E10,DUKB!$A$6:$R$658,14,FALSE) -> 0 | Q10: =VLOOKUP(E10,DUKB!$A$6:$R$658,15,FALSE) -> 0 | R10: =VLOOKUP(E10,DUKB!$A$6:$R$658,16,FALSE) -> 0.5 | S10: =VLOOKUP(E10,DUKB!$A$6:$R$658,17,FALSE) -> 0.06 | T10: =VLOOKUP(E10,DUKB!$A$6:$R$658,18,FALSE) -> 0.97 | U10: =IF(C10="","",(SUMIF($D$2:$D$25115,D10,$O$2:$O$25115))) | V10: =D10 -> 45971 | W10: =VLOOKUP(E10,DUKB!$A$6:$B$565,2,FALSE) -> 921 | X10: =VLOOKUP(E10,DUKB!$A$6:$T$560,19,FALSE) -> 0 | Z10: =E10 -> 198 | AA10: =W10 -> 921 | AB10: =X10 -> 0 | AC10: =G10 -> Ulin | AD10: =H10 -> 9.1 | AE10: =N10 -> 38 | AF10: =O10 -> 1.03 | AH10: =E10 -> 198 | AI10: =B10 -> 5
A11: =IF(COUNTIF($E$2:$E$47178,E11)>1,"DOUBLE","") | B11: =B10+1 -> 6 | C11: =IF(D11="","",(IF(D12=D11,"",1))) | D11: 45971 | E11: 195 | F11: =VLOOKUP(E11,DUKB!$A$6:$R$658,3,FALSE) -> NL | G11: =VLOOKUP(E11,DUKB!$A$6:$R$658,4,FALSE) -> Ulin | H11: =VLOOKUP(E11,DUKB!$A$6:$R$658,6,FALSE) -> 17.9 | I11: =VLOOKUP(E11,DUKB!$A$6:$R$658,7,FALSE) -> 26 | J11: =VLOOKUP(E11,DUKB!$A$6:$R$658,8,FALSE) -> 30 | K11: =VLOOKUP(E11,DUKB!$A$6:$R$658,9,FALSE) -> 48 | L11: =VLOOKUP(E11,DUKB!$A$6:$R$658,10,FALSE) -> 49 | M11: =VLOOKUP(E11,DUKB!$A$6:$R$658,11,FALSE) -> 38.25 | N11: =VLOOKUP(E11,DUKB!$A$6:$R$658,12,FALSE) -> 38 | O11: =VLOOKUP(E11,DUKB!$A$6:$R$658,13,FALSE) -> 2.03 | P11: =VLOOKUP(E11,DUKB!$A$6:$R$658,14,FALSE) -> 0 | Q11: =VLOOKUP(E11,DUKB!$A$6:$R$658,15,FALSE) -> 0 | R11: =VLOOKUP(E11,DUKB!$A$6:$R$658,16,FALSE) -> 1 | S11: =VLOOKUP(E11,DUKB!$A$6:$R$658,17,FALSE) -> 0.11 | T11: =VLOOKUP(E11,DUKB!$A$6:$R$658,18,FALSE) -> 1.92 | U11: =IF(C11="","",(SUMIF($D$2:$D$25115,D11,$O$2:$O$25115))) | V11: =D11 -> 45971 | W11: =VLOOKUP(E11,DUKB!$A$6:$B$565,2,FALSE) -> 611 | X11: =VLOOKUP(E11,DUKB!$A$6:$T$560,19,FALSE) -> 0 | Z11: =E11 -> 195 | AA11: =W11 -> 611 | AB11: =X11 -> 0 | AC11: =G11 -> Ulin | AD11: =H11 -> 17.9 | AE11: =N11 -> 38 | AF11: =O11 -> 2.03 | AH11: =E11 -> 195 | AI11: =B11 -> 6
A12: =IF(COUNTIF($E$2:$E$47178,E12)>1,"DOUBLE","") | B12: =B11+1 -> 7 | C12: =IF(D12="","",(IF(D13=D12,"",1))) | D12: 45971 | E12: 192 | F12: =VLOOKUP(E12,DUKB!$A$6:$R$658,3,FALSE) -> NL | G12: =VLOOKUP(E12,DUKB!$A$6:$R$658,4,FALSE) -> Ulin | H12: =VLOOKUP(E12,DUKB!$A$6:$R$658,6,FALSE) -> 11 | I12: =VLOOKUP(E12,DUKB!$A$6:$R$658,7,FALSE) -> 28 | J12: =VLOOKUP(E12,DUKB!$A$6:$R$658,8,FALSE) -> 31 | K12: =VLOOKUP(E12,DUKB!$A$6:$R$658,9,FALSE) -> 35 | L12: =VLOOKUP(E12,DUKB!$A$6:$R$658,10,FALSE) -> 40 | M12: =VLOOKUP(E12,DUKB!$A$6:$R$658,11,FALSE) -> 33.5 | N12: =VLOOKUP(E12,DUKB!$A$6:$R$658,12,FALSE) -> 34 | O12: =VLOOKUP(E12,DUKB!$A$6:$R$658,13,FALSE) -> 1 | P12: =VLOOKUP(E12,DUKB!$A$6:$R$658,14,FALSE) -> 0 | Q12: =VLOOKUP(E12,DUKB!$A$6:$R$658,15,FALSE) -> 0 | R12: =VLOOKUP(E12,DUKB!$A$6:$R$658,16,FALSE) -> 0 | S12: =VLOOKUP(E12,DUKB!$A$6:$R$658,17,FALSE) -> 0 | T12: =VLOOKUP(E12,DUKB!$A$6:$R$658,18,FALSE) -> 1 | U12: =IF(C12="","",(SUMIF($D$2:$D$25115,D12,$O$2:$O$25115))) | V12: =D12 -> 45971 | W12: =VLOOKUP(E12,DUKB!$A$6:$B$565,2,FALSE) -> 430 | X12: =VLOOKUP(E12,DUKB!$A$6:$T$560,19,FALSE) -> 0 | Z12: =E12 -> 192 | AA12: =W12 -> 430 | AB12: =X12 -> 0 | AC12: =G12 -> Ulin | AD12: =H12 -> 11 | AE12: =N12 -> 34 | AF12: =O12 -> 1 | AH12: =E12 -> 192 | AI12: =B12 -> 7
A13: =IF(COUNTIF($E$2:$E$47178,E13)>1,"DOUBLE","") | B13: =B12+1 -> 8 | C13: =IF(D13="","",(IF(D14=D13,"",1))) | D13: 45971 | E13: 193 | F13: =VLOOKUP(E13,DUKB!$A$6:$R$658,3,FALSE) -> NL | G13: =VLOOKUP(E13,DUKB!$A$6:$R$658,4,FALSE) -> Ulin | H13: =VLOOKUP(E13,DUKB!$A$6:$R$658,6,FALSE) -> 5.3 | I13: =VLOOKUP(E13,DUKB!$A$6:$R$658,7,FALSE) -> 35 | J13: =VLOOKUP(E13,DUKB!$A$6:$R$658,8,FALSE) -> 27 | K13: =VLOOKUP(E13,DUKB!$A$6:$R$658,9,FALSE) -> 26 | L13: =VLOOKUP(E13,DUKB!$A$6:$R$658,10,FALSE) -> 31 | M13: =VLOOKUP(E13,DUKB!$A$6:$R$658,11,FALSE) -> 29.75 | N13: =VLOOKUP(E13,DUKB!$A$6:$R$658,12,FALSE) -> 30 | O13: =VLOOKUP(E13,DUKB!$A$6:$R$658,13,FALSE) -> 0.37 | P13: =VLOOKUP(E13,DUKB!$A$6:$R$658,14,FALSE) -> 0 | Q13: =VLOOKUP(E13,DUKB!$A$6:$R$658,15,FALSE) -> 0 | R13: =VLOOKUP(E13,DUKB!$A$6:$R$658,16,FALSE) -> 0.5 | S13: =VLOOKUP(E13,DUKB!$A$6:$R$658,17,FALSE) -> 0.04 | T13: =VLOOKUP(E13,DUKB!$A$6:$R$658,18,FALSE) -> 0.33 | U13: =IF(C13="","",(SUMIF($D$2:$D$25115,D13,$O$2:$O$25115))) | V13: =D13 -> 45971 | W13: =VLOOKUP(E13,DUKB!$A$6:$B$565,2,FALSE) -> 413 | X13: =VLOOKUP(E13,DUKB!$A$6:$T$560,19,FALSE) -> 0 | Z13: =E13 -> 193 | AA13: =W13 -> 413 | AB13: =X13 -> 0 | AC13: =G13 -> Ulin | AD13: =H13 -> 5.3 | AE13: =N13 -> 30 | AF13: =O13 -> 0.37 | AH13: =E13 -> 193 | AI13: =B13 -> 8
A14: =IF(COUNTIF($E$2:$E$47178,E14)>1,"DOUBLE","") | B14: =B13+1 -> 9 | C14: =IF(D14="","",(IF(D15=D14,"",1))) | D14: 45971 | E14: 194 | F14: =VLOOKUP(E14,DUKB!$A$6:$R$658,3,FALSE) -> NL | G14: =VLOOKUP(E14,DUKB!$A$6:$R$658,4,FALSE) -> Ulin | H14: =VLOOKUP(E14,DUKB!$A$6:$R$658,6,FALSE) -> 8.8 | I14: =VLOOKUP(E14,DUKB!$A$6:$R$658,7,FALSE) -> 34 | J14: =VLOOKUP(E14,DUKB!$A$6:$R$658,8,FALSE) -> 31 | K14: =VLOOKUP(E14,DUKB!$A$6:$R$658,9,FALSE) -> 33 | L14: =VLOOKUP(E14,DUKB!$A$6:$R$658,10,FALSE) -> 39 | M14: =VLOOKUP(E14,DUKB!$A$6:$R$658,11,FALSE) -> 34.25 | N14: =VLOOKUP(E14,DUKB!$A$6:$R$658,12,FALSE) -> 34 | O14: =VLOOKUP(E14,DUKB!$A$6:$R$658,13,FALSE) -> 0.8 | P14: =VLOOKUP(E14,DUKB!$A$6:$R$658,14,FALSE) -> 0 | Q14: =VLOOKUP(E14,DUKB!$A$6:$R$658,15,FALSE) -> 0 | R14: =VLOOKUP(E14,DUKB!$A$6:$R$658,16,FALSE) -> 1 | S14: =VLOOKUP(E14,DUKB!$A$6:$R$658,17,FALSE) -> 0.09 | T14: =VLOOKUP(E14,DUKB!$A$6:$R$658,18,FALSE) -> 0.71 | U14: =IF(C14="","",(SUMIF($D$2:$D$25115,D14,$O$2:$O$25115))) | V14: =D14 -> 45971 | W14: =VLOOKUP(E14,DUKB!$A$6:$B$565,2,FALSE) -> 454 | X14: =VLOOKUP(E14,DUKB!$A$6:$T$560,19,FALSE) -> 0 | Z14: =E14 -> 194 | AA14: =W14 -> 454 | AB14: =X14 -> 0 | AC14: =G14 -> Ulin | AD14: =H14 -> 8.8 | AE14: =N14 -> 34 | AF14: =O14 -> 0.8 | AH14: =E14 -> 194 | AI14: =B14 -> 9
A15: =IF(COUNTIF($E$2:$E$47178,E15)>1,"DOUBLE","") | B15: =B14+1 -> 10 | C15: =IF(D15="","",(IF(D16=D15,"",1))) | D15: 45971 | E15: 189 | F15: =VLOOKUP(E15,DUKB!$A$6:$R$658,3,FALSE) -> NL | G15: =VLOOKUP(E15,DUKB!$A$6:$R$658,4,FALSE) -> Ulin | H15: =VLOOKUP(E15,DUKB!$A$6:$R$658,6,FALSE) -> 13.3 | I15: =VLOOKUP(E15,DUKB!$A$6:$R$658,7,FALSE) -> 27 | J15: =VLOOKUP(E15,DUKB!$A$6:$R$658,8,FALSE) -> 32 | K15: =VLOOKUP(E15,DUKB!$A$6:$R$658,9,FALSE) -> 36 | L15: =VLOOKUP(E15,DUKB!$A$6:$R$658,10,FALSE) -> 42 | M15: =VLOOKUP(E15,DUKB!$A$6:$R$658,11,FALSE) -> 34.25 | N15: =VLOOKUP(E15,DUKB!$A$6:$R$658,12,FALSE) -> 34 | O15: =VLOOKUP(E15,DUKB!$A$6:$R$658,13,FALSE) -> 1.21 | P15: =VLOOKUP(E15,DUKB!$A$6:$R$658,14,FALSE) -> 0 | Q15: =VLOOKUP(E15,DUKB!$A$6:$R$658,15,FALSE) -> 0 | R15: =VLOOKUP(E15,DUKB!$A$6:$R$658,16,FALSE) -> 0.5 | S15: =VLOOKUP(E15,DUKB!$A$6:$R$658,17,FALSE) -> 0.05 | T15: =VLOOKUP(E15,DUKB!$A$6:$R$658,18,FALSE) -> 1.16 | U15: =IF(C15="","",(SUMIF($D$2:$D$25115,D15,$O$2:$O$25115))) | V15: =D15 -> 45971 | W15: =VLOOKUP(E15,DUKB!$A$6:$B$565,2,FALSE) -> 402 | X15: =VLOOKUP(E15,DUKB!$A$6:$T$560,19,FALSE) -> 0 | Z15: =E15 -> 189 | AA15: =W15 -> 402 | AB15: =X15 -> 0 | AC15: =G15 -> Ulin | AD15: =H15 -> 13.3 | AE15: =N15 -> 34 | AF15: =O15 -> 1.21 | AH15: =E15 -> 189 | AI15: =B15 -> 10
A16: =IF(COUNTIF($E$2:$E$47178,E16)>1,"DOUBLE","") | B16: =B15+1 -> 11 | C16: =IF(D16="","",(IF(D17=D16,"",1))) | D16: 45971 | E16: 190 | F16: =VLOOKUP(E16,DUKB!$A$6:$R$658,3,FALSE) -> NL | G16: =VLOOKUP(E16,DUKB!$A$6:$R$658,4,FALSE) -> Ulin | H16: =VLOOKUP(E16,DUKB!$A$6:$R$658,6,FALSE) -> 7.5 | I16: =VLOOKUP(E16,DUKB!$A$6:$R$658,7,FALSE) -> 31 | J16: =VLOOKUP(E16,DUKB!$A$6:$R$658,8,FALSE) -> 39 | K16: =VLOOKUP(E16,DUKB!$A$6:$R$658,9,FALSE) -> 27 | L16: =VLOOKUP(E16,DUKB!$A$6:$R$658,10,FALSE) -> 38 | M16: =VLOOKUP(E16,DUKB!$A$6:$R$658,11,FALSE) -> 33.75 | N16: =VLOOKUP(E16,DUKB!$A$6:$R$658,12,FALSE) -> 34 | O16: =VLOOKUP(E16,DUKB!$A$6:$R$658,13,FALSE) -> 0.68 | P16: =VLOOKUP(E16,DUKB!$A$6:$R$658,14,FALSE) -> 0 | Q16: =VLOOKUP(E16,DUKB!$A$6:$R$658,15,FALSE) -> 0 | R16: =VLOOKUP(E16,DUKB!$A$6:$R$658,16,FALSE) -> 0.5 | S16: =VLOOKUP(E16,DUKB!$A$6:$R$658,17,FALSE) -> 0.05 | T16: =VLOOKUP(E16,DUKB!$A$6:$R$658,18,FALSE) -> 0.63 | U16: =IF(C16="","",(SUMIF($D$2:$D$25115,D16,$O$2:$O$25115))) | V16: =D16 -> 45971 | W16: =VLOOKUP(E16,DUKB!$A$6:$B$565,2,FALSE) -> 428 | X16: =VLOOKUP(E16,DUKB!$A$6:$T$560,19,FALSE) -> 0 | Z16: =E16 -> 190 | AA16: =W16 -> 428 | AB16: =X16 -> 0 | AC16: =G16 -> Ulin | AD16: =H16 -> 7.5 | AE16: =N16 -> 34 | AF16: =O16 -> 0.68 | AH16: =E16 -> 190 | AI16: =B16 -> 11
A17: =IF(COUNTIF($E$2:$E$47178,E17)>1,"DOUBLE","") | B17: =B16+1 -> 12 | C17: =IF(D17="","",(IF(D18=D17,"",1))) | D17: 45971 | E17: 191 | F17: =VLOOKUP(E17,DUKB!$A$6:$R$658,3,FALSE) -> NL | G17: =VLOOKUP(E17,DUKB!$A$6:$R$658,4,FALSE) -> Ulin | H17: =VLOOKUP(E17,DUKB!$A$6:$R$658,6,FALSE) -> 8.1 | I17: =VLOOKUP(E17,DUKB!$A$6:$R$658,7,FALSE) -> 36 | J17: =VLOOKUP(E17,DUKB!$A$6:$R$658,8,FALSE) -> 41 | K17: =VLOOKUP(E17,DUKB!$A$6:$R$658,9,FALSE) -> 28 | L17: =VLOOKUP(E17,DUKB!$A$6:$R$658,10,FALSE) -> 36 | M17: =VLOOKUP(E17,DUKB!$A$6:$R$658,11,FALSE) -> 35.25 | N17: =VLOOKUP(E17,DUKB!$A$6:$R$658,12,FALSE) -> 35 | O17: =VLOOKUP(E17,DUKB!$A$6:$R$658,13,FALSE) -> 0.78 | P17: =VLOOKUP(E17,DUKB!$A$6:$R$658,14,FALSE) -> 0 | Q17: =VLOOKUP(E17,DUKB!$A$6:$R$658,15,FALSE) -> 0 | R17: =VLOOKUP(E17,DUKB!$A$6:$R$658,16,FALSE) -> 0 | S17: =VLOOKUP(E17,DUKB!$A$6:$R$658,17,FALSE) -> 0 | T17: =VLOOKUP(E17,DUKB!$A$6:$R$658,18,FALSE) -> 0.78 | U17: =IF(C17="","",(SUMIF($D$2:$D$25115,D17,$O$2:$O$25115))) | V17: =D17 -> 45971 | W17: =VLOOKUP(E17,DUKB!$A$6:$B$565,2,FALSE) -> 451 | X17: =VLOOKUP(E17,DUKB!$A$6:$T$560,19,FALSE) -> 0 | Z17: =E17 -> 191 | AA17: =W17 -> 451 | AB17: =X17 -> 0 | AC17: =G17 -> Ulin | AD17: =H17 -> 8.1 | AE17: =N17 -> 35 | AF17: =O17 -> 0.78 | AH17: =E17 -> 191 | AI17: =B17 -> 12
A18: =IF(COUNTIF($E$2:$E$47178,E18)>1,"DOUBLE","") | B18: =B17+1 -> 13 | C18: =IF(D18="","",(IF(D19=D18,"",1))) | D18: 45971 | E18: 187 | F18: =VLOOKUP(E18,DUKB!$A$6:$R$658,3,FALSE) -> NL | G18: =VLOOKUP(E18,DUKB!$A$6:$R$658,4,FALSE) -> Ulin | H18: =VLOOKUP(E18,DUKB!$A$6:$R$658,6,FALSE) -> 13.3 | I18: =VLOOKUP(E18,DUKB!$A$6:$R$658,7,FALSE) -> 30 | J18: =VLOOKUP(E18,DUKB!$A$6:$R$658,8,FALSE) -> 35 | K18: =VLOOKUP(E18,DUKB!$A$6:$R$658,9,FALSE) -> 43 | L18: =VLOOKUP(E18,DUKB!$A$6:$R$658,10,FALSE) -> 44 | M18: =VLOOKUP(E18,DUKB!$A$6:$R$658,11,FALSE) -> 38 | N18: =VLOOKUP(E18,DUKB!$A$6:$R$658,12,FALSE) -> 38 | O18: =VLOOKUP(E18,DUKB!$A$6:$R$658,13,FALSE) -> 1.51 | P18: =VLOOKUP(E18,DUKB!$A$6:$R$658,14,FALSE) -> 0 | Q18: =VLOOKUP(E18,DUKB!$A$6:$R$658,15,FALSE) -> 0 | R18: =VLOOKUP(E18,DUKB!$A$6:$R$658,16,FALSE) -> 1.5 | S18: =VLOOKUP(E18,DUKB!$A$6:$R$658,17,FALSE) -> 0.17 | T18: =VLOOKUP(E18,DUKB!$A$6:$R$658,18,FALSE) -> 1.34 | U18: =IF(C18="","",(SUMIF($D$2:$D$25115,D18,$O$2:$O$25115))) | V18: =D18 -> 45971 | W18: =VLOOKUP(E18,DUKB!$A$6:$B$565,2,FALSE) -> 453 | X18: =VLOOKUP(E18,DUKB!$A$6:$T$560,19,FALSE) -> 0 | Z18: =E18 -> 187 | AA18: =W18 -> 453 | AB18: =X18 -> 0 | AC18: =G18 -> Ulin | AD18: =H18 -> 13.3 | AE18: =N18 -> 38 | AF18: =O18 -> 1.51 | AH18: =E18 -> 187 | AI18: =B18 -> 13
... A35: =IF(COUNTIF($E$2:$E$47178,E35)>1,"DOUBLE","") | B35: =B34+1 -> 30 | C35: =IF(D35="","",(IF(D36=D35,"",1))) -> 1 | D35: 45971 | E35: 171 | F35: =VLOOKUP(E35,DUKB!$A$6:$R$658,3,FALSE) -> NL | G35: =VLOOKUP(E35,DUKB!$A$6:$R$658,4,FALSE) -> Ulin | H35: =VLOOKUP(E35,DUKB!$A$6:$R$658,6,FALSE) -> 8.9 | I35: =VLOOKUP(E35,DUKB!$A$6:$R$658,7,FALSE) -> 36 | J35: =VLOOKUP(E35,DUKB!$A$6:$R$658,8,FALSE) -> 45 | K35: =VLOOKUP(E35,DUKB!$A$6:$R$658,9,FALSE) -> 36 | L35: =VLOOKUP(E35,DUKB!$A$6:$R$658,10,FALSE) -> 39 | M35: =VLOOKUP(E35,DUKB!$A$6:$R$658,11,FALSE) -> 39 | N35: =VLOOKUP(E35,DUKB!$A$6:$R$658,12,FALSE) -> 39 | O35: =VLOOKUP(E35,DUKB!$A$6:$R$658,13,FALSE) -> 1.06 | P35: =VLOOKUP(E35,DUKB!$A$6:$R$658,14,FALSE) -> 0 | Q35: =VLOOKUP(E35,DUKB!$A$6:$R$658,15,FALSE) -> 0 | R35: =VLOOKUP(E35,DUKB!$A$6:$R$658,16,FALSE) -> 0.5 | S35: =VLOOKUP(E35,DUKB!$A$6:$R$658,17,FALSE) -> 0.06 | T35: =VLOOKUP(E35,DUKB!$A$6:$R$658,18,FALSE) -> 1 | U35: =IF(C35="","",(SUMIF($D$2:$D$25115,D35,$O$2:$O$25115))) -> 28.41 | V35: =D35 -> 45971 | W35: =VLOOKUP(E35,DUKB!$A$6:$B$565,2,FALSE) -> 447 | X35: =VLOOKUP(E35,DUKB!$A$6:$T$560,19,FALSE) -> 0 | Z35: =E35 -> 171 | AA35: =W35 -> 447 | AB35: =X35 -> 0 | AC35: =G35 -> Ulin | AD35: =H35 -> 8.9 | AE35: =N35 -> 39 | AF35: =O35 -> 1.06 | AH35: =E35 -> 171 | AI35: =B35 -> 30
A36: =IF(COUNTIF($E$2:$E$47178,E36)>1,"DOUBLE","") | B36: 1 | C36: =IF(D36="","",(IF(D37=D36,"",1))) | F36: =VLOOKUP(E36,DUKB!$A$6:$R$658,3,FALSE) -> #N/A | G36: =VLOOKUP(E36,DUKB!$A$6:$R$658,4,FALSE) -> #N/A | H36: =VLOOKUP(E36,DUKB!$A$6:$R$658,6,FALSE) -> #N/A | I36: =VLOOKUP(E36,DUKB!$A$6:$R$658,7,FALSE) -> #N/A | J36: =VLOOKUP(E36,DUKB!$A$6:$R$658,8,FALSE) -> #N/A | K36: =VLOOKUP(E36,DUKB!$A$6:$R$658,9,FALSE) -> #N/A | L36: =VLOOKUP(E36,DUKB!$A$6:$R$658,10,FALSE) -> #N/A | M36: =VLOOKUP(E36,DUKB!$A$6:$R$658,11,FALSE) -> #N/A | N36: =VLOOKUP(E36,DUKB!$A$6:$R$658,12,FALSE) -> #N/A | O36: =VLOOKUP(E36,DUKB!$A$6:$R$658,13,FALSE) -> #N/A | P36: =VLOOKUP(E36,DUKB!$A$6:$R$658,14,FALSE) -> #N/A | Q36: =VLOOKUP(E36,DUKB!$A$6:$R$658,15,FALSE) -> #N/A | R36: =VLOOKUP(E36,DUKB!$A$6:$R$658,16,FALSE) -> #N/A | S36: =VLOOKUP(E36,DUKB!$A$6:$R$658,17,FALSE) -> #N/A | T36: =VLOOKUP(E36,DUKB!$A$6:$R$658,18,FALSE) -> #N/A | U36: =IF(C36="","",(SUMIF($D$2:$D$25115,D36,$O$2:$O$25115))) | V36: =D36 -> 0 | W36: =VLOOKUP(E36,DUKB!$A$6:$B$565,2,FALSE) -> #N/A | X36: =VLOOKUP(E36,DUKB!$A$6:$T$560,19,FALSE) -> #N/A | Z36: =E36 -> 0 | AA36: =W36 -> #N/A | AB36: =X36 -> #N/A | AC36: =G36 -> #N/A | AD36: =H36 -> #N/A | AE36: =N36 -> #N/A | AF36: =O36 -> #N/A | AH36: =E36 -> 0 | AI36: =B36 -> 1
A37: =IF(COUNTIF($E$2:$E$47178,E37)>1,"DOUBLE","") | B37: =B36+1 -> 2 | C37: =IF(D37="","",(IF(D38=D37,"",1))) | F37: =VLOOKUP(E37,DUKB!$A$6:$R$658,3,FALSE) -> #N/A | G37: =VLOOKUP(E37,DUKB!$A$6:$R$658,4,FALSE) -> #N/A | H37: =VLOOKUP(E37,DUKB!$A$6:$R$658,6,FALSE) -> #N/A | I37: =VLOOKUP(E37,DUKB!$A$6:$R$658,7,FALSE) -> #N/A | J37: =VLOOKUP(E37,DUKB!$A$6:$R$658,8,FALSE) -> #N/A | K37: =VLOOKUP(E37,DUKB!$A$6:$R$658,9,FALSE) -> #N/A | L37: =VLOOKUP(E37,DUKB!$A$6:$R$658,10,FALSE) -> #N/A | M37: =VLOOKUP(E37,DUKB!$A$6:$R$658,11,FALSE) -> #N/A | N37: =VLOOKUP(E37,DUKB!$A$6:$R$658,12,FALSE) -> #N/A | O37: =VLOOKUP(E37,DUKB!$A$6:$R$658,13,FALSE) -> #N/A | P37: =VLOOKUP(E37,DUKB!$A$6:$R$658,14,FALSE) -> #N/A | Q37: =VLOOKUP(E37,DUKB!$A$6:$R$658,15,FALSE) -> #N/A | R37: =VLOOKUP(E37,DUKB!$A$6:$R$658,16,FALSE) -> #N/A | S37: =VLOOKUP(E37,DUKB!$A$6:$R$658,17,FALSE) -> #N/A | T37: =VLOOKUP(E37,DUKB!$A$6:$R$658,18,FALSE) -> #N/A | U37: =IF(C37="","",(SUMIF($D$2:$D$25115,D37,$O$2:$O$25115))) | V37: =D37 -> 0 | W37: =VLOOKUP(E37,DUKB!$A$6:$B$565,2,FALSE) -> #N/A | X37: =VLOOKUP(E37,DUKB!$A$6:$T$560,19,FALSE) -> #N/A | Z37: =E37 -> 0 | AA37: =W37 -> #N/A | AB37: =X37 -> #N/A | AC37: =G37 -> #N/A | AD37: =H37 -> #N/A | AE37: =N37 -> #N/A | AF37: =O37 -> #N/A | AH37: =E37 -> 0 | AI37: =B37 -> 2
A38: =IF(COUNTIF($E$2:$E$47178,E38)>1,"DOUBLE","") | B38: =B37+1 -> 3 | C38: =IF(D38="","",(IF(D39=D38,"",1))) | F38: =VLOOKUP(E38,DUKB!$A$6:$R$658,3,FALSE) -> #N/A | G38: =VLOOKUP(E38,DUKB!$A$6:$R$658,4,FALSE) -> #N/A | H38: =VLOOKUP(E38,DUKB!$A$6:$R$658,6,FALSE) -> #N/A | I38: =VLOOKUP(E38,DUKB!$A$6:$R$658,7,FALSE) -> #N/A | J38: =VLOOKUP(E38,DUKB!$A$6:$R$658,8,FALSE) -> #N/A | K38: =VLOOKUP(E38,DUKB!$A$6:$R$658,9,FALSE) -> #N/A | L38: =VLOOKUP(E38,DUKB!$A$6:$R$658,10,FALSE) -> #N/A | M38: =VLOOKUP(E38,DUKB!$A$6:$R$658,11,FALSE) -> #N/A | N38: =VLOOKUP(E38,DUKB!$A$6:$R$658,12,FALSE) -> #N/A | O38: =VLOOKUP(E38,DUKB!$A$6:$R$658,13,FALSE) -> #N/A | P38: =VLOOKUP(E38,DUKB!$A$6:$R$658,14,FALSE) -> #N/A | Q38: =VLOOKUP(E38,DUKB!$A$6:$R$658,15,FALSE) -> #N/A | R38: =VLOOKUP(E38,DUKB!$A$6:$R$658,16,FALSE) -> #N/A | S38: =VLOOKUP(E38,DUKB!$A$6:$R$658,17,FALSE) -> #N/A | T38: =VLOOKUP(E38,DUKB!$A$6:$R$658,18,FALSE) -> #N/A | U38: =IF(C38="","",(SUMIF($D$2:$D$25115,D38,$O$2:$O$25115))) | V38: =D38 -> 0 | W38: =VLOOKUP(E38,DUKB!$A$6:$B$565,2,FALSE) -> #N/A | X38: =VLOOKUP(E38,DUKB!$A$6:$T$560,19,FALSE) -> #N/A | Z38: =E38 -> 0 | AA38: =W38 -> #N/A | AB38: =X38 -> #N/A | AC38: =G38 -> #N/A | AD38: =H38 -> #N/A | AE38: =N38 -> #N/A | AF38: =O38 -> #N/A | AH38: =E38 -> 0 | AI38: =B38 -> 3
A39: =IF(COUNTIF($E$2:$E$47178,E39)>1,"DOUBLE","") | B39: =B38+1 -> 4 | C39: =IF(D39="","",(IF(D40=D39,"",1))) | F39: =VLOOKUP(E39,DUKB!$A$6:$R$658,3,FALSE) -> #N/A | G39: =VLOOKUP(E39,DUKB!$A$6:$R$658,4,FALSE) -> #N/A | H39: =VLOOKUP(E39,DUKB!$A$6:$R$658,6,FALSE) -> #N/A | I39: =VLOOKUP(E39,DUKB!$A$6:$R$658,7,FALSE) -> #N/A | J39: =VLOOKUP(E39,DUKB!$A$6:$R$658,8,FALSE) -> #N/A | K39: =VLOOKUP(E39,DUKB!$A$6:$R$658,9,FALSE) -> #N/A | L39: =VLOOKUP(E39,DUKB!$A$6:$R$658,10,FALSE) -> #N/A | M39: =VLOOKUP(E39,DUKB!$A$6:$R$658,11,FALSE) -> #N/A | N39: =VLOOKUP(E39,DUKB!$A$6:$R$658,12,FALSE) -> #N/A | O39: =VLOOKUP(E39,DUKB!$A$6:$R$658,13,FALSE) -> #N/A | P39: =VLOOKUP(E39,DUKB!$A$6:$R$658,14,FALSE) -> #N/A | Q39: =VLOOKUP(E39,DUKB!$A$6:$R$658,15,FALSE) -> #N/A | R39: =VLOOKUP(E39,DUKB!$A$6:$R$658,16,FALSE) -> #N/A | S39: =VLOOKUP(E39,DUKB!$A$6:$R$658,17,FALSE) -> #N/A | T39: =VLOOKUP(E39,DUKB!$A$6:$R$658,18,FALSE) -> #N/A | U39: =IF(C39="","",(SUMIF($D$2:$D$25115,D39,$O$2:$O$25115))) | V39: =D39 -> 0 | W39: =VLOOKUP(E39,DUKB!$A$6:$B$565,2,FALSE) -> #N/A | X39: =VLOOKUP(E39,DUKB!$A$6:$T$560,19,FALSE) -> #N/A | Z39: =E39 -> 0 | AA39: =W39 -> #N/A | AB39: =X39 -> #N/A | AC39: =G39 -> #N/A | AD39: =H39 -> #N/A | AE39: =N39 -> #N/A | AF39: =O39 -> #N/A | AH39: =E39 -> 0 | AI39: =B39 -> 4
A40: =IF(COUNTIF($E$2:$E$47178,E40)>1,"DOUBLE","") | B40: =B39+1 -> 5 | C40: =IF(D40="","",(IF(D41=D40,"",1))) | F40: =VLOOKUP(E40,DUKB!$A$6:$R$658,3,FALSE) -> #N/A | G40: =VLOOKUP(E40,DUKB!$A$6:$R$658,4,FALSE) -> #N/A | H40: =VLOOKUP(E40,DUKB!$A$6:$R$658,6,FALSE) -> #N/A | I40: =VLOOKUP(E40,DUKB!$A$6:$R$658,7,FALSE) -> #N/A | J40: =VLOOKUP(E40,DUKB!$A$6:$R$658,8,FALSE) -> #N/A | K40: =VLOOKUP(E40,DUKB!$A$6:$R$658,9,FALSE) -> #N/A | L40: =VLOOKUP(E40,DUKB!$A$6:$R$658,10,FALSE) -> #N/A | M40: =VLOOKUP(E40,DUKB!$A$6:$R$658,11,FALSE) -> #N/A | N40: =VLOOKUP(E40,DUKB!$A$6:$R$658,12,FALSE) -> #N/A | O40: =VLOOKUP(E40,DUKB!$A$6:$R$658,13,FALSE) -> #N/A | P40: =VLOOKUP(E40,DUKB!$A$6:$R$658,14,FALSE) -> #N/A | Q40: =VLOOKUP(E40,DUKB!$A$6:$R$658,15,FALSE) -> #N/A | R40: =VLOOKUP(E40,DUKB!$A$6:$R$658,16,FALSE) -> #N/A | S40: =VLOOKUP(E40,DUKB!$A$6:$R$658,17,FALSE) -> #N/A | T40: =VLOOKUP(E40,DUKB!$A$6:$R$658,18,FALSE) -> #N/A | U40: =IF(C40="","",(SUMIF($D$2:$D$25115,D40,$O$2:$O$25115))) | V40: =D40 -> 0 | W40: =VLOOKUP(E40,DUKB!$A$6:$B$565,2,FALSE) -> #N/A | X40: =VLOOKUP(E40,DUKB!$A$6:$T$560,19,FALSE) -> #N/A | Z40: =E40 -> 0 | AA40: =W40 -> #N/A | AB40: =X40 -> #N/A | AC40: =G40 -> #N/A | AD40: =H40 -> #N/A | AE40: =N40 -> #N/A | AF40: =O40 -> #N/A | AH40: =E40 -> 0 | AI40: =B40 -> 5
A41: =IF(COUNTIF($E$2:$E$47178,E41)>1,"DOUBLE","") | B41: =B40+1 -> 6 | C41: =IF(D41="","",(IF(D42=D41,"",1))) | F41: =VLOOKUP(E41,DUKB!$A$6:$R$658,3,FALSE) -> #N/A | G41: =VLOOKUP(E41,DUKB!$A$6:$R$658,4,FALSE) -> #N/A | H41: =VLOOKUP(E41,DUKB!$A$6:$R$658,6,FALSE) -> #N/A | I41: =VLOOKUP(E41,DUKB!$A$6:$R$658,7,FALSE) -> #N/A | J41: =VLOOKUP(E41,DUKB!$A$6:$R$658,8,FALSE) -> #N/A | K41: =VLOOKUP(E41,DUKB!$A$6:$R$658,9,FALSE) -> #N/A | L41: =VLOOKUP(E41,DUKB!$A$6:$R$658,10,FALSE) -> #N/A | M41: =VLOOKUP(E41,DUKB!$A$6:$R$658,11,FALSE) -> #N/A | N41: =VLOOKUP(E41,DUKB!$A$6:$R$658,12,FALSE) -> #N/A | O41: =VLOOKUP(E41,DUKB!$A$6:$R$658,13,FALSE) -> #N/A | P41: =VLOOKUP(E41,DUKB!$A$6:$R$658,14,FALSE) -> #N/A | Q41: =VLOOKUP(E41,DUKB!$A$6:$R$658,15,FALSE) -> #N/A | R41: =VLOOKUP(E41,DUKB!$A$6:$R$658,16,FALSE) -> #N/A | S41: =VLOOKUP(E41,DUKB!$A$6:$R$658,17,FALSE) -> #N/A | T41: =VLOOKUP(E41,DUKB!$A$6:$R$658,18,FALSE) -> #N/A | U41: =IF(C41="","",(SUMIF($D$2:$D$25115,D41,$O$2:$O$25115))) | V41: =D41 -> 0 | W41: =VLOOKUP(E41,DUKB!$A$6:$B$565,2,FALSE) -> #N/A | X41: =VLOOKUP(E41,DUKB!$A$6:$T$560,19,FALSE) -> #N/A | Z41: =E41 -> 0 | AA41: =W41 -> #N/A | AB41: =X41 -> #N/A | AC41: =G41 -> #N/A | AD41: =H41 -> #N/A | AE41: =N41 -> #N/A | AF41: =O41 -> #N/A | AH41: =E41 -> 0 | AI41: =B41 -> 6
A42: =IF(COUNTIF($E$2:$E$47178,E42)>1,"DOUBLE","") | B42: =B41+1 -> 7 | C42: =IF(D42="","",(IF(D43=D42,"",1))) | F42: =VLOOKUP(E42,DUKB!$A$6:$R$658,3,FALSE) -> #N/A | G42: =VLOOKUP(E42,DUKB!$A$6:$R$658,4,FALSE) -> #N/A | H42: =VLOOKUP(E42,DUKB!$A$6:$R$658,6,FALSE) -> #N/A | I42: =VLOOKUP(E42,DUKB!$A$6:$R$658,7,FALSE) -> #N/A | J42: =VLOOKUP(E42,DUKB!$A$6:$R$658,8,FALSE) -> #N/A | K42: =VLOOKUP(E42,DUKB!$A$6:$R$658,9,FALSE) -> #N/A | L42: =VLOOKUP(E42,DUKB!$A$6:$R$658,10,FALSE) -> #N/A | M42: =VLOOKUP(E42,DUKB!$A$6:$R$658,11,FALSE) -> #N/A | N42: =VLOOKUP(E42,DUKB!$A$6:$R$658,12,FALSE) -> #N/A | O42: =VLOOKUP(E42,DUKB!$A$6:$R$658,13,FALSE) -> #N/A | P42: =VLOOKUP(E42,DUKB!$A$6:$R$658,14,FALSE) -> #N/A | Q42: =VLOOKUP(E42,DUKB!$A$6:$R$658,15,FALSE) -> #N/A | R42: =VLOOKUP(E42,DUKB!$A$6:$R$658,16,FALSE) -> #N/A | S42: =VLOOKUP(E42,DUKB!$A$6:$R$658,17,FALSE) -> #N/A | T42: =VLOOKUP(E42,DUKB!$A$6:$R$658,18,FALSE) -> #N/A | U42: =IF(C42="","",(SUMIF($D$2:$D$25115,D42,$O$2:$O$25115))) | V42: =D42 -> 0 | W42: =VLOOKUP(E42,DUKB!$A$6:$B$565,2,FALSE) -> #N/A | X42: =VLOOKUP(E42,DUKB!$A$6:$T$560,19,FALSE) -> #N/A | Z42: =E42 -> 0 | AA42: =W42 -> #N/A | AB42: =X42 -> #N/A | AC42: =G42 -> #N/A | AD42: =H42 -> #N/A | AE42: =N42 -> #N/A | AF42: =O42 -> #N/A | AH42: =E42 -> 0 | AI42: =B42 -> 7
A43: =IF(COUNTIF($E$2:$E$47178,E43)>1,"DOUBLE","") | B43: =B42+1 -> 8 | C43: =IF(D43="","",(IF(D44=D43,"",1))) | F43: =VLOOKUP(E43,DUKB!$A$6:$R$658,3,FALSE) -> #N/A | G43: =VLOOKUP(E43,DUKB!$A$6:$R$658,4,FALSE) -> #N/A | H43: =VLOOKUP(E43,DUKB!$A$6:$R$658,6,FALSE) -> #N/A | I43: =VLOOKUP(E43,DUKB!$A$6:$R$658,7,FALSE) -> #N/A | J43: =VLOOKUP(E43,DUKB!$A$6:$R$658,8,FALSE) -> #N/A | K43: =VLOOKUP(E43,DUKB!$A$6:$R$658,9,FALSE) -> #N/A | L43: =VLOOKUP(E43,DUKB!$A$6:$R$658,10,FALSE) -> #N/A | M43: =VLOOKUP(E43,DUKB!$A$6:$R$658,11,FALSE) -> #N/A | N43: =VLOOKUP(E43,DUKB!$A$6:$R$658,12,FALSE) -> #N/A | O43: =VLOOKUP(E43,DUKB!$A$6:$R$658,13,FALSE) -> #N/A | P43: =VLOOKUP(E43,DUKB!$A$6:$R$658,14,FALSE) -> #N/A | Q43: =VLOOKUP(E43,DUKB!$A$6:$R$658,15,FALSE) -> #N/A | R43: =VLOOKUP(E43,DUKB!$A$6:$R$658,16,FALSE) -> #N/A | S43: =VLOOKUP(E43,DUKB!$A$6:$R$658,17,FALSE) -> #N/A | T43: =VLOOKUP(E43,DUKB!$A$6:$R$658,18,FALSE) -> #N/A | U43: =IF(C43="","",(SUMIF($D$2:$D$25115,D43,$O$2:$O$25115))) | V43: =D43 -> 0 | W43: =VLOOKUP(E43,DUKB!$A$6:$B$565,2,FALSE) -> #N/A | X43: =VLOOKUP(E43,DUKB!$A$6:$T$560,19,FALSE) -> #N/A | Z43: =E43 -> 0 | AA43: =W43 -> #N/A | AB43: =X43 -> #N/A | AC43: =G43 -> #N/A | AD43: =H43 -> #N/A | AE43: =N43 -> #N/A | AF43: =O43 -> #N/A | AH43: =E43 -> 0 | AI43: =B43 -> 8
A44: =IF(COUNTIF($E$2:$E$47178,E44)>1,"DOUBLE","") | B44: =B43+1 -> 9 | C44: =IF(D44="","",(IF(D45=D44,"",1))) | F44: =VLOOKUP(E44,DUKB!$A$6:$R$658,3,FALSE) -> #N/A | G44: =VLOOKUP(E44,DUKB!$A$6:$R$658,4,FALSE) -> #N/A | H44: =VLOOKUP(E44,DUKB!$A$6:$R$658,6,FALSE) -> #N/A | I44: =VLOOKUP(E44,DUKB!$A$6:$R$658,7,FALSE) -> #N/A | J44: =VLOOKUP(E44,DUKB!$A$6:$R$658,8,FALSE) -> #N/A | K44: =VLOOKUP(E44,DUKB!$A$6:$R$658,9,FALSE) -> #N/A | L44: =VLOOKUP(E44,DUKB!$A$6:$R$658,10,FALSE) -> #N/A | M44: =VLOOKUP(E44,DUKB!$A$6:$R$658,11,FALSE) -> #N/A | N44: =VLOOKUP(E44,DUKB!$A$6:$R$658,12,FALSE) -> #N/A | O44: =VLOOKUP(E44,DUKB!$A$6:$R$658,13,FALSE) -> #N/A | P44: =VLOOKUP(E44,DUKB!$A$6:$R$658,14,FALSE) -> #N/A | Q44: =VLOOKUP(E44,DUKB!$A$6:$R$658,15,FALSE) -> #N/A | R44: =VLOOKUP(E44,DUKB!$A$6:$R$658,16,FALSE) -> #N/A | S44: =VLOOKUP(E44,DUKB!$A$6:$R$658,17,FALSE) -> #N/A | T44: =VLOOKUP(E44,DUKB!$A$6:$R$658,18,FALSE) -> #N/A | U44: =IF(C44="","",(SUMIF($D$2:$D$25115,D44,$O$2:$O$25115))) | V44: =D44 -> 0 | W44: =VLOOKUP(E44,DUKB!$A$6:$B$565,2,FALSE) -> #N/A | X44: =VLOOKUP(E44,DUKB!$A$6:$T$560,19,FALSE) -> #N/A | Z44: =E44 -> 0 | AA44: =W44 -> #N/A | AB44: =X44 -> #N/A | AC44: =G44 -> #N/A | AD44: =H44 -> #N/A | AE44: =N44 -> #N/A | AF44: =O44 -> #N/A | AH44: =E44 -> 0 | AI44: =B44 -> 9
A45: =IF(COUNTIF($E$2:$E$47178,E45)>1,"DOUBLE","") | B45: =B44+1 -> 10 | C45: =IF(D45="","",(IF(D46=D45,"",1))) | F45: =VLOOKUP(E45,DUKB!$A$6:$R$658,3,FALSE) -> #N/A | G45: =VLOOKUP(E45,DUKB!$A$6:$R$658,4,FALSE) -> #N/A | H45: =VLOOKUP(E45,DUKB!$A$6:$R$658,6,FALSE) -> #N/A | I45: =VLOOKUP(E45,DUKB!$A$6:$R$658,7,FALSE) -> #N/A | J45: =VLOOKUP(E45,DUKB!$A$6:$R$658,8,FALSE) -> #N/A | K45: =VLOOKUP(E45,DUKB!$A$6:$R$658,9,FALSE) -> #N/A | L45: =VLOOKUP(E45,DUKB!$A$6:$R$658,10,FALSE) -> #N/A | M45: =VLOOKUP(E45,DUKB!$A$6:$R$658,11,FALSE) -> #N/A | N45: =VLOOKUP(E45,DUKB!$A$6:$R$658,12,FALSE) -> #N/A | O45: =VLOOKUP(E45,DUKB!$A$6:$R$658,13,FALSE) -> #N/A | P45: =VLOOKUP(E45,DUKB!$A$6:$R$658,14,FALSE) -> #N/A | Q45: =VLOOKUP(E45,DUKB!$A$6:$R$658,15,FALSE) -> #N/A | R45: =VLOOKUP(E45,DUKB!$A$6:$R$658,16,FALSE) -> #N/A | S45: =VLOOKUP(E45,DUKB!$A$6:$R$658,17,FALSE) -> #N/A | T45: =VLOOKUP(E45,DUKB!$A$6:$R$658,18,FALSE) -> #N/A | U45: =IF(C45="","",(SUMIF($D$2:$D$25115,D45,$O$2:$O$25115))) | V45: =D45 -> 0 | W45: =VLOOKUP(E45,DUKB!$A$6:$B$565,2,FALSE) -> #N/A | X45: =VLOOKUP(E45,DUKB!$A$6:$T$560,19,FALSE) -> #N/A | Z45: =E45 -> 0 | AA45: =W45 -> #N/A | AB45: =X45 -> #N/A | AC45: =G45 -> #N/A | AD45: =H45 -> #N/A | AE45: =N45 -> #N/A | AF45: =O45 -> #N/A | AH45: =E45 -> 0 | AI45: =B45 -> 10
A46: =IF(COUNTIF($E$2:$E$47178,E46)>1,"DOUBLE","") | B46: =B45+1 -> 11 | C46: =IF(D46="","",(IF(D47=D46,"",1))) | F46: =VLOOKUP(E46,DUKB!$A$6:$R$658,3,FALSE) -> #N/A | G46: =VLOOKUP(E46,DUKB!$A$6:$R$658,4,FALSE) -> #N/A | H46: =VLOOKUP(E46,DUKB!$A$6:$R$658,6,FALSE) -> #N/A | I46: =VLOOKUP(E46,DUKB!$A$6:$R$658,7,FALSE) -> #N/A | J46: =VLOOKUP(E46,DUKB!$A$6:$R$658,8,FALSE) -> #N/A | K46: =VLOOKUP(E46,DUKB!$A$6:$R$658,9,FALSE) -> #N/A | L46: =VLOOKUP(E46,DUKB!$A$6:$R$658,10,FALSE) -> #N/A | M46: =VLOOKUP(E46,DUKB!$A$6:$R$658,11,FALSE) -> #N/A | N46: =VLOOKUP(E46,DUKB!$A$6:$R$658,12,FALSE) -> #N/A | O46: =VLOOKUP(E46,DUKB!$A$6:$R$658,13,FALSE) -> #N/A | P46: =VLOOKUP(E46,DUKB!$A$6:$R$658,14,FALSE) -> #N/A | Q46: =VLOOKUP(E46,DUKB!$A$6:$R$658,15,FALSE) -> #N/A | R46: =VLOOKUP(E46,DUKB!$A$6:$R$658,16,FALSE) -> #N/A | S46: =VLOOKUP(E46,DUKB!$A$6:$R$658,17,FALSE) -> #N/A | T46: =VLOOKUP(E46,DUKB!$A$6:$R$658,18,FALSE) -> #N/A | U46: =IF(C46="","",(SUMIF($D$2:$D$25115,D46,$O$2:$O$25115))) | V46: =D46 -> 0 | W46: =VLOOKUP(E46,DUKB!$A$6:$B$565,2,FALSE) -> #N/A | X46: =VLOOKUP(E46,DUKB!$A$6:$T$560,19,FALSE) -> #N/A | Z46: =E46 -> 0 | AA46: =W46 -> #N/A | AB46: =X46 -> #N/A | AC46: =G46 -> #N/A | AD46: =H46 -> #N/A | AE46: =N46 -> #N/A | AF46: =O46 -> #N/A | AH46: =E46 -> 0 | AI46: =B46 -> 11
A47: =IF(COUNTIF($E$2:$E$47178,E47)>1,"DOUBLE","") | B47: =B46+1 -> 12 | C47: =IF(D47="","",(IF(D48=D47,"",1))) | F47: =VLOOKUP(E47,DUKB!$A$6:$R$658,3,FALSE) -> #N/A | G47: =VLOOKUP(E47,DUKB!$A$6:$R$658,4,FALSE) -> #N/A | H47: =VLOOKUP(E47,DUKB!$A$6:$R$658,6,FALSE) -> #N/A | I47: =VLOOKUP(E47,DUKB!$A$6:$R$658,7,FALSE) -> #N/A | J47: =VLOOKUP(E47,DUKB!$A$6:$R$658,8,FALSE) -> #N/A | K47: =VLOOKUP(E47,DUKB!$A$6:$R$658,9,FALSE) -> #N/A | L47: =VLOOKUP(E47,DUKB!$A$6:$R$658,10,FALSE) -> #N/A | M47: =VLOOKUP(E47,DUKB!$A$6:$R$658,11,FALSE) -> #N/A | N47: =VLOOKUP(E47,DUKB!$A$6:$R$658,12,FALSE) -> #N/A | O47: =VLOOKUP(E47,DUKB!$A$6:$R$658,13,FALSE) -> #N/A | P47: =VLOOKUP(E47,DUKB!$A$6:$R$658,14,FALSE) -> #N/A | Q47: =VLOOKUP(E47,DUKB!$A$6:$R$658,15,FALSE) -> #N/A | R47: =VLOOKUP(E47,DUKB!$A$6:$R$658,16,FALSE) -> #N/A | S47: =VLOOKUP(E47,DUKB!$A$6:$R$658,17,FALSE) -> #N/A | T47: =VLOOKUP(E47,DUKB!$A$6:$R$658,18,FALSE) -> #N/A | U47: =IF(C47="","",(SUMIF($D$2:$D$25115,D47,$O$2:$O$25115))) | V47: =D47 -> 0 | W47: =VLOOKUP(E47,DUKB!$A$6:$B$565,2,FALSE) -> #N/A | X47: =VLOOKUP(E47,DUKB!$A$6:$T$560,19,FALSE) -> #N/A | Z47: =E47 -> 0 | AA47: =W47 -> #N/A | AB47: =X47 -> #N/A | AC47: =G47 -> #N/A | AD47: =H47 -> #N/A | AE47: =N47 -> #N/A | AF47: =O47 -> #N/A | AH47: =E47 -> 0 | AI47: =B47 -> 12
A48: =IF(COUNTIF($E$2:$E$47178,E48)>1,"DOUBLE","") | B48: =B47+1 -> 13 | C48: =IF(D48="","",(IF(D49=D48,"",1))) | F48: =VLOOKUP(E48,DUKB!$A$6:$R$658,3,FALSE) -> #N/A | G48: =VLOOKUP(E48,DUKB!$A$6:$R$658,4,FALSE) -> #N/A | H48: =VLOOKUP(E48,DUKB!$A$6:$R$658,6,FALSE) -> #N/A | I48: =VLOOKUP(E48,DUKB!$A$6:$R$658,7,FALSE) -> #N/A | J48: =VLOOKUP(E48,DUKB!$A$6:$R$658,8,FALSE) -> #N/A | K48: =VLOOKUP(E48,DUKB!$A$6:$R$658,9,FALSE) -> #N/A | L48: =VLOOKUP(E48,DUKB!$A$6:$R$658,10,FALSE) -> #N/A | M48: =VLOOKUP(E48,DUKB!$A$6:$R$658,11,FALSE) -> #N/A | N48: =VLOOKUP(E48,DUKB!$A$6:$R$658,12,FALSE) -> #N/A | O48: =VLOOKUP(E48,DUKB!$A$6:$R$658,13,FALSE) -> #N/A | P48: =VLOOKUP(E48,DUKB!$A$6:$R$658,14,FALSE) -> #N/A | Q48: =VLOOKUP(E48,DUKB!$A$6:$R$658,15,FALSE) -> #N/A | R48: =VLOOKUP(E48,DUKB!$A$6:$R$658,16,FALSE) -> #N/A | S48: =VLOOKUP(E48,DUKB!$A$6:$R$658,17,FALSE) -> #N/A | T48: =VLOOKUP(E48,DUKB!$A$6:$R$658,18,FALSE) -> #N/A | U48: =IF(C48="","",(SUMIF($D$2:$D$25115,D48,$O$2:$O$25115))) | V48: =D48 -> 0 | W48: =VLOOKUP(E48,DUKB!$A$6:$B$565,2,FALSE) -> #N/A | X48: =VLOOKUP(E48,DUKB!$A$6:$T$560,19,FALSE) -> #N/A | Z48: =E48 -> 0 | AA48: =W48 -> #N/A | AB48: =X48 -> #N/A | AC48: =G48 -> #N/A | AD48: =H48 -> #N/A | AE48: =N48 -> #N/A | AF48: =O48 -> #N/A | AH48: =E48 -> 0 | AI48: =B48 -> 13
... A341: =IF(COUNTIF($E$2:$E$47178,E341)>1,"DOUBLE","") | B341: =B340+1 -> 306 | C341: =IF(D341="","",(IF(D342=D341,"",1))) | F341: =VLOOKUP(E341,DUKB!$A$6:$R$658,3,FALSE) -> #N/A | G341: =VLOOKUP(E341,DUKB!$A$6:$R$658,4,FALSE) -> #N/A | H341: =VLOOKUP(E341,DUKB!$A$6:$R$658,6,FALSE) -> #N/A | I341: =VLOOKUP(E341,DUKB!$A$6:$R$658,7,FALSE) -> #N/A | J341: =VLOOKUP(E341,DUKB!$A$6:$R$658,8,FALSE) -> #N/A | K341: =VLOOKUP(E341,DUKB!$A$6:$R$658,9,FALSE) -> #N/A | L341: =VLOOKUP(E341,DUKB!$A$6:$R$658,10,FALSE) -> #N/A | M341: =VLOOKUP(E341,DUKB!$A$6:$R$658,11,FALSE) -> #N/A | N341: =VLOOKUP(E341,DUKB!$A$6:$R$658,12,FALSE) -> #N/A | O341: =VLOOKUP(E341,DUKB!$A$6:$R$658,13,FALSE) -> #N/A | P341: =VLOOKUP(E341,DUKB!$A$6:$R$658,14,FALSE) -> #N/A | Q341: =VLOOKUP(E341,DUKB!$A$6:$R$658,15,FALSE) -> #N/A | R341: =VLOOKUP(E341,DUKB!$A$6:$R$658,16,FALSE) -> #N/A | S341: =VLOOKUP(E341,DUKB!$A$6:$R$658,17,FALSE) -> #N/A | T341: =VLOOKUP(E341,DUKB!$A$6:$R$658,18,FALSE) -> #N/A | U341: =IF(C341="","",(SUMIF($D$2:$D$25115,D341,$O$2:$O$25115))) | V341: =D341 -> 0 | W341: =VLOOKUP(E341,DUKB!$A$6:$B$565,2,FALSE) -> #N/A | X341: =VLOOKUP(E341,DUKB!$A$6:$T$560,19,FALSE) -> #N/A | Z341: =E341 -> 0 | AA341: =W341 -> #N/A | AB341: =X341 -> #N/A | AC341: =G341 -> #N/A | AD341: =H341 -> #N/A | AE341: =N341 -> #N/A | AF341: =O341 -> #N/A | AH341: =E341 -> 0 | AI341: =B341 -> 306
A342: =IF(COUNTIF($E$2:$E$47178,E342)>1,"DOUBLE","") | B342: =B341+1 -> 307 | C342: =IF(D342="","",(IF(D343=D342,"",1))) | F342: =VLOOKUP(E342,DUKB!$A$6:$R$658,3,FALSE) -> #N/A | G342: =VLOOKUP(E342,DUKB!$A$6:$R$658,4,FALSE) -> #N/A | H342: =VLOOKUP(E342,DUKB!$A$6:$R$658,6,FALSE) -> #N/A | I342: =VLOOKUP(E342,DUKB!$A$6:$R$658,7,FALSE) -> #N/A | J342: =VLOOKUP(E342,DUKB!$A$6:$R$658,8,FALSE) -> #N/A | K342: =VLOOKUP(E342,DUKB!$A$6:$R$658,9,FALSE) -> #N/A | L342: =VLOOKUP(E342,DUKB!$A$6:$R$658,10,FALSE) -> #N/A | M342: =VLOOKUP(E342,DUKB!$A$6:$R$658,11,FALSE) -> #N/A | N342: =VLOOKUP(E342,DUKB!$A$6:$R$658,12,FALSE) -> #N/A | O342: =VLOOKUP(E342,DUKB!$A$6:$R$658,13,FALSE) -> #N/A | P342: =VLOOKUP(E342,DUKB!$A$6:$R$658,14,FALSE) -> #N/A | Q342: =VLOOKUP(E342,DUKB!$A$6:$R$658,15,FALSE) -> #N/A | R342: =VLOOKUP(E342,DUKB!$A$6:$R$658,16,FALSE) -> #N/A | S342: =VLOOKUP(E342,DUKB!$A$6:$R$658,17,FALSE) -> #N/A | T342: =VLOOKUP(E342,DUKB!$A$6:$R$658,18,FALSE) -> #N/A | U342: =IF(C342="","",(SUMIF($D$2:$D$25115,D342,$O$2:$O$25115))) | V342: =D342 -> 0 | W342: =VLOOKUP(E342,DUKB!$A$6:$B$565,2,FALSE) -> #N/A | X342: =VLOOKUP(E342,DUKB!$A$6:$T$560,19,FALSE) -> #N/A | Z342: =E342 -> 0 | AA342: =W342 -> #N/A | AB342: =X342 -> #N/A | AC342: =G342 -> #N/A | AD342: =H342 -> #N/A | AE342: =N342 -> #N/A | AF342: =O342 -> #N/A | AH342: =E342 -> 0 | AI342: 1
A343: =IF(COUNTIF($E$2:$E$47178,E343)>1,"DOUBLE","") | B343: =B342+1 -> 308 | C343: =IF(D343="","",(IF(D344=D343,"",1))) | F343: =VLOOKUP(E343,DUKB!$A$6:$R$658,3,FALSE) -> #N/A | G343: =VLOOKUP(E343,DUKB!$A$6:$R$658,4,FALSE) -> #N/A | H343: =VLOOKUP(E343,DUKB!$A$6:$R$658,6,FALSE) -> #N/A | I343: =VLOOKUP(E343,DUKB!$A$6:$R$658,7,FALSE) -> #N/A | J343: =VLOOKUP(E343,DUKB!$A$6:$R$658,8,FALSE) -> #N/A | K343: =VLOOKUP(E343,DUKB!$A$6:$R$658,9,FALSE) -> #N/A | L343: =VLOOKUP(E343,DUKB!$A$6:$R$658,10,FALSE) -> #N/A | M343: =VLOOKUP(E343,DUKB!$A$6:$R$658,11,FALSE) -> #N/A | N343: =VLOOKUP(E343,DUKB!$A$6:$R$658,12,FALSE) -> #N/A | O343: =VLOOKUP(E343,DUKB!$A$6:$R$658,13,FALSE) -> #N/A | P343: =VLOOKUP(E343,DUKB!$A$6:$R$658,14,FALSE) -> #N/A | Q343: =VLOOKUP(E343,DUKB!$A$6:$R$658,15,FALSE) -> #N/A | R343: =VLOOKUP(E343,DUKB!$A$6:$R$658,16,FALSE) -> #N/A | S343: =VLOOKUP(E343,DUKB!$A$6:$R$658,17,FALSE) -> #N/A | T343: =VLOOKUP(E343,DUKB!$A$6:$R$658,18,FALSE) -> #N/A | U343: =IF(C343="","",(SUMIF($D$2:$D$25115,D343,$O$2:$O$25115))) | V343: =D343 -> 0 | W343: =VLOOKUP(E343,DUKB!$A$6:$B$565,2,FALSE) -> #N/A | X343: =VLOOKUP(E343,DUKB!$A$6:$T$560,19,FALSE) -> #N/A | Z343: =E343 -> 0 | AA343: =W343 -> #N/A | AB343: =X343 -> #N/A | AC343: =G343 -> #N/A | AD343: =H343 -> #N/A | AE343: =N343 -> #N/A | AF343: =O343 -> #N/A | AH343: =E343 -> 0 | AI343: =B343 -> 308
A344: =IF(COUNTIF($E$2:$E$47178,E344)>1,"DOUBLE","") | B344: =B343+1 -> 309 | C344: =IF(D344="","",(IF(D345=D344,"",1))) | F344: =VLOOKUP(E344,DUKB!$A$6:$R$658,3,FALSE) -> #N/A | G344: =VLOOKUP(E344,DUKB!$A$6:$R$658,4,FALSE) -> #N/A | H344: =VLOOKUP(E344,DUKB!$A$6:$R$658,6,FALSE) -> #N/A | I344: =VLOOKUP(E344,DUKB!$A$6:$R$658,7,FALSE) -> #N/A | J344: =VLOOKUP(E344,DUKB!$A$6:$R$658,8,FALSE) -> #N/A | K344: =VLOOKUP(E344,DUKB!$A$6:$R$658,9,FALSE) -> #N/A | L344: =VLOOKUP(E344,DUKB!$A$6:$R$658,10,FALSE) -> #N/A | M344: =VLOOKUP(E344,DUKB!$A$6:$R$658,11,FALSE) -> #N/A | N344: =VLOOKUP(E344,DUKB!$A$6:$R$658,12,FALSE) -> #N/A | O344: =VLOOKUP(E344,DUKB!$A$6:$R$658,13,FALSE) -> #N/A | P344: =VLOOKUP(E344,DUKB!$A$6:$R$658,14,FALSE) -> #N/A | Q344: =VLOOKUP(E344,DUKB!$A$6:$R$658,15,FALSE) -> #N/A | R344: =VLOOKUP(E344,DUKB!$A$6:$R$658,16,FALSE) -> #N/A | S344: =VLOOKUP(E344,DUKB!$A$6:$R$658,17,FALSE) -> #N/A | T344: =VLOOKUP(E344,DUKB!$A$6:$R$658,18,FALSE) -> #N/A | U344: =IF(C344="","",(SUMIF($D$2:$D$25115,D344,$O$2:$O$25115))) | V344: =D344 -> 0 | W344: =VLOOKUP(E344,DUKB!$A$6:$B$565,2,FALSE) -> #N/A | X344: =VLOOKUP(E344,DUKB!$A$6:$T$560,19,FALSE) -> #N/A | Z344: =E344 -> 0 | AA344: =W344 -> #N/A | AB344: =X344 -> #N/A | AC344: =G344 -> #N/A | AD344: =H344 -> #N/A | AE344: =N344 -> #N/A | AF344: =O344 -> #N/A | AH344: =E344 -> 0 | AI344: =B344 -> 309
A345: =IF(COUNTIF($E$2:$E$47178,E345)>1,"DOUBLE","") | B345: =B344+1 -> 310 | C345: =IF(D345="","",(IF(D346=D345,"",1))) | F345: =VLOOKUP(E345,DUKB!$A$6:$R$658,3,FALSE) -> #N/A | G345: =VLOOKUP(E345,DUKB!$A$6:$R$658,4,FALSE) -> #N/A | H345: =VLOOKUP(E345,DUKB!$A$6:$R$658,6,FALSE) -> #N/A | I345: =VLOOKUP(E345,DUKB!$A$6:$R$658,7,FALSE) -> #N/A | J345: =VLOOKUP(E345,DUKB!$A$6:$R$658,8,FALSE) -> #N/A | K345: =VLOOKUP(E345,DUKB!$A$6:$R$658,9,FALSE) -> #N/A | L345: =VLOOKUP(E345,DUKB!$A$6:$R$658,10,FALSE) -> #N/A | M345: =VLOOKUP(E345,DUKB!$A$6:$R$658,11,FALSE) -> #N/A | N345: =VLOOKUP(E345,DUKB!$A$6:$R$658,12,FALSE) -> #N/A | O345: =VLOOKUP(E345,DUKB!$A$6:$R$658,13,FALSE) -> #N/A | P345: =VLOOKUP(E345,DUKB!$A$6:$R$658,14,FALSE) -> #N/A | Q345: =VLOOKUP(E345,DUKB!$A$6:$R$658,15,FALSE) -> #N/A | R345: =VLOOKUP(E345,DUKB!$A$6:$R$658,16,FALSE) -> #N/A | S345: =VLOOKUP(E345,DUKB!$A$6:$R$658,17,FALSE) -> #N/A | T345: =VLOOKUP(E345,DUKB!$A$6:$R$658,18,FALSE) -> #N/A | U345: =IF(C345="","",(SUMIF($D$2:$D$25115,D345,$O$2:$O$25115))) | V345: =D345 -> 0 | W345: =VLOOKUP(E345,DUKB!$A$6:$B$565,2,FALSE) -> #N/A | X345: =VLOOKUP(E345,DUKB!$A$6:$T$560,19,FALSE) -> #N/A | Z345: =E345 -> 0 | AA345: =W345 -> #N/A | AB345: =X345 -> #N/A | AC345: =G345 -> #N/A | AD345: =H345 -> #N/A | AE345: =N345 -> #N/A | AF345: =O345 -> #N/A | AH345: =E345 -> 0 | AI345: =B345 -> 310
A346: =IF(COUNTIF($E$2:$E$47178,E346)>1,"DOUBLE","") | B346: =B345+1 -> 311 | C346: =IF(D346="","",(IF(D347=D346,"",1))) | F346: =VLOOKUP(E346,DUKB!$A$6:$R$658,3,FALSE) -> #N/A | G346: =VLOOKUP(E346,DUKB!$A$6:$R$658,4,FALSE) -> #N/A | H346: =VLOOKUP(E346,DUKB!$A$6:$R$658,6,FALSE) -> #N/A | I346: =VLOOKUP(E346,DUKB!$A$6:$R$658,7,FALSE) -> #N/A | J346: =VLOOKUP(E346,DUKB!$A$6:$R$658,8,FALSE) -> #N/A | K346: =VLOOKUP(E346,DUKB!$A$6:$R$658,9,FALSE) -> #N/A | L346: =VLOOKUP(E346,DUKB!$A$6:$R$658,10,FALSE) -> #N/A | M346: =VLOOKUP(E346,DUKB!$A$6:$R$658,11,FALSE) -> #N/A | N346: =VLOOKUP(E346,DUKB!$A$6:$R$658,12,FALSE) -> #N/A | O346: =VLOOKUP(E346,DUKB!$A$6:$R$658,13,FALSE) -> #N/A | P346: =VLOOKUP(E346,DUKB!$A$6:$R$658,14,FALSE) -> #N/A | Q346: =VLOOKUP(E346,DUKB!$A$6:$R$658,15,FALSE) -> #N/A | R346: =VLOOKUP(E346,DUKB!$A$6:$R$658,16,FALSE) -> #N/A | S346: =VLOOKUP(E346,DUKB!$A$6:$R$658,17,FALSE) -> #N/A | T346: =VLOOKUP(E346,DUKB!$A$6:$R$658,18,FALSE) -> #N/A | U346: =IF(C346="","",(SUMIF($D$2:$D$25115,D346,$O$2:$O$25115))) | V346: =D346 -> 0 | W346: =VLOOKUP(E346,DUKB!$A$6:$B$565,2,FALSE) -> #N/A | X346: =VLOOKUP(E346,DUKB!$A$6:$T$560,19,FALSE) -> #N/A | Z346: =E346 -> 0 | AA346: =W346 -> #N/A | AB346: =X346 -> #N/A | AC346: =G346 -> #N/A | AD346: =H346 -> #N/A | AE346: =N346 -> #N/A | AF346: =O346 -> #N/A | AH346: =E346 -> 0 | AI346: =B346 -> 311
A347: =IF(COUNTIF($E$2:$E$47178,E347)>1,"DOUBLE","") | B347: =B346+1 -> 312 | C347: =IF(D347="","",(IF(D348=D347,"",1))) | F347: =VLOOKUP(E347,DUKB!$A$6:$R$658,3,FALSE) -> #N/A | G347: =VLOOKUP(E347,DUKB!$A$6:$R$658,4,FALSE) -> #N/A | H347: =VLOOKUP(E347,DUKB!$A$6:$R$658,6,FALSE) -> #N/A | I347: =VLOOKUP(E347,DUKB!$A$6:$R$658,7,FALSE) -> #N/A | J347: =VLOOKUP(E347,DUKB!$A$6:$R$658,8,FALSE) -> #N/A | K347: =VLOOKUP(E347,DUKB!$A$6:$R$658,9,FALSE) -> #N/A | L347: =VLOOKUP(E347,DUKB!$A$6:$R$658,10,FALSE) -> #N/A | M347: =VLOOKUP(E347,DUKB!$A$6:$R$658,11,FALSE) -> #N/A | N347: =VLOOKUP(E347,DUKB!$A$6:$R$658,12,FALSE) -> #N/A | O347: =VLOOKUP(E347,DUKB!$A$6:$R$658,13,FALSE) -> #N/A | P347: =VLOOKUP(E347,DUKB!$A$6:$R$658,14,FALSE) -> #N/A | Q347: =VLOOKUP(E347,DUKB!$A$6:$R$658,15,FALSE) -> #N/A | R347: =VLOOKUP(E347,DUKB!$A$6:$R$658,16,FALSE) -> #N/A | S347: =VLOOKUP(E347,DUKB!$A$6:$R$658,17,FALSE) -> #N/A | T347: =VLOOKUP(E347,DUKB!$A$6:$R$658,18,FALSE) -> #N/A | U347: =IF(C347="","",(SUMIF($D$2:$D$25115,D347,$O$2:$O$25115))) | V347: =D347 -> 0 | W347: =VLOOKUP(E347,DUKB!$A$6:$B$565,2,FALSE) -> #N/A | X347: =VLOOKUP(E347,DUKB!$A$6:$T$560,19,FALSE) -> #N/A | Z347: =E347 -> 0 | AA347: =W347 -> #N/A | AB347: =X347 -> #N/A | AC347: =G347 -> #N/A | AD347: =H347 -> #N/A | AE347: =N347 -> #N/A | AF347: =O347 -> #N/A | AH347: =E347 -> 0 | AI347: =B347 -> 312
A348: =IF(COUNTIF($E$2:$E$47178,E348)>1,"DOUBLE","") | B348: =B347+1 -> 313 | C348: =IF(D348="","",(IF(D349=D348,"",1))) | F348: =VLOOKUP(E348,DUKB!$A$6:$R$658,3,FALSE) -> #N/A | G348: =VLOOKUP(E348,DUKB!$A$6:$R$658,4,FALSE) -> #N/A | H348: =VLOOKUP(E348,DUKB!$A$6:$R$658,6,FALSE) -> #N/A | I348: =VLOOKUP(E348,DUKB!$A$6:$R$658,7,FALSE) -> #N/A | J348: =VLOOKUP(E348,DUKB!$A$6:$R$658,8,FALSE) -> #N/A | K348: =VLOOKUP(E348,DUKB!$A$6:$R$658,9,FALSE) -> #N/A | L348: =VLOOKUP(E348,DUKB!$A$6:$R$658,10,FALSE) -> #N/A | M348: =VLOOKUP(E348,DUKB!$A$6:$R$658,11,FALSE) -> #N/A | N348: =VLOOKUP(E348,DUKB!$A$6:$R$658,12,FALSE) -> #N/A | O348: =VLOOKUP(E348,DUKB!$A$6:$R$658,13,FALSE) -> #N/A | P348: =VLOOKUP(E348,DUKB!$A$6:$R$658,14,FALSE) -> #N/A | Q348: =VLOOKUP(E348,DUKB!$A$6:$R$658,15,FALSE) -> #N/A | R348: =VLOOKUP(E348,DUKB!$A$6:$R$658,16,FALSE) -> #N/A | S348: =VLOOKUP(E348,DUKB!$A$6:$R$658,17,FALSE) -> #N/A | T348: =VLOOKUP(E348,DUKB!$A$6:$R$658,18,FALSE) -> #N/A | U348: =IF(C348="","",(SUMIF($D$2:$D$25115,D348,$O$2:$O$25115))) | V348: =D348 -> 0 | W348: =VLOOKUP(E348,DUKB!$A$6:$B$565,2,FALSE) -> #N/A | X348: =VLOOKUP(E348,DUKB!$A$6:$T$560,19,FALSE) -> #N/A | Z348: =E348 -> 0 | AA348: =W348 -> #N/A | AB348: =X348 -> #N/A | AC348: =G348 -> #N/A | AD348: =H348 -> #N/A | AE348: =N348 -> #N/A | AF348: =O348 -> #N/A | AH348: =E348 -> 0 | AI348: =B348 -> 313
A349: =IF(COUNTIF($E$2:$E$47178,E349)>1,"DOUBLE","") | B349: =B348+1 -> 314 | C349: =IF(D349="","",(IF(D350=D349,"",1))) | F349: =VLOOKUP(E349,DUKB!$A$6:$R$658,3,FALSE) -> #N/A | G349: =VLOOKUP(E349,DUKB!$A$6:$R$658,4,FALSE) -> #N/A | H349: =VLOOKUP(E349,DUKB!$A$6:$R$658,6,FALSE) -> #N/A | I349: =VLOOKUP(E349,DUKB!$A$6:$R$658,7,FALSE) -> #N/A | J349: =VLOOKUP(E349,DUKB!$A$6:$R$658,8,FALSE) -> #N/A | K349: =VLOOKUP(E349,DUKB!$A$6:$R$658,9,FALSE) -> #N/A | L349: =VLOOKUP(E349,DUKB!$A$6:$R$658,10,FALSE) -> #N/A | M349: =VLOOKUP(E349,DUKB!$A$6:$R$658,11,FALSE) -> #N/A | N349: =VLOOKUP(E349,DUKB!$A$6:$R$658,12,FALSE) -> #N/A | O349: =VLOOKUP(E349,DUKB!$A$6:$R$658,13,FALSE) -> #N/A | P349: =VLOOKUP(E349,DUKB!$A$6:$R$658,14,FALSE) -> #N/A | Q349: =VLOOKUP(E349,DUKB!$A$6:$R$658,15,FALSE) -> #N/A | R349: =VLOOKUP(E349,DUKB!$A$6:$R$658,16,FALSE) -> #N/A | S349: =VLOOKUP(E349,DUKB!$A$6:$R$658,17,FALSE) -> #N/A | T349: =VLOOKUP(E349,DUKB!$A$6:$R$658,18,FALSE) -> #N/A | U349: =IF(C349="","",(SUMIF($D$2:$D$25115,D349,$O$2:$O$25115))) | V349: =D349 -> 0 | W349: =VLOOKUP(E349,DUKB!$A$6:$B$565,2,FALSE) -> #N/A | X349: =VLOOKUP(E349,DUKB!$A$6:$T$560,19,FALSE) -> #N/A | Z349: =E349 -> 0 | AA349: =W349 -> #N/A | AB349: =X349 -> #N/A | AC349: =G349 -> #N/A | AD349: =H349 -> #N/A | AE349: =N349 -> #N/A | AF349: =O349 -> #N/A | AH349: =E349 -> 0 | AI349: =B349 -> 314
A350: =IF(COUNTIF($E$2:$E$47178,E350)>1,"DOUBLE","") | B350: =B349+1 -> 315 | C350: =IF(D350="","",(IF(D351=D350,"",1))) | F350: =VLOOKUP(E350,DUKB!$A$6:$R$658,3,FALSE) -> #N/A | G350: =VLOOKUP(E350,DUKB!$A$6:$R$658,4,FALSE) -> #N/A | H350: =VLOOKUP(E350,DUKB!$A$6:$R$658,6,FALSE) -> #N/A | I350: =VLOOKUP(E350,DUKB!$A$6:$R$658,7,FALSE) -> #N/A | J350: =VLOOKUP(E350,DUKB!$A$6:$R$658,8,FALSE) -> #N/A | K350: =VLOOKUP(E350,DUKB!$A$6:$R$658,9,FALSE) -> #N/A | L350: =VLOOKUP(E350,DUKB!$A$6:$R$658,10,FALSE) -> #N/A | M350: =VLOOKUP(E350,DUKB!$A$6:$R$658,11,FALSE) -> #N/A | N350: =VLOOKUP(E350,DUKB!$A$6:$R$658,12,FALSE) -> #N/A | O350: =VLOOKUP(E350,DUKB!$A$6:$R$658,13,FALSE) -> #N/A | P350: =VLOOKUP(E350,DUKB!$A$6:$R$658,14,FALSE) -> #N/A | Q350: =VLOOKUP(E350,DUKB!$A$6:$R$658,15,FALSE) -> #N/A | R350: =VLOOKUP(E350,DUKB!$A$6:$R$658,16,FALSE) -> #N/A | S350: =VLOOKUP(E350,DUKB!$A$6:$R$658,17,FALSE) -> #N/A | T350: =VLOOKUP(E350,DUKB!$A$6:$R$658,18,FALSE) -> #N/A | U350: =IF(C350="","",(SUMIF($D$2:$D$25115,D350,$O$2:$O$25115))) | V350: =D350 -> 0 | W350: =VLOOKUP(E350,DUKB!$A$6:$B$565,2,FALSE) -> #N/A | X350: =VLOOKUP(E350,DUKB!$A$6:$T$560,19,FALSE) -> #N/A | Z350: =E350 -> 0 | AA350: =W350 -> #N/A | AB350: =X350 -> #N/A | AC350: =G350 -> #N/A | AD350: =H350 -> #N/A | AE350: =N350 -> #N/A | AF350: =O350 -> #N/A | AH350: =E350 -> 0 | AI350: =B350 -> 315
A351: =IF(COUNTIF($E$2:$E$47178,E351)>1,"DOUBLE","") | B351: =B350+1 -> 316 | C351: =IF(D351="","",(IF(D352=D351,"",1))) | F351: =VLOOKUP(E351,DUKB!$A$6:$R$658,3,FALSE) -> #N/A | G351: =VLOOKUP(E351,DUKB!$A$6:$R$658,4,FALSE) -> #N/A | H351: =VLOOKUP(E351,DUKB!$A$6:$R$658,6,FALSE) -> #N/A | I351: =VLOOKUP(E351,DUKB!$A$6:$R$658,7,FALSE) -> #N/A | J351: =VLOOKUP(E351,DUKB!$A$6:$R$658,8,FALSE) -> #N/A | K351: =VLOOKUP(E351,DUKB!$A$6:$R$658,9,FALSE) -> #N/A | L351: =VLOOKUP(E351,DUKB!$A$6:$R$658,10,FALSE) -> #N/A | M351: =VLOOKUP(E351,DUKB!$A$6:$R$658,11,FALSE) -> #N/A | N351: =VLOOKUP(E351,DUKB!$A$6:$R$658,12,FALSE) -> #N/A | O351: =VLOOKUP(E351,DUKB!$A$6:$R$658,13,FALSE) -> #N/A | P351: =VLOOKUP(E351,DUKB!$A$6:$R$658,14,FALSE) -> #N/A | Q351: =VLOOKUP(E351,DUKB!$A$6:$R$658,15,FALSE) -> #N/A | R351: =VLOOKUP(E351,DUKB!$A$6:$R$658,16,FALSE) -> #N/A | S351: =VLOOKUP(E351,DUKB!$A$6:$R$658,17,FALSE) -> #N/A | T351: =VLOOKUP(E351,DUKB!$A$6:$R$658,18,FALSE) -> #N/A | U351: =IF(C351="","",(SUMIF($D$2:$D$25115,D351,$O$2:$O$25115))) | V351: =D351 -> 0 | W351: =VLOOKUP(E351,DUKB!$A$6:$B$565,2,FALSE) -> #N/A | X351: =VLOOKUP(E351,DUKB!$A$6:$T$560,19,FALSE) -> #N/A | Z351: =E351 -> 0 | AA351: =W351 -> #N/A | AB351: =X351 -> #N/A | AC351: =G351 -> #N/A | AD351: =H351 -> #N/A | AE351: =N351 -> #N/A | AF351: =O351 -> #N/A | AH351: =E351 -> 0 | AI351: =B351 -> 316
A352: =IF(COUNTIF($E$2:$E$47178,E352)>1,"DOUBLE","") | B352: =B351+1 -> 317 | C352: =IF(D352="","",(IF(D353=D352,"",1))) | F352: =VLOOKUP(E352,DUKB!$A$6:$R$658,3,FALSE) -> #N/A | G352: =VLOOKUP(E352,DUKB!$A$6:$R$658,4,FALSE) -> #N/A | H352: =VLOOKUP(E352,DUKB!$A$6:$R$658,6,FALSE) -> #N/A | I352: =VLOOKUP(E352,DUKB!$A$6:$R$658,7,FALSE) -> #N/A | J352: =VLOOKUP(E352,DUKB!$A$6:$R$658,8,FALSE) -> #N/A | K352: =VLOOKUP(E352,DUKB!$A$6:$R$658,9,FALSE) -> #N/A | L352: =VLOOKUP(E352,DUKB!$A$6:$R$658,10,FALSE) -> #N/A | M352: =VLOOKUP(E352,DUKB!$A$6:$R$658,11,FALSE) -> #N/A | N352: =VLOOKUP(E352,DUKB!$A$6:$R$658,12,FALSE) -> #N/A | O352: =VLOOKUP(E352,DUKB!$A$6:$R$658,13,FALSE) -> #N/A | P352: =VLOOKUP(E352,DUKB!$A$6:$R$658,14,FALSE) -> #N/A | Q352: =VLOOKUP(E352,DUKB!$A$6:$R$658,15,FALSE) -> #N/A | R352: =VLOOKUP(E352,DUKB!$A$6:$R$658,16,FALSE) -> #N/A | S352: =VLOOKUP(E352,DUKB!$A$6:$R$658,17,FALSE) -> #N/A | T352: =VLOOKUP(E352,DUKB!$A$6:$R$658,18,FALSE) -> #N/A | U352: =IF(C352="","",(SUMIF($D$2:$D$25115,D352,$O$2:$O$25115))) | V352: =D352 -> 0 | W352: =VLOOKUP(E352,DUKB!$A$6:$B$565,2,FALSE) -> #N/A | X352: =VLOOKUP(E352,DUKB!$A$6:$T$560,19,FALSE) -> #N/A | Z352: =E352 -> 0 | AA352: =W352 -> #N/A | AB352: =X352 -> #N/A | AC352: =G352 -> #N/A | AD352: =H352 -> #N/A | AE352: =N352 -> #N/A | AF352: =O352 -> #N/A | AH352: =E352 -> 0 | AI352: =B352 -> 317
A353: =IF(COUNTIF($E$2:$E$47178,E353)>1,"DOUBLE","") | B353: =B352+1 -> 318 | C353: =IF(D353="","",(IF(D354=D353,"",1))) | F353: =VLOOKUP(E353,DUKB!$A$6:$R$658,3,FALSE) -> #N/A | G353: =VLOOKUP(E353,DUKB!$A$6:$R$658,4,FALSE) -> #N/A | H353: =VLOOKUP(E353,DUKB!$A$6:$R$658,6,FALSE) -> #N/A | I353: =VLOOKUP(E353,DUKB!$A$6:$R$658,7,FALSE) -> #N/A | J353: =VLOOKUP(E353,DUKB!$A$6:$R$658,8,FALSE) -> #N/A | K353: =VLOOKUP(E353,DUKB!$A$6:$R$658,9,FALSE) -> #N/A | L353: =VLOOKUP(E353,DUKB!$A$6:$R$658,10,FALSE) -> #N/A | M353: =VLOOKUP(E353,DUKB!$A$6:$R$658,11,FALSE) -> #N/A | N353: =VLOOKUP(E353,DUKB!$A$6:$R$658,12,FALSE) -> #N/A | O353: =VLOOKUP(E353,DUKB!$A$6:$R$658,13,FALSE) -> #N/A | P353: =VLOOKUP(E353,DUKB!$A$6:$R$658,14,FALSE) -> #N/A | Q353: =VLOOKUP(E353,DUKB!$A$6:$R$658,15,FALSE) -> #N/A | R353: =VLOOKUP(E353,DUKB!$A$6:$R$658,16,FALSE) -> #N/A | S353: =VLOOKUP(E353,DUKB!$A$6:$R$658,17,FALSE) -> #N/A | T353: =VLOOKUP(E353,DUKB!$A$6:$R$658,18,FALSE) -> #N/A | U353: =IF(C353="","",(SUMIF($D$2:$D$25115,D353,$O$2:$O$25115))) | V353: =D353 -> 0 | W353: =VLOOKUP(E353,DUKB!$A$6:$B$565,2,FALSE) -> #N/A | X353: =VLOOKUP(E353,DUKB!$A$6:$T$560,19,FALSE) -> #N/A | Z353: =E353 -> 0 | AA353: =W353 -> #N/A | AB353: =X353 -> #N/A | AC353: =G353 -> #N/A | AD353: =H353 -> #N/A | AE353: =N353 -> #N/A | AF353: =O353 -> #N/A | AH353: =E353 -> 0 | AI353: =B353 -> 318
A354: =IF(COUNTIF($E$2:$E$47178,E354)>1,"DOUBLE","") | B354: =B353+1 -> 319 | C354: =IF(D354="","",(IF(D355=D354,"",1))) | F354: =VLOOKUP(E354,DUKB!$A$6:$R$658,3,FALSE) -> #N/A | G354: =VLOOKUP(E354,DUKB!$A$6:$R$658,4,FALSE) -> #N/A | H354: =VLOOKUP(E354,DUKB!$A$6:$R$658,6,FALSE) -> #N/A | I354: =VLOOKUP(E354,DUKB!$A$6:$R$658,7,FALSE) -> #N/A | J354: =VLOOKUP(E354,DUKB!$A$6:$R$658,8,FALSE) -> #N/A | K354: =VLOOKUP(E354,DUKB!$A$6:$R$658,9,FALSE) -> #N/A | L354: =VLOOKUP(E354,DUKB!$A$6:$R$658,10,FALSE) -> #N/A | M354: =VLOOKUP(E354,DUKB!$A$6:$R$658,11,FALSE) -> #N/A | N354: =VLOOKUP(E354,DUKB!$A$6:$R$658,12,FALSE) -> #N/A | O354: =VLOOKUP(E354,DUKB!$A$6:$R$658,13,FALSE) -> #N/A | P354: =VLOOKUP(E354,DUKB!$A$6:$R$658,14,FALSE) -> #N/A | Q354: =VLOOKUP(E354,DUKB!$A$6:$R$658,15,FALSE) -> #N/A | R354: =VLOOKUP(E354,DUKB!$A$6:$R$658,16,FALSE) -> #N/A | S354: =VLOOKUP(E354,DUKB!$A$6:$R$658,17,FALSE) -> #N/A | T354: =VLOOKUP(E354,DUKB!$A$6:$R$658,18,FALSE) -> #N/A | U354: =IF(C354="","",(SUMIF($D$2:$D$25115,D354,$O$2:$O$25115))) | V354: =D354 -> 0 | W354: =VLOOKUP(E354,DUKB!$A$6:$B$565,2,FALSE) -> #N/A | X354: =VLOOKUP(E354,DUKB!$A$6:$T$560,19,FALSE) -> #N/A | Z354: =E354 -> 0 | AA354: =W354 -> #N/A | AB354: =X354 -> #N/A | AC354: =G354 -> #N/A | AD354: =H354 -> #N/A | AE354: =N354 -> #N/A | AF354: =O354 -> #N/A | AH354: =E354 -> 0 | AI354: =B354 -> 319
... A649: =IF(COUNTIF($E$2:$E$47178,E649)>1,"DOUBLE","") | B649: =B648+1 -> 614 | C649: =IF(D649="","",(IF(D650=D649,"",1))) | F649: =VLOOKUP(E649,DUKB!$A$6:$R$658,3,FALSE) -> #N/A | G649: =VLOOKUP(E649,DUKB!$A$6:$R$658,4,FALSE) -> #N/A | H649: =VLOOKUP(E649,DUKB!$A$6:$R$658,6,FALSE) -> #N/A | I649: =VLOOKUP(E649,DUKB!$A$6:$R$658,7,FALSE) -> #N/A | J649: =VLOOKUP(E649,DUKB!$A$6:$R$658,8,FALSE) -> #N/A | K649: =VLOOKUP(E649,DUKB!$A$6:$R$658,9,FALSE) -> #N/A | L649: =VLOOKUP(E649,DUKB!$A$6:$R$658,10,FALSE) -> #N/A | M649: =VLOOKUP(E649,DUKB!$A$6:$R$658,11,FALSE) -> #N/A | N649: =VLOOKUP(E649,DUKB!$A$6:$R$658,12,FALSE) -> #N/A | O649: =VLOOKUP(E649,DUKB!$A$6:$R$658,13,FALSE) -> #N/A | P649: =VLOOKUP(E649,DUKB!$A$6:$R$658,14,FALSE) -> #N/A | Q649: =VLOOKUP(E649,DUKB!$A$6:$R$658,15,FALSE) -> #N/A | R649: =VLOOKUP(E649,DUKB!$A$6:$R$658,16,FALSE) -> #N/A | S649: =VLOOKUP(E649,DUKB!$A$6:$R$658,17,FALSE) -> #N/A | T649: =VLOOKUP(E649,DUKB!$A$6:$R$658,18,FALSE) -> #N/A | U649: =IF(C649="","",(SUMIF($D$2:$D$25115,D649,$O$2:$O$25115))) | V649: =D649 -> 0 | W649: =VLOOKUP(E649,DUKB!$A$6:$B$565,2,FALSE) -> #N/A | X649: =VLOOKUP(E649,DUKB!$A$6:$T$560,19,FALSE) -> #N/A | Z649: =E649 -> 0 | AA649: =W649 -> #N/A | AB649: =X649 -> #N/A | AC649: =G649 -> #N/A | AD649: =H649 -> #N/A | AE649: =N649 -> #N/A | AF649: =O649 -> #N/A | AH649: =E649 -> 0 | AI649: =B649 -> 614
Z650: =E650 -> 0 | AA650: =W650 -> 0 | AB650: =X650 -> 0 | AC650: =G650 -> 0 | AD650: =H650 -> 0 | AE650: =N650 -> 0 | AF650: =O650 -> 0
Z651: =E651 -> 0 | AA651: =W651 -> 0 | AB651: =X651 -> 0 | AC651: =G651 -> 0 | AD651: =H651 -> 0 | AE651: =N651 -> 0 | AF651: =O651 -> 0
Z652: =E652 -> 0 | AA652: =W652 -> 0 | AB652: =X652 -> 0 | AC652: =G652 -> 0 | AD652: =H652 -> 0 | AE652: =N652 -> 0 | AF652: =O652 -> 0
Z653: =E653 -> 0 | AA653: =W653 -> 0 | AB653: =X653 -> 0 | AC653: =G653 -> 0 | AD653: =H653 -> 0 | AE653: =N653 -> 0 | AF653: =O653 -> 0
Z654: =E654 -> 0 | AA654: =W654 -> 0 | AB654: =X654 -> 0 | AC654: =G654 -> 0 | AD654: =H654 -> 0 | AE654: =N654 -> 0 | AF654: =O654 -> 0
Z655: =E655 -> 0 | AA655: =W655 -> 0 | AB655: =X655 -> 0 | AC655: =G655 -> 0 | AD655: =H655 -> 0 | AE655: =N655 -> 0 | AF655: =O655 -> 0
Z656: =E656 -> 0 | AA656: =W656 -> 0 | AB656: =X656 -> 0 | AC656: =G656 -> 0 | AD656: =H656 -> 0 | AE656: =N656 -> 0 | AF656: =O656 -> 0
Z657: =E657 -> 0 | AA657: =W657 -> 0 | AB657: =X657 -> 0 | AC657: =G657 -> 0 | AD657: =H657 -> 0 | AE657: =N657 -> 0 | AF657: =O657 -> 0
Z658: =E658 -> 0 | AA658: =W658 -> 0 | AB658: =X658 -> 0 | AC658: =G658 -> 0 | AD658: =H658 -> 0 | AE658: =N658 -> 0 | AF658: =O658 -> 0
Z659: =E659 -> 0 | AA659: =W659 -> 0 | AB659: =X659 -> 0 | AC659: =G659 -> 0 | AD659: =H659 -> 0 | AE659: =N659 -> 0 | AF659: =O659 -> 0
Z660: =E660 -> 0 | AA660: =W660 -> 0 | AB660: =X660 -> 0 | AC660: =G660 -> 0 | AD660: =H660 -> 0 | AE660: =N660 -> 0 | AF660: =O660 -> 0
Z661: =E661 -> 0 | AA661: =W661 -> 0 | AB661: =X661 -> 0 | AC661: =G661 -> 0 | AD661: =H661 -> 0 | AE661: =N661 -> 0 | AF661: =O661 -> 0
... Z699: =E699 -> 0 | AA699: =W699 -> 0 | AB699: =X699 -> 0 | AC699: =G699 -> 0 | AD699: =H699 -> 0 | AE699: =N699 -> 0 | AF699: =O699 -> 0

Sheet Trimming log
E3: ISI MANUAL | P3: =SUBTOTAL(109,P15:P680) -> #N/A | U3: =SUBTOTAL(109,U15:U680) -> #N/A
A4: CEK | B4: NO | C4: S | D4: TANGGAL | E4: NO LOG | F4: NO TRM | G4: KODE | H4: JENIS | I4: PANJANG | J4: D1 | K4: D2 | L4: D3 | M4: D4 | N4: Ø | O4: Ø2 | P4: Brutto | Q4: GR | R4: M3 | S4: Trimming | T4: Vol Tr | U4: Netto | V4: SUM | W4: TGL INPUT
A5: =IF(COUNTIF($F$5:$F$45650,F5)>1,"DOUBLE","") | B5: 1 | C5: =IF(D5="","",(IF(D6=D5,"",1))) | D5: 45971 | E5: 199 | F5: 199A | G5: =VLOOKUP(E5,'Supply Log'!$E$6:$T$277,2,FALSE) -> NL | H5: =VLOOKUP(E5,'Supply Log'!$E$6:$T$277,3,FALSE) -> Ulin | I5: 4.4 | J5: =VLOOKUP(E5,'Supply Log'!$E$6:$T$277,5,FALSE) -> 39 | K5: =VLOOKUP(E5,'Supply Log'!$E$6:$T$277,6,FALSE) -> 43 | L5: =VLOOKUP(E5,'Supply Log'!$E$6:$T$277,7,FALSE) -> 25 | M5: =VLOOKUP(E5,'Supply Log'!$E$6:$T$277,8,FALSE) -> 32 | N5: =VLOOKUP(E5,'Supply Log'!$E$6:$T$277,9,FALSE) -> 34.75 | O5: =VLOOKUP(E5,'Supply Log'!$E$6:$T$277,10,FALSE) -> 35 | P5: =+ROUND((O5*O5*I5*0.7854)/10000,2) -> 0.42 | Q5: =VLOOKUP(E5,'Supply Log'!$E$6:$T$277,12,FALSE) -> 0 | R5: =ROUND(((Q5*Q5*(I5-S5)*0.7854)/10000),2) -> 0 | T5: =+ROUND((O5*O5*S5*0.7854)/10000,2) -> 0 | U5: =+P5-R5-T5 -> 0.42 | V5: =IF(C5="","",(SUMIF($D$2:$D$23587,D5,$P$2:$P$23587))) | W5: =VLOOKUP(F5,'Input Log'!$E$6:$V$50000,18,FALSE) -> 45971 | X5: =VLOOKUP(E5,'Supply Log'!$Z$6:$AB$699,2,FALSE) -> 419 | Y5: =VLOOKUP(E5,'Supply Log'!$E$6:$X$618,20,FALSE) -> 0
A6: =IF(COUNTIF($F$5:$F$45650,F6)>1,"DOUBLE","") | B6: =+B5+1 -> 2 | C6: =IF(D6="","",(IF(D7=D6,"",1))) | D6: 45971 | E6: 199 | F6: 199B | G6: =VLOOKUP(E6,'Supply Log'!$E$6:$T$277,2,FALSE) -> NL | H6: =VLOOKUP(E6,'Supply Log'!$E$6:$T$277,3,FALSE) -> Ulin | I6: 4.3 | J6: =VLOOKUP(E6,'Supply Log'!$E$6:$T$277,5,FALSE) -> 39 | K6: =VLOOKUP(E6,'Supply Log'!$E$6:$T$277,6,FALSE) -> 43 | L6: =VLOOKUP(E6,'Supply Log'!$E$6:$T$277,7,FALSE) -> 25 | M6: =VLOOKUP(E6,'Supply Log'!$E$6:$T$277,8,FALSE) -> 32 | N6: =VLOOKUP(E6,'Supply Log'!$E$6:$T$277,9,FALSE) -> 34.75 | O6: =VLOOKUP(E6,'Supply Log'!$E$6:$T$277,10,FALSE) -> 35 | P6: =+ROUND((O6*O6*I6*0.7854)/10000,2) -> 0.41 | Q6: =VLOOKUP(E6,'Supply Log'!$E$6:$T$277,12,FALSE) -> 0 | R6: =ROUND(((Q6*Q6*(I6-S6)*0.7854)/10000),2) -> 0 | T6: =+ROUND((O6*O6*S6*0.7854)/10000,2) -> 0 | U6: =+P6-R6-T6 -> 0.41 | V6: =IF(C6="","",(SUMIF($D$2:$D$23587,D6,$P$2:$P$23587))) | W6: =VLOOKUP(F6,'Input Log'!$E$6:$V$50000,18,FALSE) -> 45971 | X6: =VLOOKUP(E6,'Supply Log'!$Z$6:$AB$699,2,FALSE) -> 419 | Y6: =VLOOKUP(E6,'Supply Log'!$E$6:$X$618,20,FALSE) -> 0
A7: =IF(COUNTIF($F$5:$F$45650,F7)>1,"DOUBLE","") | B7: =+B6+1 -> 3 | C7: =IF(D7="","",(IF(D8=D7,"",1))) | D7: 45971 | E7: 199 | F7: 199C | G7: =VLOOKUP(E7,'Supply Log'!$E$6:$T$277,2,FALSE) -> NL | H7: =VLOOKUP(E7,'Supply Log'!$E$6:$T$277,3,FALSE) -> Ulin | I7: 2.3 | J7: =VLOOKUP(E7,'Supply Log'!$E$6:$T$277,5,FALSE) -> 39 | K7: =VLOOKUP(E7,'Supply Log'!$E$6:$T$277,6,FALSE) -> 43 | L7: =VLOOKUP(E7,'Supply Log'!$E$6:$T$277,7,FALSE) -> 25 | M7: =VLOOKUP(E7,'Supply Log'!$E$6:$T$277,8,FALSE) -> 32 | N7: =VLOOKUP(E7,'Supply Log'!$E$6:$T$277,9,FALSE) -> 34.75 | O7: =VLOOKUP(E7,'Supply Log'!$E$6:$T$277,10,FALSE) -> 35 | P7: =+ROUND((O7*O7*I7*0.7854)/10000,2) -> 0.22 | Q7: =VLOOKUP(E7,'Supply Log'!$E$6:$T$277,12,FALSE) -> 0 | R7: =ROUND(((Q7*Q7*(I7-S7)*0.7854)/10000),2) -> 0 | T7: =+ROUND((O7*O7*S7*0.7854)/10000,2) -> 0 | U7: =+P7-R7-T7 -> 0.22 | V7: =IF(C7="","",(SUMIF($D$2:$D$23587,D7,$P$2:$P$23587))) | W7: =VLOOKUP(F7,'Input Log'!$E$6:$V$50000,18,FALSE) -> #N/A | X7: =VLOOKUP(E7,'Supply Log'!$Z$6:$AB$699,2,FALSE) -> 419 | Y7: =VLOOKUP(E7,'Supply Log'!$E$6:$X$618,20,FALSE) -> 0
A8: =IF(COUNTIF($F$5:$F$45650,F8)>1,"DOUBLE","") | B8: =+B7+1 -> 4 | C8: =IF(D8="","",(IF(D9=D8,"",1))) | D8: 45971 | E8: 200 | F8: 200A | G8: =VLOOKUP(E8,'Supply Log'!$E$6:$T$277,2,FALSE) -> NL | H8: =VLOOKUP(E8,'Supply Log'!$E$6:$T$277,3,FALSE) -> Ulin | I8: 5 | J8: =VLOOKUP(E8,'Supply Log'!$E$6:$T$277,5,FALSE) -> 38 | K8: =VLOOKUP(E8,'Supply Log'!$E$6:$T$277,6,FALSE) -> 44 | L8: =VLOOKUP(E8,'Supply Log'!$E$6:$T$277,7,FALSE) -> 30 | M8: =VLOOKUP(E8,'Supply Log'!$E$6:$T$277,8,FALSE) -> 34 | N8: =VLOOKUP(E8,'Supply Log'!$E$6:$T$277,9,FALSE) -> 36.5 | O8: =VLOOKUP(E8,'Supply Log'!$E$6:$T$277,10,FALSE) -> 37 | P8: =+ROUND((O8*O8*I8*0.7854)/10000,2) -> 0.54 | Q8: =VLOOKUP(E8,'Supply Log'!$E$6:$T$277,12,FALSE) -> 0 | R8: =ROUND(((Q8*Q8*(I8-S8)*0.7854)/10000),2) -> 0 | T8: =+ROUND((O8*O8*S8*0.7854)/10000,2) -> 0 | U8: =+P8-R8-T8 -> 0.54 | V8: =IF(C8="","",(SUMIF($D$2:$D$23587,D8,$P$2:$P$23587))) | W8: =VLOOKUP(F8,'Input Log'!$E$6:$V$50000,18,FALSE) -> 45971 | X8: =VLOOKUP(E8,'Supply Log'!$Z$6:$AB$699,2,FALSE) -> 411 | Y8: =VLOOKUP(E8,'Supply Log'!$E$6:$X$618,20,FALSE) -> 0
A9: =IF(COUNTIF($F$5:$F$45650,F9)>1,"DOUBLE","") | B9: =+B8+1 -> 5 | C9: =IF(D9="","",(IF(D10=D9,"",1))) | D9: 45971 | E9: 200 | F9: 200B | G9: =VLOOKUP(E9,'Supply Log'!$E$6:$T$277,2,FALSE) -> NL | H9: =VLOOKUP(E9,'Supply Log'!$E$6:$T$277,3,FALSE) -> Ulin | I9: 4.9 | J9: =VLOOKUP(E9,'Supply Log'!$E$6:$T$277,5,FALSE) -> 38 | K9: =VLOOKUP(E9,'Supply Log'!$E$6:$T$277,6,FALSE) -> 44 | L9: =VLOOKUP(E9,'Supply Log'!$E$6:$T$277,7,FALSE) -> 30 | M9: =VLOOKUP(E9,'Supply Log'!$E$6:$T$277,8,FALSE) -> 34 | N9: =VLOOKUP(E9,'Supply Log'!$E$6:$T$277,9,FALSE) -> 36.5 | O9: =VLOOKUP(E9,'Supply Log'!$E$6:$T$277,10,FALSE) -> 37 | P9: =+ROUND((O9*O9*I9*0.7854)/10000,2) -> 0.53 | Q9: =VLOOKUP(E9,'Supply Log'!$E$6:$T$277,12,FALSE) -> 0 | R9: =ROUND(((Q9*Q9*(I9-S9)*0.7854)/10000),2) -> 0 | T9: =+ROUND((O9*O9*S9*0.7854)/10000,2) -> 0 | U9: =+P9-R9-T9 -> 0.53 | V9: =IF(C9="","",(SUMIF($D$2:$D$23587,D9,$P$2:$P$23587))) | W9: =VLOOKUP(F9,'Input Log'!$E$6:$V$50000,18,FALSE) -> 45971 | X9: =VLOOKUP(E9,'Supply Log'!$Z$6:$AB$699,2,FALSE) -> 411 | Y9: =VLOOKUP(E9,'Supply Log'!$E$6:$X$618,20,FALSE) -> 0
A10: =IF(COUNTIF($F$5:$F$45650,F10)>1,"DOUBLE","") | B10: =+B9+1 -> 6 | C10: =IF(D10="","",(IF(D11=D10,"",1))) | D10: 45971 | E10: 200 | F10: 200C | G10: =VLOOKUP(E10,'Supply Log'!$E$6:$T$277,2,FALSE) -> NL | H10: =VLOOKUP(E10,'Supply Log'!$E$6:$T$277,3,FALSE) -> Ulin | I10: 4.3 | J10: =VLOOKUP(E10,'Supply Log'!$E$6:$T$277,5,FALSE) -> 38 | K10: =VLOOKUP(E10,'Supply Log'!$E$6:$T$277,6,FALSE) -> 44 | L10: =VLOOKUP(E10,'Supply Log'!$E$6:$T$277,7,FALSE) -> 30 | M10: =VLOOKUP(E10,'Supply Log'!$E$6:$T$277,8,FALSE) -> 34 | N10: =VLOOKUP(E10,'Supply Log'!$E$6:$T$277,9,FALSE) -> 36.5 | O10: =VLOOKUP(E10,'Supply Log'!$E$6:$T$277,10,FALSE) -> 37 | P10: =+ROUND((O10*O10*I10*0.7854)/10000,2) -> 0.46 | Q10: =VLOOKUP(E10,'Supply Log'!$E$6:$T$277,12,FALSE) -> 0 | R10: =ROUND(((Q10*Q10*(I10-S10)*0.7854)/10000),2) -> 0 | T10: =+ROUND((O10*O10*S10*0.7854)/10000,2) -> 0 | U10: =+P10-R10-T10 -> 0.46 | V10: =IF(C10="","",(SUMIF($D$2:$D$23587,D10,$P$2:$P$23587))) | W10: =VLOOKUP(F10,'Input Log'!$E$6:$V$50000,18,FALSE) -> 45971 | X10: =VLOOKUP(E10,'Supply Log'!$Z$6:$AB$699,2,FALSE) -> 411 | Y10: =VLOOKUP(E10,'Supply Log'!$E$6:$X$618,20,FALSE) -> 0
A11: =IF(COUNTIF($F$5:$F$45650,F11)>1,"DOUBLE","") | B11: =+B10+1 -> 7 | C11: =IF(D11="","",(IF(D12=D11,"",1))) | D11: 45971 | E11: 196 | F11: 196A | G11: =VLOOKUP(E11,'Supply Log'!$E$6:$T$277,2,FALSE) -> NL | H11: =VLOOKUP(E11,'Supply Log'!$E$6:$T$277,3,FALSE) -> Ulin | I11: 3.7 | J11: =VLOOKUP(E11,'Supply Log'!$E$6:$T$277,5,FALSE) -> 36 | K11: =VLOOKUP(E11,'Supply Log'!$E$6:$T$277,6,FALSE) -> 40 | L11: =VLOOKUP(E11,'Supply Log'!$E$6:$T$277,7,FALSE) -> 31 | M11: =VLOOKUP(E11,'Supply Log'!$E$6:$T$277,8,FALSE) -> 35 | N11: =VLOOKUP(E11,'Supply Log'!$E$6:$T$277,9,FALSE) -> 35.5 | O11: =VLOOKUP(E11,'Supply Log'!$E$6:$T$277,10,FALSE) -> 36 | P11: =+ROUND((O11*O11*I11*0.7854)/10000,2) -> 0.38 | Q11: =VLOOKUP(E11,'Supply Log'!$E$6:$T$277,12,FALSE) -> 0 | R11: =ROUND(((Q11*Q11*(I11-S11)*0.7854)/10000),2) -> 0 | T11: =+ROUND((O11*O11*S11*0.7854)/10000,2) -> 0 | U11: =+P11-R11-T11 -> 0.38 | V11: =IF(C11="","",(SUMIF($D$2:$D$23587,D11,$P$2:$P$23587))) | W11: =VLOOKUP(F11,'Input Log'!$E$6:$V$50000,18,FALSE) -> #N/A | X11: =VLOOKUP(E11,'Supply Log'!$Z$6:$AB$699,2,FALSE) -> 425 | Y11: =VLOOKUP(E11,'Supply Log'!$E$6:$X$618,20,FALSE) -> 0
A12: =IF(COUNTIF($F$5:$F$45650,F12)>1,"DOUBLE","") | B12: =+B11+1 -> 8 | C12: =IF(D12="","",(IF(D13=D12,"",1))) | D12: 45971 | E12: 196 | F12: 196B | G12: =VLOOKUP(E12,'Supply Log'!$E$6:$T$277,2,FALSE) -> NL | H12: =VLOOKUP(E12,'Supply Log'!$E$6:$T$277,3,FALSE) -> Ulin | I12: 2.9 | J12: =VLOOKUP(E12,'Supply Log'!$E$6:$T$277,5,FALSE) -> 36 | K12: =VLOOKUP(E12,'Supply Log'!$E$6:$T$277,6,FALSE) -> 40 | L12: =VLOOKUP(E12,'Supply Log'!$E$6:$T$277,7,FALSE) -> 31 | M12: =VLOOKUP(E12,'Supply Log'!$E$6:$T$277,8,FALSE) -> 35 | N12: =VLOOKUP(E12,'Supply Log'!$E$6:$T$277,9,FALSE) -> 35.5 | O12: =VLOOKUP(E12,'Supply Log'!$E$6:$T$277,10,FALSE) -> 36 | P12: =+ROUND((O12*O12*I12*0.7854)/10000,2) -> 0.3 | Q12: =VLOOKUP(E12,'Supply Log'!$E$6:$T$277,12,FALSE) -> 0 | R12: =ROUND(((Q12*Q12*(I12-S12)*0.7854)/10000),2) -> 0 | T12: =+ROUND((O12*O12*S12*0.7854)/10000,2) -> 0 | U12: =+P12-R12-T12 -> 0.3 | V12: =IF(C12="","",(SUMIF($D$2:$D$23587,D12,$P$2:$P$23587))) | W12: =VLOOKUP(F12,'Input Log'!$E$6:$V$50000,18,FALSE) -> #N/A | X12: =VLOOKUP(E12,'Supply Log'!$Z$6:$AB$699,2,FALSE) -> 425 | Y12: =VLOOKUP(E12,'Supply Log'!$E$6:$X$618,20,FALSE) -> 0
A13: =IF(COUNTIF($F$5:$F$45650,F13)>1,"DOUBLE","") | B13: =+B12+1 -> 9 | C13: =IF(D13="","",(IF(D14=D13,"",1))) | D13: 45971 | E13: 197 | F13: 197A | G13: =VLOOKUP(E13,'Supply Log'!$E$6:$T$277,2,FALSE) -> NL | H13: =VLOOKUP(E13,'Supply Log'!$E$6:$T$277,3,FALSE) -> Ulin | I13: 4.4 | J13: =VLOOKUP(E13,'Supply Log'!$E$6:$T$277,5,FALSE) -> 34 | K13: =VLOOKUP(E13,'Supply Log'!$E$6:$T$277,6,FALSE) -> 38 | L13: =VLOOKUP(E13,'Supply Log'!$E$6:$T$277,7,FALSE) -> 26 | M13: =VLOOKUP(E13,'Supply Log'!$E$6:$T$277,8,FALSE) -> 31 | N13: =VLOOKUP(E13,'Supply Log'!$E$6:$T$277,9,FALSE) -> 32.25 | O13: =VLOOKUP(E13,'Supply Log'!$E$6:$T$277,10,FALSE) -> 32 | P13: =+ROUND((O13*O13*I13*0.7854)/10000,2) -> 0.35 | Q13: =VLOOKUP(E13,'Supply Log'!$E$6:$T$277,12,FALSE) -> 0 | R13: =ROUND(((Q13*Q13*(I13-S13)*0.7854)/10000),2) -> 0 | T13: =+ROUND((O13*O13*S13*0.7854)/10000,2) -> 0 | U13: =+P13-R13-T13 -> 0.35 | V13: =IF(C13="","",(SUMIF($D$2:$D$23587,D13,$P$2:$P$23587))) | W13: =VLOOKUP(F13,'Input Log'!$E$6:$V$50000,18,FALSE) -> #N/A | X13: =VLOOKUP(E13,'Supply Log'!$Z$6:$AB$699,2,FALSE) -> 404 | Y13: =VLOOKUP(E13,'Supply Log'!$E$6:$X$618,20,FALSE) -> 0
A14: =IF(COUNTIF($F$5:$F$45650,F14)>1,"DOUBLE","") | B14: =+B13+1 -> 10 | C14: =IF(D14="","",(IF(D15=D14,"",1))) | D14: 45971 | E14: 197 | F14: 197B | G14: =VLOOKUP(E14,'Supply Log'!$E$6:$T$277,2,FALSE) -> NL | H14: =VLOOKUP(E14,'Supply Log'!$E$6:$T$277,3,FALSE) -> Ulin | I14: 4.1 | J14: =VLOOKUP(E14,'Supply Log'!$E$6:$T$277,5,FALSE) -> 34 | K14: =VLOOKUP(E14,'Supply Log'!$E$6:$T$277,6,FALSE) -> 38 | L14: =VLOOKUP(E14,'Supply Log'!$E$6:$T$277,7,FALSE) -> 26 | M14: =VLOOKUP(E14,'Supply Log'!$E$6:$T$277,8,FALSE) -> 31 | N14: =VLOOKUP(E14,'Supply Log'!$E$6:$T$277,9,FALSE) -> 32.25 | O14: =VLOOKUP(E14,'Supply Log'!$E$6:$T$277,10,FALSE) -> 32 | P14: =+ROUND((O14*O14*I14*0.7854)/10000,2) -> 0.33 | Q14: =VLOOKUP(E14,'Supply Log'!$E$6:$T$277,12,FALSE) -> 0 | R14: =ROUND(((Q14*Q14*(I14-S14)*0.7854)/10000),2) -> 0 | T14: =+ROUND((O14*O14*S14*0.7854)/10000,2) -> 0 | U14: =+P14-R14-T14 -> 0.33 | V14: =IF(C14="","",(SUMIF($D$2:$D$23587,D14,$P$2:$P$23587))) | W14: =VLOOKUP(F14,'Input Log'!$E$6:$V$50000,18,FALSE) -> #N/A | X14: =VLOOKUP(E14,'Supply Log'!$Z$6:$AB$699,2,FALSE) -> 404 | Y14: =VLOOKUP(E14,'Supply Log'!$E$6:$X$618,20,FALSE) -> 0
A15: =IF(COUNTIF($F$5:$F$45650,F15)>1,"DOUBLE","") | B15: =+B14+1 -> 11 | C15: =IF(D15="","",(IF(D16=D15,"",1))) | D15: 45971 | E15: 197 | F15: 197C | G15: =VLOOKUP(E15,'Supply Log'!$E$6:$T$277,2,FALSE) -> NL | H15: =VLOOKUP(E15,'Supply Log'!$E$6:$T$277,3,FALSE) -> Ulin | I15: 3 | J15: =VLOOKUP(E15,'Supply Log'!$E$6:$T$277,5,FALSE) -> 34 | K15: =VLOOKUP(E15,'Supply Log'!$E$6:$T$277,6,FALSE) -> 38 | L15: =VLOOKUP(E15,'Supply Log'!$E$6:$T$277,7,FALSE) -> 26 | M15: =VLOOKUP(E15,'Supply Log'!$E$6:$T$277,8,FALSE) -> 31 | N15: =VLOOKUP(E15,'Supply Log'!$E$6:$T$277,9,FALSE) -> 32.25 | O15: =VLOOKUP(E15,'Supply Log'!$E$6:$T$277,10,FALSE) -> 32 | P15: =+ROUND((O15*O15*I15*0.7854)/10000,2) -> 0.24 | Q15: =VLOOKUP(E15,'Supply Log'!$E$6:$T$277,12,FALSE) -> 0 | R15: =ROUND(((Q15*Q15*(I15-S15)*0.7854)/10000),2) -> 0 | T15: =+ROUND((O15*O15*S15*0.7854)/10000,2) -> 0 | U15: =+P15-R15-T15 -> 0.24 | V15: =IF(C15="","",(SUMIF($D$2:$D$23587,D15,$P$2:$P$23587))) | W15: =VLOOKUP(F15,'Input Log'!$E$6:$V$50000,18,FALSE) -> #N/A | X15: =VLOOKUP(E15,'Supply Log'!$Z$6:$AB$699,2,FALSE) -> 404 | Y15: =VLOOKUP(E15,'Supply Log'!$E$6:$X$618,20,FALSE) -> 0
A16: =IF(COUNTIF($F$5:$F$45650,F16)>1,"DOUBLE","") | B16: =+B15+1 -> 12 | C16: =IF(D16="","",(IF(D17=D16,"",1))) | D16: 45971 | E16: 198 | F16: 198A | G16: =VLOOKUP(E16,'Supply Log'!$E$6:$T$277,2,FALSE) -> NL | H16: =VLOOKUP(E16,'Supply Log'!$E$6:$T$277,3,FALSE) -> Ulin | I16: 2.7 | J16: =VLOOKUP(E16,'Supply Log'!$E$6:$T$277,5,FALSE) -> 30 | K16: =VLOOKUP(E16,'Supply Log'!$E$6:$T$277,6,FALSE) -> 32 | L16: =VLOOKUP(E16,'Supply Log'!$E$6:$T$277,7,FALSE) -> 41 | M16: =VLOOKUP(E16,'Supply Log'!$E$6:$T$277,8,FALSE) -> 47 | N16: =VLOOKUP(E16,'Supply Log'!$E$6:$T$277,9,FALSE) -> 37.5 | O16: =VLOOKUP(E16,'Supply Log'!$E$6:$T$277,10,FALSE) -> 38 | P16: =+ROUND((O16*O16*I16*0.7854)/10000,2) -> 0.31 | Q16: =VLOOKUP(E16,'Supply Log'!$E$6:$T$277,12,FALSE) -> 0 | R16: =ROUND(((Q16*Q16*(I16-S16)*0.7854)/10000),2) -> 0 | T16: =+ROUND((O16*O16*S16*0.7854)/10000,2) -> 0 | U16: =+P16-R16-T16 -> 0.31 | V16: =IF(C16="","",(SUMIF($D$2:$D$23587,D16,$P$2:$P$23587))) | W16: =VLOOKUP(F16,'Input Log'!$E$6:$V$50000,18,FALSE) -> #N/A | X16: =VLOOKUP(E16,'Supply Log'!$Z$6:$AB$699,2,FALSE) -> 921 | Y16: =VLOOKUP(E16,'Supply Log'!$E$6:$X$618,20,FALSE) -> 0
A17: =IF(COUNTIF($F$5:$F$45650,F17)>1,"DOUBLE","") | B17: =+B16+1 -> 13 | C17: =IF(D17="","",(IF(D18=D17,"",1))) | D17: 45971 | E17: 198 | F17: 198B | G17: =VLOOKUP(E17,'Supply Log'!$E$6:$T$277,2,FALSE) -> NL | H17: =VLOOKUP(E17,'Supply Log'!$E$6:$T$277,3,FALSE) -> Ulin | I17: 3.3 | J17: =VLOOKUP(E17,'Supply Log'!$E$6:$T$277,5,FALSE) -> 30 | K17: =VLOOKUP(E17,'Supply Log'!$E$6:$T$277,6,FALSE) -> 32 | L17: =VLOOKUP(E17,'Supply Log'!$E$6:$T$277,7,FALSE) -> 41 | M17: =VLOOKUP(E17,'Supply Log'!$E$6:$T$277,8,FALSE) -> 47 | N17: =VLOOKUP(E17,'Supply Log'!$E$6:$T$277,9,FALSE) -> 37.5 | O17: =VLOOKUP(E17,'Supply Log'!$E$6:$T$277,10,FALSE) -> 38 | P17: =+ROUND((O17*O17*I17*0.7854)/10000,2) -> 0.37 | Q17: =VLOOKUP(E17,'Supply Log'!$E$6:$T$277,12,FALSE) -> 0 | R17: =ROUND(((Q17*Q17*(I17-S17)*0.7854)/10000),2) -> 0 | T17: =+ROUND((O17*O17*S17*0.7854)/10000,2) -> 0 | U17: =+P17-R17-T17 -> 0.37 | V17: =IF(C17="","",(SUMIF($D$2:$D$23587,D17,$P$2:$P$23587))) | W17: =VLOOKUP(F17,'Input Log'!$E$6:$V$50000,18,FALSE) -> #N/A | X17: =VLOOKUP(E17,'Supply Log'!$Z$6:$AB$699,2,FALSE) -> 921 | Y17: =VLOOKUP(E17,'Supply Log'!$E$6:$X$618,20,FALSE) -> 0
... A88: =IF(COUNTIF($F$5:$F$45650,F88)>1,"DOUBLE","") | B88: =+B87+1 -> 84 | C88: =IF(D88="","",(IF(D89=D88,"",1))) -> 1 | D88: 45971 | E88: 171 | F88: 171C | G88: =VLOOKUP(E88,'Supply Log'!$E$6:$T$277,2,FALSE) -> NL | H88: =VLOOKUP(E88,'Supply Log'!$E$6:$T$277,3,FALSE) -> Ulin | I88: 2.9 | J88: =VLOOKUP(E88,'Supply Log'!$E$6:$T$277,5,FALSE) -> 36 | K88: =VLOOKUP(E88,'Supply Log'!$E$6:$T$277,6,FALSE) -> 45 | L88: =VLOOKUP(E88,'Supply Log'!$E$6:$T$277,7,FALSE) -> 36 | M88: =VLOOKUP(E88,'Supply Log'!$E$6:$T$277,8,FALSE) -> 39 | N88: =VLOOKUP(E88,'Supply Log'!$E$6:$T$277,9,FALSE) -> 39 | O88: =VLOOKUP(E88,'Supply Log'!$E$6:$T$277,10,FALSE) -> 39 | P88: =+ROUND((O88*O88*I88*0.7854)/10000,2) -> 0.35 | Q88: =VLOOKUP(E88,'Supply Log'!$E$6:$T$277,12,FALSE) -> 0 | R88: =ROUND(((Q88*Q88*(I88-S88)*0.7854)/10000),2) -> 0 | T88: =+ROUND((O88*O88*S88*0.7854)/10000,2) -> 0 | U88: =+P88-R88-T88 -> 0.35 | V88: =IF(C88="","",(SUMIF($D$2:$D$23587,D88,$P$2:$P$23587))) -> 28.36 | W88: =VLOOKUP(F88,'Input Log'!$E$6:$V$50000,18,FALSE) -> #N/A | X88: =VLOOKUP(E88,'Supply Log'!$Z$6:$AB$699,2,FALSE) -> 447 | Y88: =VLOOKUP(E88,'Supply Log'!$E$6:$X$618,20,FALSE) -> 0
A89: =IF(COUNTIF($F$5:$F$45650,F89)>1,"DOUBLE","") | B89: 1 | C89: =IF(D89="","",(IF(D90=D89,"",1))) | G89: =VLOOKUP(E89,'Supply Log'!$E$6:$T$277,2,FALSE) -> #N/A | H89: =VLOOKUP(E89,'Supply Log'!$E$6:$T$277,3,FALSE) -> #N/A | J89: =VLOOKUP(E89,'Supply Log'!$E$6:$T$277,5,FALSE) -> #N/A | K89: =VLOOKUP(E89,'Supply Log'!$E$6:$T$277,6,FALSE) -> #N/A | L89: =VLOOKUP(E89,'Supply Log'!$E$6:$T$277,7,FALSE) -> #N/A | M89: =VLOOKUP(E89,'Supply Log'!$E$6:$T$277,8,FALSE) -> #N/A | N89: =VLOOKUP(E89,'Supply Log'!$E$6:$T$277,9,FALSE) -> #N/A | O89: =VLOOKUP(E89,'Supply Log'!$E$6:$T$277,10,FALSE) -> #N/A | P89: =+ROUND((O89*O89*I89*0.7854)/10000,2) -> #N/A | Q89: =VLOOKUP(E89,'Supply Log'!$E$6:$T$277,12,FALSE) -> #N/A | R89: =ROUND(((Q89*Q89*(I89-S89)*0.7854)/10000),2) -> #N/A | T89: =+ROUND((O89*O89*S89*0.7854)/10000,2) -> #N/A | U89: =+P89-R89-T89 -> #N/A | V89: =IF(C89="","",(SUMIF($D$2:$D$23587,D89,$P$2:$P$23587))) | W89: =VLOOKUP(F89,'Input Log'!$E$6:$V$50000,18,FALSE) -> #N/A | X89: =VLOOKUP(E89,'Supply Log'!$Z$6:$AB$699,2,FALSE) -> #N/A | Y89: =VLOOKUP(E89,'Supply Log'!$E$6:$X$618,20,FALSE) -> #N/A
A90: =IF(COUNTIF($F$5:$F$45650,F90)>1,"DOUBLE","") | B90: =+B89+1 -> 2 | C90: =IF(D90="","",(IF(D91=D90,"",1))) | G90: =VLOOKUP(E90,'Supply Log'!$E$6:$T$277,2,FALSE) -> #N/A | H90: =VLOOKUP(E90,'Supply Log'!$E$6:$T$277,3,FALSE) -> #N/A | J90: =VLOOKUP(E90,'Supply Log'!$E$6:$T$277,5,FALSE) -> #N/A | K90: =VLOOKUP(E90,'Supply Log'!$E$6:$T$277,6,FALSE) -> #N/A | L90: =VLOOKUP(E90,'Supply Log'!$E$6:$T$277,7,FALSE) -> #N/A | M90: =VLOOKUP(E90,'Supply Log'!$E$6:$T$277,8,FALSE) -> #N/A | N90: =VLOOKUP(E90,'Supply Log'!$E$6:$T$277,9,FALSE) -> #N/A | O90: =VLOOKUP(E90,'Supply Log'!$E$6:$T$277,10,FALSE) -> #N/A | P90: =+ROUND((O90*O90*I90*0.7854)/10000,2) -> #N/A | Q90: =VLOOKUP(E90,'Supply Log'!$E$6:$T$277,12,FALSE) -> #N/A | R90: =ROUND(((Q90*Q90*(I90-S90)*0.7854)/10000),2) -> #N/A | T90: =+ROUND((O90*O90*S90*0.7854)/10000,2) -> #N/A | U90: =+P90-R90-T90 -> #N/A | V90: =IF(C90="","",(SUMIF($D$2:$D$23587,D90,$P$2:$P$23587))) | W90: =VLOOKUP(F90,'Input Log'!$E$6:$V$50000,18,FALSE) -> #N/A | X90: =VLOOKUP(E90,'Supply Log'!$Z$6:$AB$699,2,FALSE) -> #N/A | Y90: =VLOOKUP(E90,'Supply Log'!$E$6:$X$618,20,FALSE) -> #N/A
A91: =IF(COUNTIF($F$5:$F$45650,F91)>1,"DOUBLE","") | B91: =+B90+1 -> 3 | C91: =IF(D91="","",(IF(D92=D91,"",1))) | G91: =VLOOKUP(E91,'Supply Log'!$E$6:$T$277,2,FALSE) -> #N/A | H91: =VLOOKUP(E91,'Supply Log'!$E$6:$T$277,3,FALSE) -> #N/A | J91: =VLOOKUP(E91,'Supply Log'!$E$6:$T$277,5,FALSE) -> #N/A | K91: =VLOOKUP(E91,'Supply Log'!$E$6:$T$277,6,FALSE) -> #N/A | L91: =VLOOKUP(E91,'Supply Log'!$E$6:$T$277,7,FALSE) -> #N/A | M91: =VLOOKUP(E91,'Supply Log'!$E$6:$T$277,8,FALSE) -> #N/A | N91: =VLOOKUP(E91,'Supply Log'!$E$6:$T$277,9,FALSE) -> #N/A | O91: =VLOOKUP(E91,'Supply Log'!$E$6:$T$277,10,FALSE) -> #N/A | P91: =+ROUND((O91*O91*I91*0.7854)/10000,2) -> #N/A | Q91: =VLOOKUP(E91,'Supply Log'!$E$6:$T$277,12,FALSE) -> #N/A | R91: =ROUND(((Q91*Q91*(I91-S91)*0.7854)/10000),2) -> #N/A | T91: =+ROUND((O91*O91*S91*0.7854)/10000,2) -> #N/A | U91: =+P91-R91-T91 -> #N/A | V91: =IF(C91="","",(SUMIF($D$2:$D$23587,D91,$P$2:$P$23587))) | W91: =VLOOKUP(F91,'Input Log'!$E$6:$V$50000,18,FALSE) -> #N/A | X91: =VLOOKUP(E91,'Supply Log'!$Z$6:$AB$699,2,FALSE) -> #N/A | Y91: =VLOOKUP(E91,'Supply Log'!$E$6:$X$618,20,FALSE) -> #N/A
A92: =IF(COUNTIF($F$5:$F$45650,F92)>1,"DOUBLE","") | B92: =+B91+1 -> 4 | C92: =IF(D92="","",(IF(D93=D92,"",1))) | G92: =VLOOKUP(E92,'Supply Log'!$E$6:$T$277,2,FALSE) -> #N/A | H92: =VLOOKUP(E92,'Supply Log'!$E$6:$T$277,3,FALSE) -> #N/A | J92: =VLOOKUP(E92,'Supply Log'!$E$6:$T$277,5,FALSE) -> #N/A | K92: =VLOOKUP(E92,'Supply Log'!$E$6:$T$277,6,FALSE) -> #N/A | L92: =VLOOKUP(E92,'Supply Log'!$E$6:$T$277,7,FALSE) -> #N/A | M92: =VLOOKUP(E92,'Supply Log'!$E$6:$T$277,8,FALSE) -> #N/A | N92: =VLOOKUP(E92,'Supply Log'!$E$6:$T$277,9,FALSE) -> #N/A | O92: =VLOOKUP(E92,'Supply Log'!$E$6:$T$277,10,FALSE) -> #N/A | P92: =+ROUND((O92*O92*I92*0.7854)/10000,2) -> #N/A | Q92: =VLOOKUP(E92,'Supply Log'!$E$6:$T$277,12,FALSE) -> #N/A | R92: =ROUND(((Q92*Q92*(I92-S92)*0.7854)/10000),2) -> #N/A | T92: =+ROUND((O92*O92*S92*0.7854)/10000,2) -> #N/A | U92: =+P92-R92-T92 -> #N/A | V92: =IF(C92="","",(SUMIF($D$2:$D$23587,D92,$P$2:$P$23587))) | W92: =VLOOKUP(F92,'Input Log'!$E$6:$V$50000,18,FALSE) -> #N/A | X92: =VLOOKUP(E92,'Supply Log'!$Z$6:$AB$699,2,FALSE) -> #N/A | Y92: =VLOOKUP(E92,'Supply Log'!$E$6:$X$618,20,FALSE) -> #N/A
A93: =IF(COUNTIF($F$5:$F$45650,F93)>1,"DOUBLE","") | B93: =+B92+1 -> 5 | C93: =IF(D93="","",(IF(D94=D93,"",1))) | G93: =VLOOKUP(E93,'Supply Log'!$E$6:$T$277,2,FALSE) -> #N/A | H93: =VLOOKUP(E93,'Supply Log'!$E$6:$T$277,3,FALSE) -> #N/A | J93: =VLOOKUP(E93,'Supply Log'!$E$6:$T$277,5,FALSE) -> #N/A | K93: =VLOOKUP(E93,'Supply Log'!$E$6:$T$277,6,FALSE) -> #N/A | L93: =VLOOKUP(E93,'Supply Log'!$E$6:$T$277,7,FALSE) -> #N/A | M93: =VLOOKUP(E93,'Supply Log'!$E$6:$T$277,8,FALSE) -> #N/A | N93: =VLOOKUP(E93,'Supply Log'!$E$6:$T$277,9,FALSE) -> #N/A | O93: =VLOOKUP(E93,'Supply Log'!$E$6:$T$277,10,FALSE) -> #N/A | P93: =+ROUND((O93*O93*I93*0.7854)/10000,2) -> #N/A | Q93: =VLOOKUP(E93,'Supply Log'!$E$6:$T$277,12,FALSE) -> #N/A | R93: =ROUND(((Q93*Q93*(I93-S93)*0.7854)/10000),2) -> #N/A | T93: =+ROUND((O93*O93*S93*0.7854)/10000,2) -> #N/A | U93: =+P93-R93-T93 -> #N/A | V93: =IF(C93="","",(SUMIF($D$2:$D$23587,D93,$P$2:$P$23587))) | W93: =VLOOKUP(F93,'Input Log'!$E$6:$V$50000,18,FALSE) -> #N/A | X93: =VLOOKUP(E93,'Supply Log'!$Z$6:$AB$699,2,FALSE) -> #N/A | Y93: =VLOOKUP(E93,'Supply Log'!$E$6:$X$618,20,FALSE) -> #N/A
A94: =IF(COUNTIF($F$5:$F$45650,F94)>1,"DOUBLE","") | B94: =+B93+1 -> 6 | C94: =IF(D94="","",(IF(D95=D94,"",1))) | G94: =VLOOKUP(E94,'Supply Log'!$E$6:$T$277,2,FALSE) -> #N/A | H94: =VLOOKUP(E94,'Supply Log'!$E$6:$T$277,3,FALSE) -> #N/A | J94: =VLOOKUP(E94,'Supply Log'!$E$6:$T$277,5,FALSE) -> #N/A | K94: =VLOOKUP(E94,'Supply Log'!$E$6:$T$277,6,FALSE) -> #N/A | L94: =VLOOKUP(E94,'Supply Log'!$E$6:$T$277,7,FALSE) -> #N/A | M94: =VLOOKUP(E94,'Supply Log'!$E$6:$T$277,8,FALSE) -> #N/A | N94: =VLOOKUP(E94,'Supply Log'!$E$6:$T$277,9,FALSE) -> #N/A | O94: =VLOOKUP(E94,'Supply Log'!$E$6:$T$277,10,FALSE) -> #N/A | P94: =+ROUND((O94*O94*I94*0.7854)/10000,2) -> #N/A | Q94: =VLOOKUP(E94,'Supply Log'!$E$6:$T$277,12,FALSE) -> #N/A | R94: =ROUND(((Q94*Q94*(I94-S94)*0.7854)/10000),2) -> #N/A | T94: =+ROUND((O94*O94*S94*0.7854)/10000,2) -> #N/A | U94: =+P94-R94-T94 -> #N/A | V94: =IF(C94="","",(SUMIF($D$2:$D$23587,D94,$P$2:$P$23587))) | W94: =VLOOKUP(F94,'Input Log'!$E$6:$V$50000,18,FALSE) -> #N/A | X94: =VLOOKUP(E94,'Supply Log'!$Z$6:$AB$699,2,FALSE) -> #N/A | Y94: =VLOOKUP(E94,'Supply Log'!$E$6:$X$618,20,FALSE) -> #N/A
A95: =IF(COUNTIF($F$5:$F$45650,F95)>1,"DOUBLE","") | B95: =+B94+1 -> 7 | C95: =IF(D95="","",(IF(D96=D95,"",1))) | G95: =VLOOKUP(E95,'Supply Log'!$E$6:$T$277,2,FALSE) -> #N/A | H95: =VLOOKUP(E95,'Supply Log'!$E$6:$T$277,3,FALSE) -> #N/A | J95: =VLOOKUP(E95,'Supply Log'!$E$6:$T$277,5,FALSE) -> #N/A | K95: =VLOOKUP(E95,'Supply Log'!$E$6:$T$277,6,FALSE) -> #N/A | L95: =VLOOKUP(E95,'Supply Log'!$E$6:$T$277,7,FALSE) -> #N/A | M95: =VLOOKUP(E95,'Supply Log'!$E$6:$T$277,8,FALSE) -> #N/A | N95: =VLOOKUP(E95,'Supply Log'!$E$6:$T$277,9,FALSE) -> #N/A | O95: =VLOOKUP(E95,'Supply Log'!$E$6:$T$277,10,FALSE) -> #N/A | P95: =+ROUND((O95*O95*I95*0.7854)/10000,2) -> #N/A | Q95: =VLOOKUP(E95,'Supply Log'!$E$6:$T$277,12,FALSE) -> #N/A | R95: =ROUND(((Q95*Q95*(I95-S95)*0.7854)/10000),2) -> #N/A | T95: =+ROUND((O95*O95*S95*0.7854)/10000,2) -> #N/A | U95: =+P95-R95-T95 -> #N/A | V95: =IF(C95="","",(SUMIF($D$2:$D$23587,D95,$P$2:$P$23587))) | W95: =VLOOKUP(F95,'Input Log'!$E$6:$V$50000,18,FALSE) -> #N/A | X95: =VLOOKUP(E95,'Supply Log'!$Z$6:$AB$699,2,FALSE) -> #N/A | Y95: =VLOOKUP(E95,'Supply Log'!$E$6:$X$618,20,FALSE) -> #N/A
A96: =IF(COUNTIF($F$5:$F$45650,F96)>1,"DOUBLE","") | B96: =+B95+1 -> 8 | C96: =IF(D96="","",(IF(D97=D96,"",1))) | G96: =VLOOKUP(E96,'Supply Log'!$E$6:$T$277,2,FALSE) -> #N/A | H96: =VLOOKUP(E96,'Supply Log'!$E$6:$T$277,3,FALSE) -> #N/A | J96: =VLOOKUP(E96,'Supply Log'!$E$6:$T$277,5,FALSE) -> #N/A | K96: =VLOOKUP(E96,'Supply Log'!$E$6:$T$277,6,FALSE) -> #N/A | L96: =VLOOKUP(E96,'Supply Log'!$E$6:$T$277,7,FALSE) -> #N/A | M96: =VLOOKUP(E96,'Supply Log'!$E$6:$T$277,8,FALSE) -> #N/A | N96: =VLOOKUP(E96,'Supply Log'!$E$6:$T$277,9,FALSE) -> #N/A | O96: =VLOOKUP(E96,'Supply Log'!$E$6:$T$277,10,FALSE) -> #N/A | P96: =+ROUND((O96*O96*I96*0.7854)/10000,2) -> #N/A | Q96: =VLOOKUP(E96,'Supply Log'!$E$6:$T$277,12,FALSE) -> #N/A | R96: =ROUND(((Q96*Q96*(I96-S96)*0.7854)/10000),2) -> #N/A | T96: =+ROUND((O96*O96*S96*0.7854)/10000,2) -> #N/A | U96: =+P96-R96-T96 -> #N/A | V96: =IF(C96="","",(SUMIF($D$2:$D$23587,D96,$P$2:$P$23587))) | W96: =VLOOKUP(F96,'Input Log'!$E$6:$V$50000,18,FALSE) -> #N/A | X96: =VLOOKUP(E96,'Supply Log'!$Z$6:$AB$699,2,FALSE) -> #N/A | Y96: =VLOOKUP(E96,'Supply Log'!$E$6:$X$618,20,FALSE) -> #N/A
A97: =IF(COUNTIF($F$5:$F$45650,F97)>1,"DOUBLE","") | B97: =+B96+1 -> 9 | C97: =IF(D97="","",(IF(D98=D97,"",1))) | G97: =VLOOKUP(E97,'Supply Log'!$E$6:$T$277,2,FALSE) -> #N/A | H97: =VLOOKUP(E97,'Supply Log'!$E$6:$T$277,3,FALSE) -> #N/A | J97: =VLOOKUP(E97,'Supply Log'!$E$6:$T$277,5,FALSE) -> #N/A | K97: =VLOOKUP(E97,'Supply Log'!$E$6:$T$277,6,FALSE) -> #N/A | L97: =VLOOKUP(E97,'Supply Log'!$E$6:$T$277,7,FALSE) -> #N/A | M97: =VLOOKUP(E97,'Supply Log'!$E$6:$T$277,8,FALSE) -> #N/A | N97: =VLOOKUP(E97,'Supply Log'!$E$6:$T$277,9,FALSE) -> #N/A | O97: =VLOOKUP(E97,'Supply Log'!$E$6:$T$277,10,FALSE) -> #N/A | P97: =+ROUND((O97*O97*I97*0.7854)/10000,2) -> #N/A | Q97: =VLOOKUP(E97,'Supply Log'!$E$6:$T$277,12,FALSE) -> #N/A | R97: =ROUND(((Q97*Q97*(I97-S97)*0.7854)/10000),2) -> #N/A | T97: =+ROUND((O97*O97*S97*0.7854)/10000,2) -> #N/A | U97: =+P97-R97-T97 -> #N/A | V97: =IF(C97="","",(SUMIF($D$2:$D$23587,D97,$P$2:$P$23587))) | W97: =VLOOKUP(F97,'Input Log'!$E$6:$V$50000,18,FALSE) -> #N/A | X97: =VLOOKUP(E97,'Supply Log'!$Z$6:$AB$699,2,FALSE) -> #N/A | Y97: =VLOOKUP(E97,'Supply Log'!$E$6:$X$618,20,FALSE) -> #N/A
A98: =IF(COUNTIF($F$5:$F$45650,F98)>1,"DOUBLE","") | B98: =+B97+1 -> 10 | C98: =IF(D98="","",(IF(D99=D98,"",1))) | G98: =VLOOKUP(E98,'Supply Log'!$E$6:$T$277,2,FALSE) -> #N/A | H98: =VLOOKUP(E98,'Supply Log'!$E$6:$T$277,3,FALSE) -> #N/A | J98: =VLOOKUP(E98,'Supply Log'!$E$6:$T$277,5,FALSE) -> #N/A | K98: =VLOOKUP(E98,'Supply Log'!$E$6:$T$277,6,FALSE) -> #N/A | L98: =VLOOKUP(E98,'Supply Log'!$E$6:$T$277,7,FALSE) -> #N/A | M98: =VLOOKUP(E98,'Supply Log'!$E$6:$T$277,8,FALSE) -> #N/A | N98: =VLOOKUP(E98,'Supply Log'!$E$6:$T$277,9,FALSE) -> #N/A | O98: =VLOOKUP(E98,'Supply Log'!$E$6:$T$277,10,FALSE) -> #N/A | P98: =+ROUND((O98*O98*I98*0.7854)/10000,2) -> #N/A | Q98: =VLOOKUP(E98,'Supply Log'!$E$6:$T$277,12,FALSE) -> #N/A | R98: =ROUND(((Q98*Q98*(I98-S98)*0.7854)/10000),2) -> #N/A | T98: =+ROUND((O98*O98*S98*0.7854)/10000,2) -> #N/A | U98: =+P98-R98-T98 -> #N/A | V98: =IF(C98="","",(SUMIF($D$2:$D$23587,D98,$P$2:$P$23587))) | W98: =VLOOKUP(F98,'Input Log'!$E$6:$V$50000,18,FALSE) -> #N/A | X98: =VLOOKUP(E98,'Supply Log'!$Z$6:$AB$699,2,FALSE) -> #N/A | Y98: =VLOOKUP(E98,'Supply Log'!$E$6:$X$618,20,FALSE) -> #N/A
A99: =IF(COUNTIF($F$5:$F$45650,F99)>1,"DOUBLE","") | B99: =+B98+1 -> 11 | C99: =IF(D99="","",(IF(D100=D99,"",1))) | G99: =VLOOKUP(E99,'Supply Log'!$E$6:$T$277,2,FALSE) -> #N/A | H99: =VLOOKUP(E99,'Supply Log'!$E$6:$T$277,3,FALSE) -> #N/A | J99: =VLOOKUP(E99,'Supply Log'!$E$6:$T$277,5,FALSE) -> #N/A | K99: =VLOOKUP(E99,'Supply Log'!$E$6:$T$277,6,FALSE) -> #N/A | L99: =VLOOKUP(E99,'Supply Log'!$E$6:$T$277,7,FALSE) -> #N/A | M99: =VLOOKUP(E99,'Supply Log'!$E$6:$T$277,8,FALSE) -> #N/A | N99: =VLOOKUP(E99,'Supply Log'!$E$6:$T$277,9,FALSE) -> #N/A | O99: =VLOOKUP(E99,'Supply Log'!$E$6:$T$277,10,FALSE) -> #N/A | P99: =+ROUND((O99*O99*I99*0.7854)/10000,2) -> #N/A | Q99: =VLOOKUP(E99,'Supply Log'!$E$6:$T$277,12,FALSE) -> #N/A | R99: =ROUND(((Q99*Q99*(I99-S99)*0.7854)/10000),2) -> #N/A | T99: =+ROUND((O99*O99*S99*0.7854)/10000,2) -> #N/A | U99: =+P99-R99-T99 -> #N/A | V99: =IF(C99="","",(SUMIF($D$2:$D$23587,D99,$P$2:$P$23587))) | W99: =VLOOKUP(F99,'Input Log'!$E$6:$V$50000,18,FALSE) -> #N/A | X99: =VLOOKUP(E99,'Supply Log'!$Z$6:$AB$699,2,FALSE) -> #N/A | Y99: =VLOOKUP(E99,'Supply Log'!$E$6:$X$618,20,FALSE) -> #N/A
A100: =IF(COUNTIF($F$5:$F$45650,F100)>1,"DOUBLE","") | B100: =+B99+1 -> 12 | C100: =IF(D100="","",(IF(D101=D100,"",1))) | G100: =VLOOKUP(E100,'Supply Log'!$E$6:$T$277,2,FALSE) -> #N/A | H100: =VLOOKUP(E100,'Supply Log'!$E$6:$T$277,3,FALSE) -> #N/A | J100: =VLOOKUP(E100,'Supply Log'!$E$6:$T$277,5,FALSE) -> #N/A | K100: =VLOOKUP(E100,'Supply Log'!$E$6:$T$277,6,FALSE) -> #N/A | L100: =VLOOKUP(E100,'Supply Log'!$E$6:$T$277,7,FALSE) -> #N/A | M100: =VLOOKUP(E100,'Supply Log'!$E$6:$T$277,8,FALSE) -> #N/A | N100: =VLOOKUP(E100,'Supply Log'!$E$6:$T$277,9,FALSE) -> #N/A | O100: =VLOOKUP(E100,'Supply Log'!$E$6:$T$277,10,FALSE) -> #N/A | P100: =+ROUND((O100*O100*I100*0.7854)/10000,2) -> #N/A | Q100: =VLOOKUP(E100,'Supply Log'!$E$6:$T$277,12,FALSE) -> #N/A | R100: =ROUND(((Q100*Q100*(I100-S100)*0.7854)/10000),2) -> #N/A | T100: =+ROUND((O100*O100*S100*0.7854)/10000,2) -> #N/A | U100: =+P100-R100-T100 -> #N/A | V100: =IF(C100="","",(SUMIF($D$2:$D$23587,D100,$P$2:$P$23587))) | W100: =VLOOKUP(F100,'Input Log'!$E$6:$V$50000,18,FALSE) -> #N/A | X100: =VLOOKUP(E100,'Supply Log'!$Z$6:$AB$699,2,FALSE) -> #N/A | Y100: =VLOOKUP(E100,'Supply Log'!$E$6:$X$618,20,FALSE) -> #N/A
A101: =IF(COUNTIF($F$5:$F$45650,F101)>1,"DOUBLE","") | B101: =+B100+1 -> 13 | C101: =IF(D101="","",(IF(D102=D101,"",1))) | G101: =VLOOKUP(E101,'Supply Log'!$E$6:$T$277,2,FALSE) -> #N/A | H101: =VLOOKUP(E101,'Supply Log'!$E$6:$T$277,3,FALSE) -> #N/A | J101: =VLOOKUP(E101,'Supply Log'!$E$6:$T$277,5,FALSE) -> #N/A | K101: =VLOOKUP(E101,'Supply Log'!$E$6:$T$277,6,FALSE) -> #N/A | L101: =VLOOKUP(E101,'Supply Log'!$E$6:$T$277,7,FALSE) -> #N/A | M101: =VLOOKUP(E101,'Supply Log'!$E$6:$T$277,8,FALSE) -> #N/A | N101: =VLOOKUP(E101,'Supply Log'!$E$6:$T$277,9,FALSE) -> #N/A | O101: =VLOOKUP(E101,'Supply Log'!$E$6:$T$277,10,FALSE) -> #N/A | P101: =+ROUND((O101*O101*I101*0.7854)/10000,2) -> #N/A | Q101: =VLOOKUP(E101,'Supply Log'!$E$6:$T$277,12,FALSE) -> #N/A | R101: =ROUND(((Q101*Q101*(I101-S101)*0.7854)/10000),2) -> #N/A | T101: =+ROUND((O101*O101*S101*0.7854)/10000,2) -> #N/A | U101: =+P101-R101-T101 -> #N/A | V101: =IF(C101="","",(SUMIF($D$2:$D$23587,D101,$P$2:$P$23587))) | W101: =VLOOKUP(F101,'Input Log'!$E$6:$V$50000,18,FALSE) -> #N/A | X101: =VLOOKUP(E101,'Supply Log'!$Z$6:$AB$699,2,FALSE) -> #N/A | Y101: =VLOOKUP(E101,'Supply Log'!$E$6:$X$618,20,FALSE) -> #N/A
... A327: =IF(COUNTIF($F$5:$F$45650,F327)>1,"DOUBLE","") | B327: =+B326+1 -> 239 | C327: =IF(D327="","",(IF(D328=D327,"",1))) | G327: =VLOOKUP(E327,'Supply Log'!$E$6:$T$277,2,FALSE) -> #N/A | H327: =VLOOKUP(E327,'Supply Log'!$E$6:$T$277,3,FALSE) -> #N/A | J327: =VLOOKUP(E327,'Supply Log'!$E$6:$T$277,5,FALSE) -> #N/A | K327: =VLOOKUP(E327,'Supply Log'!$E$6:$T$277,6,FALSE) -> #N/A | L327: =VLOOKUP(E327,'Supply Log'!$E$6:$T$277,7,FALSE) -> #N/A | M327: =VLOOKUP(E327,'Supply Log'!$E$6:$T$277,8,FALSE) -> #N/A | N327: =VLOOKUP(E327,'Supply Log'!$E$6:$T$277,9,FALSE) -> #N/A | O327: =VLOOKUP(E327,'Supply Log'!$E$6:$T$277,10,FALSE) -> #N/A | P327: =+ROUND((O327*O327*I327*0.7854)/10000,2) -> #N/A | Q327: =VLOOKUP(E327,'Supply Log'!$E$6:$T$277,12,FALSE) -> #N/A | R327: =ROUND(((Q327*Q327*(I327-S327)*0.7854)/10000),2) -> #N/A | T327: =+ROUND((O327*O327*S327*0.7854)/10000,2) -> #N/A | U327: =+P327-R327-T327 -> #N/A | V327: =IF(C327="","",(SUMIF($D$2:$D$23587,D327,$P$2:$P$23587))) | W327: =VLOOKUP(F327,'Input Log'!$E$6:$V$50000,18,FALSE) -> #N/A | X327: =VLOOKUP(E327,'Supply Log'!$Z$6:$AB$699,2,FALSE) -> #N/A | Y327: =VLOOKUP(E327,'Supply Log'!$E$6:$X$618,20,FALSE) -> #N/A
A328: =IF(COUNTIF($F$5:$F$45650,F328)>1,"DOUBLE","") | B328: =+B327+1 -> 240 | C328: =IF(D328="","",(IF(D329=D328,"",1))) | G328: =VLOOKUP(E327,'Supply Log'!$E$6:$T$277,2,FALSE) -> #N/A | H328: =VLOOKUP(E327,'Supply Log'!$E$6:$T$277,3,FALSE) -> #N/A | J328: =VLOOKUP(E328,'Supply Log'!$E$6:$T$277,5,FALSE) -> #N/A | K328: =VLOOKUP(E328,'Supply Log'!$E$6:$T$277,6,FALSE) -> #N/A | L328: =VLOOKUP(E328,'Supply Log'!$E$6:$T$277,7,FALSE) -> #N/A | M328: =VLOOKUP(E328,'Supply Log'!$E$6:$T$277,8,FALSE) -> #N/A | N328: =VLOOKUP(E328,'Supply Log'!$E$6:$T$277,9,FALSE) -> #N/A | O328: =VLOOKUP(E328,'Supply Log'!$E$6:$T$277,10,FALSE) -> #N/A | P328: =+ROUND((O328*O328*I328*0.7854)/10000,2) -> #N/A | Q328: =VLOOKUP(E328,'Supply Log'!$E$6:$T$277,12,FALSE) -> #N/A | R328: =ROUND(((Q328*Q328*(I328-S328)*0.7854)/10000),2) -> #N/A | T328: =+ROUND((O328*O328*S328*0.7854)/10000,2) -> #N/A | U328: =+P328-R328-T328 -> #N/A | V328: =IF(C328="","",(SUMIF($D$2:$D$23587,D328,$P$2:$P$23587))) | W328: =VLOOKUP(F328,'Input Log'!$E$6:$V$50000,18,FALSE) -> #N/A | X328: =VLOOKUP(E328,'Supply Log'!$Z$6:$AB$699,2,FALSE) -> #N/A | Y328: =VLOOKUP(E328,'Supply Log'!$E$6:$X$618,20,FALSE) -> #N/A
A329: =IF(COUNTIF($F$5:$F$45650,F329)>1,"DOUBLE","") | B329: =+B328+1 -> 241 | C329: =IF(D329="","",(IF(D330=D329,"",1))) | G329: =VLOOKUP(E328,'Supply Log'!$E$6:$T$277,2,FALSE) -> #N/A | H329: =VLOOKUP(E328,'Supply Log'!$E$6:$T$277,3,FALSE) -> #N/A | J329: =VLOOKUP(E329,'Supply Log'!$E$6:$T$277,5,FALSE) -> #N/A | K329: =VLOOKUP(E329,'Supply Log'!$E$6:$T$277,6,FALSE) -> #N/A | L329: =VLOOKUP(E329,'Supply Log'!$E$6:$T$277,7,FALSE) -> #N/A | M329: =VLOOKUP(E329,'Supply Log'!$E$6:$T$277,8,FALSE) -> #N/A | N329: =VLOOKUP(E329,'Supply Log'!$E$6:$T$277,9,FALSE) -> #N/A | O329: =VLOOKUP(E329,'Supply Log'!$E$6:$T$277,10,FALSE) -> #N/A | P329: =+ROUND((O329*O329*I329*0.7854)/10000,2) -> #N/A | Q329: =VLOOKUP(E329,'Supply Log'!$E$6:$T$277,12,FALSE) -> #N/A | R329: =ROUND(((Q329*Q329*(I329-S329)*0.7854)/10000),2) -> #N/A | T329: =+ROUND((O329*O329*S329*0.7854)/10000,2) -> #N/A | U329: =+P329-R329-T329 -> #N/A | V329: =IF(C329="","",(SUMIF($D$2:$D$23587,D329,$P$2:$P$23587))) | W329: =VLOOKUP(F329,'Input Log'!$E$6:$V$50000,18,FALSE) -> #N/A | X329: =VLOOKUP(E329,'Supply Log'!$Z$6:$AB$699,2,FALSE) -> #N/A | Y329: =VLOOKUP(E329,'Supply Log'!$E$6:$X$618,20,FALSE) -> #N/A
A330: =IF(COUNTIF($F$5:$F$45650,F330)>1,"DOUBLE","") | B330: =+B329+1 -> 242 | C330: =IF(D330="","",(IF(D331=D330,"",1))) | G330: =VLOOKUP(E329,'Supply Log'!$E$6:$T$277,2,FALSE) -> #N/A | H330: =VLOOKUP(E329,'Supply Log'!$E$6:$T$277,3,FALSE) -> #N/A | J330: =VLOOKUP(E330,'Supply Log'!$E$6:$T$277,5,FALSE) -> #N/A | K330: =VLOOKUP(E330,'Supply Log'!$E$6:$T$277,6,FALSE) -> #N/A | L330: =VLOOKUP(E330,'Supply Log'!$E$6:$T$277,7,FALSE) -> #N/A | M330: =VLOOKUP(E330,'Supply Log'!$E$6:$T$277,8,FALSE) -> #N/A | N330: =VLOOKUP(E330,'Supply Log'!$E$6:$T$277,9,FALSE) -> #N/A | O330: =VLOOKUP(E330,'Supply Log'!$E$6:$T$277,10,FALSE) -> #N/A | P330: =+ROUND((O330*O330*I330*0.7854)/10000,2) -> #N/A | Q330: =VLOOKUP(E330,'Supply Log'!$E$6:$T$277,12,FALSE) -> #N/A | R330: =ROUND(((Q330*Q330*(I330-S330)*0.7854)/10000),2) -> #N/A | T330: =+ROUND((O330*O330*S330*0.7854)/10000,2) -> #N/A | U330: =+P330-R330-T330 -> #N/A | V330: =IF(C330="","",(SUMIF($D$2:$D$23587,D330,$P$2:$P$23587))) | W330: =VLOOKUP(F330,'Input Log'!$E$6:$V$50000,18,FALSE) -> #N/A | X330: =VLOOKUP(E330,'Supply Log'!$Z$6:$AB$699,2,FALSE) -> #N/A | Y330: =VLOOKUP(E330,'Supply Log'!$E$6:$X$618,20,FALSE) -> #N/A
A331: =IF(COUNTIF($F$5:$F$45650,F331)>1,"DOUBLE","") | B331: =+B330+1 -> 243 | C331: =IF(D331="","",(IF(D332=D331,"",1))) | G331: =VLOOKUP(E330,'Supply Log'!$E$6:$T$277,2,FALSE) -> #N/A | H331: =VLOOKUP(E330,'Supply Log'!$E$6:$T$277,3,FALSE) -> #N/A | J331: =VLOOKUP(E331,'Supply Log'!$E$6:$T$277,5,FALSE) -> #N/A | K331: =VLOOKUP(E331,'Supply Log'!$E$6:$T$277,6,FALSE) -> #N/A | L331: =VLOOKUP(E331,'Supply Log'!$E$6:$T$277,7,FALSE) -> #N/A | M331: =VLOOKUP(E331,'Supply Log'!$E$6:$T$277,8,FALSE) -> #N/A | N331: =VLOOKUP(E331,'Supply Log'!$E$6:$T$277,9,FALSE) -> #N/A | O331: =VLOOKUP(E331,'Supply Log'!$E$6:$T$277,10,FALSE) -> #N/A | P331: =+ROUND((O331*O331*I331*0.7854)/10000,2) -> #N/A | Q331: =VLOOKUP(E331,'Supply Log'!$E$6:$T$277,12,FALSE) -> #N/A | R331: =ROUND(((Q331*Q331*(I331-S331)*0.7854)/10000),2) -> #N/A | T331: =+ROUND((O331*O331*S331*0.7854)/10000,2) -> #N/A | U331: =+P331-R331-T331 -> #N/A | V331: =IF(C331="","",(SUMIF($D$2:$D$23587,D331,$P$2:$P$23587))) | W331: =VLOOKUP(F331,'Input Log'!$E$6:$V$50000,18,FALSE) -> #N/A | X331: =VLOOKUP(E331,'Supply Log'!$Z$6:$AB$699,2,FALSE) -> #N/A | Y331: =VLOOKUP(E331,'Supply Log'!$E$6:$X$618,20,FALSE) -> #N/A
A332: =IF(COUNTIF($F$5:$F$45650,F332)>1,"DOUBLE","") | B332: =+B331+1 -> 244 | C332: =IF(D332="","",(IF(D333=D332,"",1))) | G332: =VLOOKUP(E331,'Supply Log'!$E$6:$T$277,2,FALSE) -> #N/A | H332: =VLOOKUP(E331,'Supply Log'!$E$6:$T$277,3,FALSE) -> #N/A | J332: =VLOOKUP(E332,'Supply Log'!$E$6:$T$277,5,FALSE) -> #N/A | K332: =VLOOKUP(E332,'Supply Log'!$E$6:$T$277,6,FALSE) -> #N/A | L332: =VLOOKUP(E332,'Supply Log'!$E$6:$T$277,7,FALSE) -> #N/A | M332: =VLOOKUP(E332,'Supply Log'!$E$6:$T$277,8,FALSE) -> #N/A | N332: =VLOOKUP(E332,'Supply Log'!$E$6:$T$277,9,FALSE) -> #N/A | O332: =VLOOKUP(E332,'Supply Log'!$E$6:$T$277,10,FALSE) -> #N/A | P332: =+ROUND((O332*O332*I332*0.7854)/10000,2) -> #N/A | Q332: =VLOOKUP(E332,'Supply Log'!$E$6:$T$277,12,FALSE) -> #N/A | R332: =ROUND(((Q332*Q332*(I332-S332)*0.7854)/10000),2) -> #N/A | T332: =+ROUND((O332*O332*S332*0.7854)/10000,2) -> #N/A | U332: =+P332-R332-T332 -> #N/A | V332: =IF(C332="","",(SUMIF($D$2:$D$23587,D332,$P$2:$P$23587))) | W332: =VLOOKUP(F332,'Input Log'!$E$6:$V$50000,18,FALSE) -> #N/A | X332: =VLOOKUP(E332,'Supply Log'!$Z$6:$AB$699,2,FALSE) -> #N/A | Y332: =VLOOKUP(E332,'Supply Log'!$E$6:$X$618,20,FALSE) -> #N/A
A333: =IF(COUNTIF($F$5:$F$45650,F333)>1,"DOUBLE","") | B333: =+B332+1 -> 245 | C333: =IF(D333="","",(IF(D334=D333,"",1))) | G333: =VLOOKUP(E332,'Supply Log'!$E$6:$T$277,2,FALSE) -> #N/A | H333: =VLOOKUP(E332,'Supply Log'!$E$6:$T$277,3,FALSE) -> #N/A | J333: =VLOOKUP(E333,'Supply Log'!$E$6:$T$277,5,FALSE) -> #N/A | K333: =VLOOKUP(E333,'Supply Log'!$E$6:$T$277,6,FALSE) -> #N/A | L333: =VLOOKUP(E333,'Supply Log'!$E$6:$T$277,7,FALSE) -> #N/A | M333: =VLOOKUP(E333,'Supply Log'!$E$6:$T$277,8,FALSE) -> #N/A | N333: =VLOOKUP(E333,'Supply Log'!$E$6:$T$277,9,FALSE) -> #N/A | O333: =VLOOKUP(E333,'Supply Log'!$E$6:$T$277,10,FALSE) -> #N/A | P333: =+ROUND((O333*O333*I333*0.7854)/10000,2) -> #N/A | Q333: =VLOOKUP(E333,'Supply Log'!$E$6:$T$277,12,FALSE) -> #N/A | R333: =ROUND(((Q333*Q333*(I333-S333)*0.7854)/10000),2) -> #N/A | T333: =+ROUND((O333*O333*S333*0.7854)/10000,2) -> #N/A | U333: =+P333-R333-T333 -> #N/A | V333: =IF(C333="","",(SUMIF($D$2:$D$23587,D333,$P$2:$P$23587))) | W333: =VLOOKUP(F333,'Input Log'!$E$6:$V$50000,18,FALSE) -> #N/A | X333: =VLOOKUP(E333,'Supply Log'!$Z$6:$AB$699,2,FALSE) -> #N/A | Y333: =VLOOKUP(E333,'Supply Log'!$E$6:$X$618,20,FALSE) -> #N/A
A334: =IF(COUNTIF($F$5:$F$45650,F334)>1,"DOUBLE","") | B334: =+B333+1 -> 246 | C334: =IF(D334="","",(IF(D335=D334,"",1))) | G334: =VLOOKUP(E333,'Supply Log'!$E$6:$T$277,2,FALSE) -> #N/A | H334: =VLOOKUP(E333,'Supply Log'!$E$6:$T$277,3,FALSE) -> #N/A | J334: =VLOOKUP(E334,'Supply Log'!$E$6:$T$277,5,FALSE) -> #N/A | K334: =VLOOKUP(E334,'Supply Log'!$E$6:$T$277,6,FALSE) -> #N/A | L334: =VLOOKUP(E334,'Supply Log'!$E$6:$T$277,7,FALSE) -> #N/A | M334: =VLOOKUP(E334,'Supply Log'!$E$6:$T$277,8,FALSE) -> #N/A | N334: =VLOOKUP(E334,'Supply Log'!$E$6:$T$277,9,FALSE) -> #N/A | O334: =VLOOKUP(E334,'Supply Log'!$E$6:$T$277,10,FALSE) -> #N/A | P334: =+ROUND((O334*O334*I334*0.7854)/10000,2) -> #N/A | Q334: =VLOOKUP(E334,'Supply Log'!$E$6:$T$277,12,FALSE) -> #N/A | R334: =ROUND(((Q334*Q334*(I334-S334)*0.7854)/10000),2) -> #N/A | T334: =+ROUND((O334*O334*S334*0.7854)/10000,2) -> #N/A | U334: =+P334-R334-T334 -> #N/A | V334: =IF(C334="","",(SUMIF($D$2:$D$23587,D334,$P$2:$P$23587))) | W334: =VLOOKUP(F334,'Input Log'!$E$6:$V$50000,18,FALSE) -> #N/A | X334: =VLOOKUP(E334,'Supply Log'!$Z$6:$AB$699,2,FALSE) -> #N/A | Y334: =VLOOKUP(E334,'Supply Log'!$E$6:$X$618,20,FALSE) -> #N/A
A335: =IF(COUNTIF($F$5:$F$45650,F335)>1,"DOUBLE","") | B335: =+B334+1 -> 247 | C335: =IF(D335="","",(IF(D336=D335,"",1))) | G335: =VLOOKUP(E334,'Supply Log'!$E$6:$T$277,2,FALSE) -> #N/A | H335: =VLOOKUP(E334,'Supply Log'!$E$6:$T$277,3,FALSE) -> #N/A | J335: =VLOOKUP(E335,'Supply Log'!$E$6:$T$277,5,FALSE) -> #N/A | K335: =VLOOKUP(E335,'Supply Log'!$E$6:$T$277,6,FALSE) -> #N/A | L335: =VLOOKUP(E335,'Supply Log'!$E$6:$T$277,7,FALSE) -> #N/A | M335: =VLOOKUP(E335,'Supply Log'!$E$6:$T$277,8,FALSE) -> #N/A | N335: =VLOOKUP(E335,'Supply Log'!$E$6:$T$277,9,FALSE) -> #N/A | O335: =VLOOKUP(E335,'Supply Log'!$E$6:$T$277,10,FALSE) -> #N/A | P335: =+ROUND((O335*O335*I335*0.7854)/10000,2) -> #N/A | Q335: =VLOOKUP(E335,'Supply Log'!$E$6:$T$277,12,FALSE) -> #N/A | R335: =ROUND(((Q335*Q335*(I335-S335)*0.7854)/10000),2) -> #N/A | T335: =+ROUND((O335*O335*S335*0.7854)/10000,2) -> #N/A | U335: =+P335-R335-T335 -> #N/A | V335: =IF(C335="","",(SUMIF($D$2:$D$23587,D335,$P$2:$P$23587))) | W335: =VLOOKUP(F335,'Input Log'!$E$6:$V$50000,18,FALSE) -> #N/A | X335: =VLOOKUP(E335,'Supply Log'!$Z$6:$AB$699,2,FALSE) -> #N/A | Y335: =VLOOKUP(E335,'Supply Log'!$E$6:$X$618,20,FALSE) -> #N/A
A336: =IF(COUNTIF($F$5:$F$45650,F336)>1,"DOUBLE","") | B336: =+B335+1 -> 248 | C336: =IF(D336="","",(IF(D337=D336,"",1))) | G336: =VLOOKUP(E335,'Supply Log'!$E$6:$T$277,2,FALSE) -> #N/A | H336: =VLOOKUP(E335,'Supply Log'!$E$6:$T$277,3,FALSE) -> #N/A | J336: =VLOOKUP(E336,'Supply Log'!$E$6:$T$277,5,FALSE) -> #N/A | K336: =VLOOKUP(E336,'Supply Log'!$E$6:$T$277,6,FALSE) -> #N/A | L336: =VLOOKUP(E336,'Supply Log'!$E$6:$T$277,7,FALSE) -> #N/A | M336: =VLOOKUP(E336,'Supply Log'!$E$6:$T$277,8,FALSE) -> #N/A | N336: =VLOOKUP(E336,'Supply Log'!$E$6:$T$277,9,FALSE) -> #N/A | O336: =VLOOKUP(E336,'Supply Log'!$E$6:$T$277,10,FALSE) -> #N/A | P336: =+ROUND((O336*O336*I336*0.7854)/10000,2) -> #N/A | Q336: =VLOOKUP(E336,'Supply Log'!$E$6:$T$277,12,FALSE) -> #N/A | R336: =ROUND(((Q336*Q336*(I336-S336)*0.7854)/10000),2) -> #N/A | T336: =+ROUND((O336*O336*S336*0.7854)/10000,2) -> #N/A | U336: =+P336-R336-T336 -> #N/A | V336: =IF(C336="","",(SUMIF($D$2:$D$23587,D336,$P$2:$P$23587))) | W336: =VLOOKUP(F336,'Input Log'!$E$6:$V$50000,18,FALSE) -> #N/A | X336: =VLOOKUP(E336,'Supply Log'!$Z$6:$AB$699,2,FALSE) -> #N/A | Y336: =VLOOKUP(E336,'Supply Log'!$E$6:$X$618,20,FALSE) -> #N/A
A337: =IF(COUNTIF($F$5:$F$45650,F337)>1,"DOUBLE","") | B337: =+B336+1 -> 249 | C337: =IF(D337="","",(IF(D338=D337,"",1))) | G337: =VLOOKUP(E337,'Supply Log'!$E$6:$T$277,2,FALSE) -> #N/A | H337: =VLOOKUP(E337,'Supply Log'!$E$6:$T$277,3,FALSE) -> #N/A | J337: =VLOOKUP(E337,'Supply Log'!$E$6:$T$277,5,FALSE) -> #N/A | K337: =VLOOKUP(E337,'Supply Log'!$E$6:$T$277,6,FALSE) -> #N/A | L337: =VLOOKUP(E337,'Supply Log'!$E$6:$T$277,7,FALSE) -> #N/A | M337: =VLOOKUP(E337,'Supply Log'!$E$6:$T$277,8,FALSE) -> #N/A | N337: =VLOOKUP(E337,'Supply Log'!$E$6:$T$277,9,FALSE) -> #N/A | O337: =VLOOKUP(E337,'Supply Log'!$E$6:$T$277,10,FALSE) -> #N/A | P337: =+ROUND((O337*O337*I337*0.7854)/10000,2) -> #N/A | Q337: =VLOOKUP(E337,'Supply Log'!$E$6:$T$277,12,FALSE) -> #N/A | R337: =ROUND(((Q337*Q337*(I337-S337)*0.7854)/10000),2) -> #N/A | T337: =+ROUND((O337*O337*S337*0.7854)/10000,2) -> #N/A | U337: =+P337-R337-T337 -> #N/A | V337: =IF(C337="","",(SUMIF($D$2:$D$23587,D337,$P$2:$P$23587))) | W337: =VLOOKUP(F337,'Input Log'!$E$6:$V$50000,18,FALSE) -> #N/A | X337: =VLOOKUP(E337,'Supply Log'!$Z$6:$AB$699,2,FALSE) -> #N/A | Y337: =VLOOKUP(E337,'Supply Log'!$E$6:$X$618,20,FALSE) -> #N/A
A338: =IF(COUNTIF($F$5:$F$45650,F338)>1,"DOUBLE","") | B338: =+B337+1 -> 250 | C338: =IF(D338="","",(IF(D339=D338,"",1))) | G338: =VLOOKUP(E338,'Supply Log'!$E$6:$T$277,2,FALSE) -> #N/A | H338: =VLOOKUP(E338,'Supply Log'!$E$6:$T$277,3,FALSE) -> #N/A | J338: =VLOOKUP(E338,'Supply Log'!$E$6:$T$277,5,FALSE) -> #N/A | K338: =VLOOKUP(E338,'Supply Log'!$E$6:$T$277,6,FALSE) -> #N/A | L338: =VLOOKUP(E338,'Supply Log'!$E$6:$T$277,7,FALSE) -> #N/A | M338: =VLOOKUP(E338,'Supply Log'!$E$6:$T$277,8,FALSE) -> #N/A | N338: =VLOOKUP(E338,'Supply Log'!$E$6:$T$277,9,FALSE) -> #N/A | O338: =VLOOKUP(E338,'Supply Log'!$E$6:$T$277,10,FALSE) -> #N/A | P338: =+ROUND((O338*O338*I338*0.7854)/10000,2) -> #N/A | Q338: =VLOOKUP(E338,'Supply Log'!$E$6:$T$277,12,FALSE) -> #N/A | R338: =ROUND(((Q338*Q338*(I338-S338)*0.7854)/10000),2) -> #N/A | T338: =+ROUND((O338*O338*S338*0.7854)/10000,2) -> #N/A | U338: =+P338-R338-T338 -> #N/A | V338: =IF(C338="","",(SUMIF($D$2:$D$23587,D338,$P$2:$P$23587))) | W338: =VLOOKUP(F338,'Input Log'!$E$6:$V$50000,18,FALSE) -> #N/A | X338: =VLOOKUP(E338,'Supply Log'!$Z$6:$AB$699,2,FALSE) -> #N/A | Y338: =VLOOKUP(E338,'Supply Log'!$E$6:$X$618,20,FALSE) -> #N/A
A339: =IF(COUNTIF($F$5:$F$45650,F339)>1,"DOUBLE","") | B339: =+B338+1 -> 251 | C339: =IF(D339="","",(IF(D340=D339,"",1))) | G339: =VLOOKUP(E339,'Supply Log'!$E$6:$T$277,2,FALSE) -> #N/A | H339: =VLOOKUP(E339,'Supply Log'!$E$6:$T$277,3,FALSE) -> #N/A | J339: =VLOOKUP(E339,'Supply Log'!$E$6:$T$277,5,FALSE) -> #N/A | K339: =VLOOKUP(E339,'Supply Log'!$E$6:$T$277,6,FALSE) -> #N/A | L339: =VLOOKUP(E339,'Supply Log'!$E$6:$T$277,7,FALSE) -> #N/A | M339: =VLOOKUP(E339,'Supply Log'!$E$6:$T$277,8,FALSE) -> #N/A | N339: =VLOOKUP(E339,'Supply Log'!$E$6:$T$277,9,FALSE) -> #N/A | O339: =VLOOKUP(E339,'Supply Log'!$E$6:$T$277,10,FALSE) -> #N/A | P339: =+ROUND((O339*O339*I339*0.7854)/10000,2) -> #N/A | Q339: =VLOOKUP(E339,'Supply Log'!$E$6:$T$277,12,FALSE) -> #N/A | R339: =ROUND(((Q339*Q339*(I339-S339)*0.7854)/10000),2) -> #N/A | T339: =+ROUND((O339*O339*S339*0.7854)/10000,2) -> #N/A | U339: =+P339-R339-T339 -> #N/A | V339: =IF(C339="","",(SUMIF($D$2:$D$23587,D339,$P$2:$P$23587))) | W339: =VLOOKUP(F339,'Input Log'!$E$6:$V$50000,18,FALSE) -> #N/A | X339: =VLOOKUP(E339,'Supply Log'!$Z$6:$AB$699,2,FALSE) -> #N/A | Y339: =VLOOKUP(E339,'Supply Log'!$E$6:$X$618,20,FALSE) -> #N/A
A340: =IF(COUNTIF($F$5:$F$45650,F340)>1,"DOUBLE","") | B340: =+B339+1 -> 252 | C340: =IF(D340="","",(IF(D341=D340,"",1))) | G340: =VLOOKUP(E340,'Supply Log'!$E$6:$T$277,2,FALSE) -> #N/A | H340: =VLOOKUP(E340,'Supply Log'!$E$6:$T$277,3,FALSE) -> #N/A | J340: =VLOOKUP(E340,'Supply Log'!$E$6:$T$277,5,FALSE) -> #N/A | K340: =VLOOKUP(E340,'Supply Log'!$E$6:$T$277,6,FALSE) -> #N/A | L340: =VLOOKUP(E340,'Supply Log'!$E$6:$T$277,7,FALSE) -> #N/A | M340: =VLOOKUP(E340,'Supply Log'!$E$6:$T$277,8,FALSE) -> #N/A | N340: =VLOOKUP(E340,'Supply Log'!$E$6:$T$277,9,FALSE) -> #N/A | O340: =VLOOKUP(E340,'Supply Log'!$E$6:$T$277,10,FALSE) -> #N/A | P340: =+ROUND((O340*O340*I340*0.7854)/10000,2) -> #N/A | Q340: =VLOOKUP(E340,'Supply Log'!$E$6:$T$277,12,FALSE) -> #N/A | R340: =ROUND(((Q340*Q340*(I340-S340)*0.7854)/10000),2) -> #N/A | T340: =+ROUND((O340*O340*S340*0.7854)/10000,2) -> #N/A | U340: =+P340-R340-T340 -> #N/A | V340: =IF(C340="","",(SUMIF($D$2:$D$23587,D340,$P$2:$P$23587))) | W340: =VLOOKUP(F340,'Input Log'!$E$6:$V$50000,18,FALSE) -> #N/A | X340: =VLOOKUP(E340,'Supply Log'!$Z$6:$AB$699,2,FALSE) -> #N/A | Y340: =VLOOKUP(E340,'Supply Log'!$E$6:$X$618,20,FALSE) -> #N/A
A341: =IF(COUNTIF($F$5:$F$45650,F341)>1,"DOUBLE","") | B341: =+B340+1 -> 253 | C341: =IF(D341="","",(IF(D342=D341,"",1))) | G341: =VLOOKUP(E341,'Supply Log'!$E$6:$T$277,2,FALSE) -> #N/A | H341: =VLOOKUP(E341,'Supply Log'!$E$6:$T$277,3,FALSE) -> #N/A | J341: =VLOOKUP(E341,'Supply Log'!$E$6:$T$277,5,FALSE) -> #N/A | K341: =VLOOKUP(E341,'Supply Log'!$E$6:$T$277,6,FALSE) -> #N/A | L341: =VLOOKUP(E341,'Supply Log'!$E$6:$T$277,7,FALSE) -> #N/A | M341: =VLOOKUP(E341,'Supply Log'!$E$6:$T$277,8,FALSE) -> #N/A | N341: =VLOOKUP(E341,'Supply Log'!$E$6:$T$277,9,FALSE) -> #N/A | O341: =VLOOKUP(E341,'Supply Log'!$E$6:$T$277,10,FALSE) -> #N/A | P341: =+ROUND((O341*O341*I341*0.7854)/10000,2) -> #N/A | Q341: =VLOOKUP(E341,'Supply Log'!$E$6:$T$277,12,FALSE) -> #N/A | R341: =ROUND(((Q341*Q341*(I341-S341)*0.7854)/10000),2) -> #N/A | T341: =+ROUND((O341*O341*S341*0.7854)/10000,2) -> #N/A | U341: =+P341-R341-T341 -> #N/A | V341: =IF(C341="","",(SUMIF($D$2:$D$23587,D341,$P$2:$P$23587))) | W341: =VLOOKUP(F341,'Input Log'!$E$6:$V$50000,18,FALSE) -> #N/A | X341: =VLOOKUP(E341,'Supply Log'!$Z$6:$AB$699,2,FALSE) -> #N/A | Y341: =VLOOKUP(E341,'Supply Log'!$E$6:$X$618,20,FALSE) -> #N/A
A342: =IF(COUNTIF($F$5:$F$45650,F342)>1,"DOUBLE","") | B342: =+B341+1 -> 254 | C342: =IF(D342="","",(IF(D343=D342,"",1))) | G342: =VLOOKUP(E342,'Supply Log'!$E$6:$T$277,2,FALSE) -> #N/A | H342: =VLOOKUP(E342,'Supply Log'!$E$6:$T$277,3,FALSE) -> #N/A | J342: =VLOOKUP(E342,'Supply Log'!$E$6:$T$277,5,FALSE) -> #N/A | K342: =VLOOKUP(E342,'Supply Log'!$E$6:$T$277,6,FALSE) -> #N/A | L342: =VLOOKUP(E342,'Supply Log'!$E$6:$T$277,7,FALSE) -> #N/A | M342: =VLOOKUP(E342,'Supply Log'!$E$6:$T$277,8,FALSE) -> #N/A | N342: =VLOOKUP(E342,'Supply Log'!$E$6:$T$277,9,FALSE) -> #N/A | O342: =VLOOKUP(E342,'Supply Log'!$E$6:$T$277,10,FALSE) -> #N/A | P342: =+ROUND((O342*O342*I342*0.7854)/10000,2) -> #N/A | Q342: =VLOOKUP(E342,'Supply Log'!$E$6:$T$277,12,FALSE) -> #N/A | R342: =ROUND(((Q342*Q342*(I342-S342)*0.7854)/10000),2) -> #N/A | T342: =+ROUND((O342*O342*S342*0.7854)/10000,2) -> #N/A | U342: =+P342-R342-T342 -> #N/A | V342: =IF(C342="","",(SUMIF($D$2:$D$23587,D342,$P$2:$P$23587))) | W342: =VLOOKUP(F342,'Input Log'!$E$6:$V$50000,18,FALSE) -> #N/A | X342: =VLOOKUP(E342,'Supply Log'!$Z$6:$AB$699,2,FALSE) -> #N/A | Y342: =VLOOKUP(E342,'Supply Log'!$E$6:$X$618,20,FALSE) -> #N/A
A343: =IF(COUNTIF($F$5:$F$45650,F343)>1,"DOUBLE","") | B343: =+B342+1 -> 255 | C343: =IF(D343="","",(IF(D344=D343,"",1))) | G343: =VLOOKUP(E343,'Supply Log'!$E$6:$T$277,2,FALSE) -> #N/A | H343: =VLOOKUP(E343,'Supply Log'!$E$6:$T$277,3,FALSE) -> #N/A | J343: =VLOOKUP(E343,'Supply Log'!$E$6:$T$277,5,FALSE) -> #N/A | K343: =VLOOKUP(E343,'Supply Log'!$E$6:$T$277,6,FALSE) -> #N/A | L343: =VLOOKUP(E343,'Supply Log'!$E$6:$T$277,7,FALSE) -> #N/A | M343: =VLOOKUP(E343,'Supply Log'!$E$6:$T$277,8,FALSE) -> #N/A | N343: =VLOOKUP(E343,'Supply Log'!$E$6:$T$277,9,FALSE) -> #N/A | O343: =VLOOKUP(E343,'Supply Log'!$E$6:$T$277,10,FALSE) -> #N/A | P343: =+ROUND((O343*O343*I343*0.7854)/10000,2) -> #N/A | Q343: =VLOOKUP(E343,'Supply Log'!$E$6:$T$277,12,FALSE) -> #N/A | R343: =ROUND(((Q343*Q343*(I343-S343)*0.7854)/10000),2) -> #N/A | T343: =+ROUND((O343*O343*S343*0.7854)/10000,2) -> #N/A | U343: =+P343-R343-T343 -> #N/A | V343: =IF(C343="","",(SUMIF($D$2:$D$23587,D343,$P$2:$P$23587))) | W343: =VLOOKUP(F343,'Input Log'!$E$6:$V$50000,18,FALSE) -> #N/A | X343: =VLOOKUP(E343,'Supply Log'!$Z$6:$AB$699,2,FALSE) -> #N/A | Y343: =VLOOKUP(E343,'Supply Log'!$E$6:$X$618,20,FALSE) -> #N/A
A344: =IF(COUNTIF($F$5:$F$45650,F344)>1,"DOUBLE","") | B344: =+B343+1 -> 256 | C344: =IF(D344="","",(IF(D345=D344,"",1))) | G344: =VLOOKUP(E344,'Supply Log'!$E$6:$T$277,2,FALSE) -> #N/A | H344: =VLOOKUP(E344,'Supply Log'!$E$6:$T$277,3,FALSE) -> #N/A | J344: =VLOOKUP(E344,'Supply Log'!$E$6:$T$277,5,FALSE) -> #N/A | K344: =VLOOKUP(E344,'Supply Log'!$E$6:$T$277,6,FALSE) -> #N/A | L344: =VLOOKUP(E344,'Supply Log'!$E$6:$T$277,7,FALSE) -> #N/A | M344: =VLOOKUP(E344,'Supply Log'!$E$6:$T$277,8,FALSE) -> #N/A | N344: =VLOOKUP(E344,'Supply Log'!$E$6:$T$277,9,FALSE) -> #N/A | O344: =VLOOKUP(E344,'Supply Log'!$E$6:$T$277,10,FALSE) -> #N/A | P344: =+ROUND((O344*O344*I344*0.7854)/10000,2) -> #N/A | Q344: =VLOOKUP(E344,'Supply Log'!$E$6:$T$277,12,FALSE) -> #N/A | R344: =ROUND(((Q344*Q344*(I344-S344)*0.7854)/10000),2) -> #N/A | T344: =+ROUND((O344*O344*S344*0.7854)/10000,2) -> #N/A | U344: =+P344-R344-T344 -> #N/A | V344: =IF(C344="","",(SUMIF($D$2:$D$23587,D344,$P$2:$P$23587))) | W344: =VLOOKUP(F344,'Input Log'!$E$6:$V$50000,18,FALSE) -> #N/A | X344: =VLOOKUP(E344,'Supply Log'!$Z$6:$AB$699,2,FALSE) -> #N/A | Y344: =VLOOKUP(E344,'Supply Log'!$E$6:$X$618,20,FALSE) -> #N/A
A345: =IF(COUNTIF($F$5:$F$45650,F345)>1,"DOUBLE","") | B345: =+B344+1 -> 257 | C345: =IF(D345="","",(IF(D346=D345,"",1))) | G345: =VLOOKUP(E345,'Supply Log'!$E$6:$T$277,2,FALSE) -> #N/A | H345: =VLOOKUP(E345,'Supply Log'!$E$6:$T$277,3,FALSE) -> #N/A | J345: =VLOOKUP(E345,'Supply Log'!$E$6:$T$277,5,FALSE) -> #N/A | K345: =VLOOKUP(E345,'Supply Log'!$E$6:$T$277,6,FALSE) -> #N/A | L345: =VLOOKUP(E345,'Supply Log'!$E$6:$T$277,7,FALSE) -> #N/A | M345: =VLOOKUP(E345,'Supply Log'!$E$6:$T$277,8,FALSE) -> #N/A | N345: =VLOOKUP(E345,'Supply Log'!$E$6:$T$277,9,FALSE) -> #N/A | O345: =VLOOKUP(E345,'Supply Log'!$E$6:$T$277,10,FALSE) -> #N/A | P345: =+ROUND((O345*O345*I345*0.7854)/10000,2) -> #N/A | Q345: =VLOOKUP(E345,'Supply Log'!$E$6:$T$277,12,FALSE) -> #N/A | R345: =ROUND(((Q345*Q345*(I345-S345)*0.7854)/10000),2) -> #N/A | T345: =+ROUND((O345*O345*S345*0.7854)/10000,2) -> #N/A | U345: =+P345-R345-T345 -> #N/A | V345: =IF(C345="","",(SUMIF($D$2:$D$23587,D345,$P$2:$P$23587))) | W345: =VLOOKUP(F345,'Input Log'!$E$6:$V$50000,18,FALSE) -> #N/A | X345: =VLOOKUP(E345,'Supply Log'!$Z$6:$AB$699,2,FALSE) -> #N/A | Y345: =VLOOKUP(E345,'Supply Log'!$E$6:$X$618,20,FALSE) -> #N/A
A346: =IF(COUNTIF($F$5:$F$45650,F346)>1,"DOUBLE","") | B346: =+B345+1 -> 258 | C346: =IF(D346="","",(IF(D347=D346,"",1))) | G346: =VLOOKUP(E346,'Supply Log'!$E$6:$T$277,2,FALSE) -> #N/A | H346: =VLOOKUP(E346,'Supply Log'!$E$6:$T$277,3,FALSE) -> #N/A | J346: =VLOOKUP(E346,'Supply Log'!$E$6:$T$277,5,FALSE) -> #N/A | K346: =VLOOKUP(E346,'Supply Log'!$E$6:$T$277,6,FALSE) -> #N/A | L346: =VLOOKUP(E346,'Supply Log'!$E$6:$T$277,7,FALSE) -> #N/A | M346: =VLOOKUP(E346,'Supply Log'!$E$6:$T$277,8,FALSE) -> #N/A | N346: =VLOOKUP(E346,'Supply Log'!$E$6:$T$277,9,FALSE) -> #N/A | O346: =VLOOKUP(E346,'Supply Log'!$E$6:$T$277,10,FALSE) -> #N/A | P346: =+ROUND((O346*O346*I346*0.7854)/10000,2) -> #N/A | Q346: =VLOOKUP(E346,'Supply Log'!$E$6:$T$277,12,FALSE) -> #N/A | R346: =ROUND(((Q346*Q346*(I346-S346)*0.7854)/10000),2) -> #N/A | T346: =+ROUND((O346*O346*S346*0.7854)/10000,2) -> #N/A | U346: =+P346-R346-T346 -> #N/A | V346: =IF(C346="","",(SUMIF($D$2:$D$23587,D346,$P$2:$P$23587))) | W346: =VLOOKUP(F346,'Input Log'!$E$6:$V$50000,18,FALSE) -> #N/A | X346: =VLOOKUP(E346,'Supply Log'!$Z$6:$AB$699,2,FALSE) -> #N/A | Y346: =VLOOKUP(E346,'Supply Log'!$E$6:$X$618,20,FALSE) -> #N/A
A347: =IF(COUNTIF($F$5:$F$45650,F347)>1,"DOUBLE","") | B347: =+B346+1 -> 259 | C347: =IF(D347="","",(IF(D348=D347,"",1))) | G347: =VLOOKUP(E347,'Supply Log'!$E$6:$T$277,2,FALSE) -> #N/A | H347: =VLOOKUP(E347,'Supply Log'!$E$6:$T$277,3,FALSE) -> #N/A | J347: =VLOOKUP(E347,'Supply Log'!$E$6:$T$277,5,FALSE) -> #N/A | K347: =VLOOKUP(E347,'Supply Log'!$E$6:$T$277,6,FALSE) -> #N/A | L347: =VLOOKUP(E347,'Supply Log'!$E$6:$T$277,7,FALSE) -> #N/A | M347: =VLOOKUP(E347,'Supply Log'!$E$6:$T$277,8,FALSE) -> #N/A | N347: =VLOOKUP(E347,'Supply Log'!$E$6:$T$277,9,FALSE) -> #N/A | O347: =VLOOKUP(E347,'Supply Log'!$E$6:$T$277,10,FALSE) -> #N/A | P347: =+ROUND((O347*O347*I347*0.7854)/10000,2) -> #N/A | Q347: =VLOOKUP(E347,'Supply Log'!$E$6:$T$277,12,FALSE) -> #N/A | R347: =ROUND(((Q347*Q347*(I347-S347)*0.7854)/10000),2) -> #N/A | T347: =+ROUND((O347*O347*S347*0.7854)/10000,2) -> #N/A | U347: =+P347-R347-T347 -> #N/A | V347: =IF(C347="","",(SUMIF($D$2:$D$23587,D347,$P$2:$P$23587))) | W347: =VLOOKUP(F347,'Input Log'!$E$6:$V$50000,18,FALSE) -> #N/A | X347: =VLOOKUP(E347,'Supply Log'!$Z$6:$AB$699,2,FALSE) -> #N/A | Y347: =VLOOKUP(E347,'Supply Log'!$E$6:$X$618,20,FALSE) -> #N/A
A348: =IF(COUNTIF($F$5:$F$45650,F348)>1,"DOUBLE","") | B348: =+B347+1 -> 260 | C348: =IF(D348="","",(IF(D349=D348,"",1))) | G348: =VLOOKUP(E348,'Supply Log'!$E$6:$T$277,2,FALSE) -> #N/A | H348: =VLOOKUP(E348,'Supply Log'!$E$6:$T$277,3,FALSE) -> #N/A | J348: =VLOOKUP(E348,'Supply Log'!$E$6:$T$277,5,FALSE) -> #N/A | K348: =VLOOKUP(E348,'Supply Log'!$E$6:$T$277,6,FALSE) -> #N/A | L348: =VLOOKUP(E348,'Supply Log'!$E$6:$T$277,7,FALSE) -> #N/A | M348: =VLOOKUP(E348,'Supply Log'!$E$6:$T$277,8,FALSE) -> #N/A | N348: =VLOOKUP(E348,'Supply Log'!$E$6:$T$277,9,FALSE) -> #N/A | O348: =VLOOKUP(E348,'Supply Log'!$E$6:$T$277,10,FALSE) -> #N/A | P348: =+ROUND((O348*O348*I348*0.7854)/10000,2) -> #N/A | Q348: =VLOOKUP(E348,'Supply Log'!$E$6:$T$277,12,FALSE) -> #N/A | R348: =ROUND(((Q348*Q348*(I348-S348)*0.7854)/10000),2) -> #N/A | T348: =+ROUND((O348*O348*S348*0.7854)/10000,2) -> #N/A | U348: =+P348-R348-T348 -> #N/A | V348: =IF(C348="","",(SUMIF($D$2:$D$23587,D348,$P$2:$P$23587))) | W348: =VLOOKUP(F348,'Input Log'!$E$6:$V$50000,18,FALSE) -> #N/A | X348: =VLOOKUP(E348,'Supply Log'!$Z$6:$AB$699,2,FALSE) -> #N/A | Y348: =VLOOKUP(E348,'Supply Log'!$E$6:$X$618,20,FALSE) -> #N/A
