Workbook

Sheet REKAP
M1: INPUT LOG MERANTI | X1: REKAP HASIL GESEK MERANTI | AF1: REKAP BELI MASAK | AN1: REKAP BENGKIRAI PLAT
B2: REKAP GRAND TOTAL
X3: EX - LOG | AB3: PER TGL 30 JUNI 2026
B4: PER TGL 18 JULI 2026 | G4: OUTPUT | I4: MUAT FUSO | M4: NO | N4: CODE | O4: JENIS | P4: VOLUME | V4: KET | X4: UKURAN | AA4: VOLUME | AC4: VOLUME | AF4: UKURAN | AI4: VOLUME | AK4: VOLUME | AN4: UKURAN KAYU | AQ4: VOLUME | AS4: VOLUME
B5: LOG MERANTI | E5: =SUM('[1]LOG LIST'!E572) -> 373.54928 | F5: BLK | G5: =SUM([1]MERANTI!N1926) -> 202.36703 | H5: =SUM(G5/E5) -> 0.54174119 | I5: 1 | J5: 34.1596 | P5: PJG | Q5: PKL | R5: UJUNG | S5: RT | T5: M3 | U5: JML | X5: T | Y5: L | Z5: P | AA5: PCS | AB5: M3 | AC5: PCS | AD5: M3 | AF5: T | AG5: L | AH5: P | AI5: PCS | AJ5: M3 | AK5: PCS | AL5: M3 | AN5: T | AO5: L | AP5: P | AQ5: PCS | AR5: M3 | AS5: PCS | AT5: M4
B6: BLM PROSES | E6: =SUM('[1]LOG LIST'!E573) -> 48.826119 | F6: RENG | G6: =SUM([1]MERANTI!N1927) -> 66.4652 | H6: =SUM(G6/E5) -> 0.17792887 | I6: 2 | J6: 35.8378 | M6: 1 | N6: 5372 | O6: MRT | P6: 400 | Q6: 38 | R6: 38 | S6: 38 | T6: =0.7854*P6*S6*S6/1000000 -> 0.45364704 | V6: EX P ARI | X6: 15 | Y6: 33 | Z6: 400 | AA6: 11 | AB6: =X6*Y6*Z6*AA6/1000000 -> 2.178 | AF6: 4 | AG6: 10 | AH6: 400 | AI6: 475 | AJ6: =AF6*AG6*AH6*AI6/1000000 -> 7.6 | AN6: 2 | AO6: 3 | AP6: 400 | AQ6: 25 | AR6: =AN6*AO6*AP6*AQ6/1000000 -> 0.06 | AS6: =SUM(AQ6) -> 25 | AT6: =SUM(AR6) -> 0.06
E7: =SUM(E5:E6) -> 422.3754 | G7: =SUM(G5:G6) -> 268.83223 | H7: =SUM(G7/E5) -> 0.71967006 | I7: 3 | J7: 37.355 | M7: 2 | N7: 5351 | O7: MRT | P7: 400 | Q7: 37 | R7: 37 | S7: 37 | T7: =0.7854*P7*S7*S7/1000000 -> 0.43008504 | V7: EX P ARI | X7: 15 | Y7: 30 | Z7: 400 | AA7: 23 | AB7: =X7*Y7*Z7*AA7/1000000 -> 4.14 | AF7: 4 | AG7: 10 | AH7: 360 | AI7: 44 | AJ7: =AF7*AG7*AH7*AI7/1000000 -> 0.6336 | AN7: 2 | AO7: 10 | AP7: 400 | AQ7: 6 | AR7: =AN7*AO7*AP7*AQ7/1000000 -> 0.048 | AS7: =SUM(AQ7) -> 6 | AT7: =SUM(AR7) -> 0.048
G8: 10.428 | H8: MASAK | I8: 4 | J8: 10.756 | M8: 3 | N8: 5366 | O8: MRT | P8: 400 | Q8: 39 | R8: 39 | S8: 39 | T8: =0.7854*P8*S8*S8/1000000 -> 0.47783736 | V8: EX P ARI | X8: 15 | Y8: 28 | Z8: 400 | AA8: 6 | AB8: =X8*Y8*Z8*AA8/1000000 -> 1.008 | AF8: 4 | AG8: 10 | AH8: 300 | AI8: 44 | AJ8: =AF8*AG8*AH8*AI8/1000000 -> 0.528 | AN8: 3 | AO8: 13 | AP8: 400 | AQ8: 8 | AR8: =AN8*AO8*AP8*AQ8/1000000 -> 0.1248
G9: =SUM(G7:G8) -> 279.26023 | I9: 5 | J9: 35.0564 | M9: 4 | N9: 5355 | O9: MRT | P9: 400 | Q9: 39 | R9: 39 | S9: 39 | T9: =0.7854*P9*S9*S9/1000000 -> 0.47783736 | V9: EX P ARI | X9: 15 | Y9: 25 | Z9: 400 | AA9: 46 | AB9: =X9*Y9*Z9*AA9/1000000 -> 6.9 | AF9: 4 | AG9: 7 | AH9: 400 | AI9: 76 | AJ9: =AF9*AG9*AH9*AI9/1000000 -> 0.8512 | AN9: 3 | AO9: 15 | AP9: 400 | AQ9: =9+5 -> 14 | AR9: =AN9*AO9*AP9*AQ9/1000000 -> 0.252
I10: 6 | J10: 37.1529 | M10: 5 | N10: 5426 | O10: MRT | P10: 400 | Q10: 35 | R10: 35 | S10: 35 | T10: =0.7854*P10*S10*S10/1000000 -> 0.384846 | V10: EX P ARI | X10: 15 | Y10: 23 | Z10: 400 | AA10: 6 | AB10: =X10*Y10*Z10*AA10/1000000 -> 0.828 | AF10: 4 | AG10: 7 | AH10: 360 | AI10: 8 | AJ10: =AF10*AG10*AH10*AI10/1000000 -> 0.08064 | AN10: 3 | AO10: 20 | AP10: 400 | AQ10: 3 | AR10: =AN10*AO10*AP10*AQ10/1000000 -> 0.072
I11: 7 | J11: 36.7154 | M11: 6 | N11: 5502 | O11: MRT | P11: 400 | Q11: 30 | R11: 30 | S11: 30 | T11: =0.7854*P11*S11*S11/1000000 -> 0.282744 | V11: EX RM | X11: 15 | Y11: 20 | Z11: 400 | AA11: 45 | AB11: =X11*Y11*Z11*AA11/1000000 -> 5.4 | AF11: 4 | AG11: 7 | AH11: 300 | AI11: 14 | AJ11: =AF11*AG11*AH11*AI11/1000000 -> 0.1176 | AN11: 3 | AO11: 25 | AP11: 400 | AQ11: 2 | AR11: =AN11*AO11*AP11*AQ11/1000000 -> 0.06 | AS11: =SUM(AQ8:AQ11) -> 27 | AT11: =SUM(AR8:AR11) -> 0.5088
I12: 8 | J12: 1.728 | M12: 7 | N12: 5449 | O12: MRT | P12: 400 | Q12: 35 | R12: 36 | S12: 35 | T12: =0.7854*P12*S12*S12/1000000 -> 0.384846 | V12: EX RM | X12: 15 | Y12: 18 | Z12: 400 | AA12: 19 | AB12: =X12*Y12*Z12*AA12/1000000 -> 2.052 | AF12: 3 | AG12: 7 | AH12: 400 | AI12: 55 | AJ12: =AF12*AG12*AH12*AI12/1000000 -> 0.462 | AN12: 4 | AO12: 20 | AP12: 400 | AQ12: 1 | AR12: =AN12*AO12*AP12*AQ12/1000000 -> 0.032 | AS12: =SUM(AQ12) -> 1 | AT12: =SUM(AR12) -> 0.032
I13: 9 | J13: 35.1909 | M13: 8 | N13: 5344 | O13: MRT | P13: 400 | Q13: 37 | R13: 37 | S13: 37 | T13: =0.7854*P13*S13*S13/1000000 -> 0.43008504 | V13: EX P IS | X13: 15 | Y13: 15 | Z13: 400 | AA13: 37 | AB13: =X13*Y13*Z13*AA13/1000000 -> 3.33 | AF13: 3 | AG13: 7 | AH13: 360 | AI13: 3 | AJ13: =AF13*AG13*AH13*AI13/1000000 -> 0.02268 | AN13: 5 | AO13: 20 | AP13: 400 | AQ13: 1 | AR13: =AN13*AO13*AP13*AQ13/1000000 -> 0.04 | AS13: =SUM(AQ13) -> 1 | AT13: =SUM(AR13) -> 0.04
J14: =SUM(J5:J13) -> 263.952 | M14: 9 | N14: 5317 | O14: MRT | P14: 400 | Q14: 34 | R14: 42 | S14: 38 | T14: =0.7854*P14*S14*S14/1000000 -> 0.45364704 | V14: EX P BADI | X14: 15 | Y14: 13 | Z14: 400 | AA14: 3 | AB14: =X14*Y14*Z14*AA14/1000000 -> 0.234 | AF14: 3 | AG14: 7 | AH14: 300 | AI14: 21 | AJ14: =AF14*AG14*AH14*AI14/1000000 -> 0.1323 | AK14: =SUM(AI6:AI14) -> 740 | AL14: =SUM(AJ6:AJ14) -> 10.42802 | AN14: 6 | AO14: 13 | AP14: 400 | AQ14: 2 | AR14: =AN14*AO14*AP14*AQ14/1000000 -> 0.0624
M15: 10 | N15: 5322 | O15: MRT | P15: 300 | Q15: 30 | R15: 30 | S15: 30 | T15: =0.7854*P15*S15*S15/1000000 -> 0.212058 | V15: EX P BADI | X15: 15 | Y15: 12 | Z15: 400 | AA15: 4 | AB15: =X15*Y15*Z15*AA15/1000000 -> 0.288 | AF15: MERANTI | AI15: =SUM(AI6:AI14) -> 740 | AJ15: =SUM(AJ6:AJ14) -> 10.42802 | AK15: =SUM(AK6:AK14) -> 740 | AL15: =SUM(AL6:AL14) -> 10.42802 | AN15: 6 | AO15: 15 | AP15: 400 | AQ15: 8 | AR15: =AN15*AO15*AP15*AQ15/1000000 -> 0.288 | AS15: =SUM(AQ14:AQ15) -> 10 | AT15: =SUM(AR14:AR15) -> 0.3504
G16: STOCK MERANTI | J16: =SUM(G9-J14) -> 15.30823 | M16: 11 | N16: 354 | O16: MRT | P16: 400 | Q16: 39 | R16: 38 | S16: 38 | T16: =0.7854*P16*S16*S16/1000000 -> 0.45364704 | U16: =SUM(T6:T16) -> 4.4412799 | V16: EX BJB | X16: 15 | Y16: 10 | Z16: 400 | AA16: 24 | AB16: =X16*Y16*Z16*AA16/1000000 -> 1.44 | AF16: 15 | AG16: 20 | AH16: 400 | AI16: 1 | AJ16: =AF16*AG16*AH16*AI16/1000000 -> 0.12 | AN16: 7 | AO16: 13 | AP16: 400 | AQ16: 1 | AR16: =AN16*AO16*AP16*AQ16/1000000 -> 0.0364 | AS16: =SUM(AQ16) -> 1 | AT16: =SUM(AR16) -> 0.0364
M17: 12 | N17: 5320 | O17: MRT | P17: 400 | Q17: 51 | R17: 55 | S17: 53 | T17: =0.7854*P17*S17*S17/1000000 -> 0.88247544 | V17: EX P BADI | X17: 15 | Y17: 8 | Z17: 400 | AA17: 10 | AB17: =X17*Y17*Z17*AA17/1000000 -> 0.48 | AF17: 15 | AG17: 15 | AH17: 400 | AI17: 8 | AJ17: =AF17*AG17*AH17*AI17/1000000 -> 0.72 | AK17: =SUM(AI16:AI17) -> 9 | AL17: =SUM(AJ16:AJ17) -> 0.84 | AN17: 8 | AO17: 15 | AP17: 400 | AQ17: 4 | AR17: =AN17*AO17*AP17*AQ17/1000000 -> 0.192 | AS17: =SUM(AQ17) -> 4 | AT17: =SUM(AR17) -> 0.192
G18: OUTPUT | I18: MUAT FUSO | M18: 13 | N18: 5302 | O18: MRT | P18: 400 | Q18: 55 | R18: 57 | S18: 56 | T18: =0.7854*P18*S18*S18/1000000 -> 0.98520576 | V18: EX P BADI | X18: 15 | Y18: 5 | Z18: 400 | AA18: 12 | AB18: =X18*Y18*Z18*AA18/1000000 -> 0.36 | AC18: =SUM(AA6:AA18) -> 246 | AD18: =SUM(AB6:AB18) -> 28.638 | AF18: 12 | AG18: 15 | AH18: 400 | AI18: 9 | AJ18: =AF18*AG18*AH18*AI18/1000000 -> 0.648 | AK18: =SUM(AI18) -> 9 | AL18: =SUM(AJ18) -> 0.648 | AN18: 13 | AO18: 13 | AP18: 300 | AQ18: 1 | AR18: =AN18*AO18*AP18*AQ18/1000000 -> 0.0507
B19: LOG BENGKIRAI | E19: 9.1766 | G19: 11.3544 | H19: BLK | I19: 4 | J19: 21.8096 | M19: 14 | N19: 5359 | O19: MRT | P19: 400 | Q19: 40 | R19: 40 | S19: 40 | T19: =0.7854*P19*S19*S19/1000000 -> 0.502656 | V19: EX P ARI | X19: 13 | Y19: 33 | Z19: 400 | AA19: 2 | AB19: =X19*Y19*Z19*AA19/1000000 -> 0.3432 | AF19: 10 | AG19: 15 | AH19: 400 | AI19: 15 | AJ19: =AF19*AG19*AH19*AI19/1000000 -> 0.9 | AK19: =SUM(AI19) -> 15 | AL19: =SUM(AJ19) -> 0.9 | AN19: 13 | AO19: 13 | AP19: 400 | AQ19: 1 | AR19: =AN19*AO19*AP19*AQ19/1000000 -> 0.0676
E20: 9.9033 | G20: 2.25 | H20: RENG | I20: 8 | J20: 28.2147 | M20: 15 | N20: 5296 | O20: MRT | P20: 400 | Q20: 41 | R20: 41 | S20: 41 | T20: =0.7854*P20*S20*S20/1000000 -> 0.52810296 | V20: EX P ARI | X20: 13 | Y20: 30 | Z20: 400 | AA20: 15 | AB20: =X20*Y20*Z20*AA20/1000000 -> 2.34 | AF20: 9.5 | AG20: 9.5 | AH20: 400 | AI20: 10 | AJ20: =AF20*AG20*AH20*AI20/1000000 -> 0.361 | AK20: =SUM(AI20) -> 10 | AL20: =SUM(AJ20) -> 0.361 | AN20: 13 | AO20: 15 | AP20: 400 | AQ20: 2 | AR20: =AN20*AO20*AP20*AQ20/1000000 -> 0.156 | AS20: =SUM(AQ18:AQ20) -> 4 | AT20: =SUM(AR18:AR20) -> 0.2743
E21: 2.7627 | G21: =SUM(G19:G20) -> 13.6044 | J21: =SUM(J19) -> 21.8096 | M21: 16 | N21: 5318 | O21: MRT | P21: 400 | Q21: 63 | R21: 63 | S21: 63 | T21: =0.7854*P21*S21*S21/1000000 -> 1.246901 | V21: EX P ARI | X21: 13 | Y21: 28 | Z21: 400 | AA21: 2 | AB21: =X21*Y21*Z21*AA21/1000000 -> 0.2912 | AF21: 8 | AG21: 15 | AH21: 400 | AI21: 3 | AJ21: =AF21*AG21*AH21*AI21/1000000 -> 0.144 | AK21: =SUM(AI21) -> 3 | AL21: =SUM(AJ21) -> 0.144 | AN21: 15 | AO21: 15 | AP21: 400 | AQ21: 29 | AR21: =AN21*AO21*AP21*AQ21/1000000 -> 2.61
E22: =SUM(E19:E21) -> 21.8426 | G22: =SUM([1]BENGKIRAI!S99) -> 0.7152 | H22: MASAK | M22: 17 | N22: 5328 | O22: MRT | P22: 400 | Q22: 57 | R22: 57 | S22: 57 | T22: =0.7854*P22*S22*S22/1000000 -> 1.0207058 | V22: EX P ARI | X22: 13 | Y22: 25 | Z22: 400 | AA22: 24 | AB22: =X22*Y22*Z22*AA22/1000000 -> 3.12 | AF22: 6 | AG22: 15 | AH22: 400 | AI22: 14 | AJ22: =AF22*AG22*AH22*AI22/1000000 -> 0.504 | AN22: 15 | AO22: 20 | AP22: 400 | AQ22: 6 | AR22: =AN22*AO22*AP22*AQ22/1000000 -> 0.72
G23: =SUM('[1]BELI MASAK MERANTI BENGKIRAI'!H19) -> 4.701936 | H23: MASAK | M23: 18 | N23: 5386 | O23: MRT | P23: 400 | Q23: 49 | R23: 49 | S23: 49 | T23: =0.7854*P23*S23*S23/1000000 -> 0.75429816 | V23: EX P ARI | X23: 13 | Y23: 23 | Z23: 400 | AA23: 14 | AB23: =X23*Y23*Z23*AA23/1000000 -> 1.6744 | AF23: 6 | AG23: 12 | AH23: 400 | AI23: 2 | AJ23: =AF23*AG23*AH23*AI23/1000000 -> 0.0576 | AN23: 15 | AO23: 24 | AP23: 400 | AQ23: 2 | AR23: =AN23*AO23*AP23*AQ23/1000000 -> 0.288
G24: =SUM('[1]PLAT BENGKIRAI'!P41) -> 5.3099 | H24: PLAT | M24: 19 | N24: 5389 | O24: MRT | P24: 400 | Q24: 48 | R24: 48 | S24: 48 | T24: =0.7854*P24*S24*S24/1000000 -> 0.72382464 | V24: EX P ARI | X24: 13 | Y24: 20 | Z24: 400 | AA24: 30 | AB24: =X24*Y24*Z24*AA24/1000000 -> 3.12 | AF24: 6 | AG24: 10 | AH24: 400 | AI24: 2 | AJ24: =AF24*AG24*AH24*AI24/1000000 -> 0.048 | AK24: =SUM(AI22:AI24) -> 18 | AL24: =SUM(AJ22:AJ24) -> 0.6096 | AN24: 15 | AO24: 25 | AP24: 400 | AQ24: 1 | AR24: =AN24*AO24*AP24*AQ24/1000000 -> 0.15 | AS24: =SUM(AQ21:AQ24) -> 38 | AT24: =SUM(AR21:AR24) -> 3.768
G25: =SUM('[1]PLAT BENGKIRAI'!P42) -> 0.208 | H25: MASAK | M25: 20 | N25: 5323 | O25: MRT | P25: 400 | Q25: 46 | R25: 46 | S25: 46 | T25: =0.7854*P25*S25*S25/1000000 -> 0.66476256 | V25: EX P ARI | X25: 13 | Y25: 18 | Z25: 400 | AA25: 14 | AB25: =X25*Y25*Z25*AA25/1000000 -> 1.3104 | AF25: 4.5 | AG25: 10 | AH25: 400 | AI25: 10 | AJ25: =AF25*AG25*AH25*AI25/1000000 -> 0.18 | AN25: BENGKIRAI PLAT | AQ25: =SUM(AQ6:AQ24) -> 117 | AR25: =SUM(AR6:AR24) -> 5.3099 | AS25: =SUM(AS6:AS24) -> 117 | AT25: =SUM(AT6:AT24) -> 5.3099
G26: =SUM(G21:G25) -> 24.539436 | M26: 21 | N26: 5273 | O26: MRT | P26: 400 | Q26: 43 | R26: 43 | S26: 43 | T26: =0.7854*P26*S26*S26/1000000 -> 0.58088184 | V26: EX P ARI | X26: 13 | Y26: 15 | Z26: 400 | AA26: 22 | AB26: =X26*Y26*Z26*AA26/1000000 -> 1.716 | AF26: 4.5 | AG26: 9.5 | AH26: 400 | AI26: 22 | AJ26: =AF26*AG26*AH26*AI26/1000000 -> 0.3762 | AK26: =SUM(AI25:AI26) -> 32 | AL26: =SUM(AJ25:AJ26) -> 0.5562 | AN26: 6 | AO26: 15 | AP26: 400 | AQ26: 2 | AR26: =AN26*AO26*AP26*AQ26/1000000 -> 0.072
M27: 22 | N27: 5326 | O27: MRT | P27: 400 | Q27: 64 | R27: 64 | S27: 64 | T27: =0.7854*P27*S27*S27/1000000 -> 1.2867994 | V27: EX P ARI | X27: 13 | Y27: 13 | Z27: 400 | AA27: 3 | AB27: =X27*Y27*Z27*AA27/1000000 -> 0.2028 | AF27: 4.2 | AG27: 4.2 | AH27: 400 | AI27: 6 | AJ27: =AF27*AG27*AH27*AI27/1000000 -> 0.042336 | AK27: =SUM(AI27) -> 6 | AL27: =SUM(AJ27) -> 0.042336 | AN27: 2 | AO27: 10 | AP27: 400 | AQ27: 14 | AR27: =AN27*AO27*AP27*AQ27/1000000 -> 0.112
G28: STOCK BENGKIRAI | J28: =SUM(G26-J21) -> 2.729836 | M28: 23 | N28: 5392 | O28: MRT | P28: 400 | Q28: 66 | R28: 66 | S28: 66 | T28: =0.7854*P28*S28*S28/1000000 -> 1.368481 | V28: EX P ARI | X28: 13 | Y28: 10 | Z28: 400 | AA28: 2 | AB28: =X28*Y28*Z28*AA28/1000000 -> 0.104 | AF28: 3 | AG28: 15 | AH28: 400 | AI28: 7 | AJ28: =AF28*AG28*AH28*AI28/1000000 -> 0.126 | AK28: =SUM(AI28) -> 7 | AL28: =SUM(AJ28) -> 0.126 | AN28: 2 | AO28: 10 | AP28: 300 | AQ28: 4 | AR28: =AN28*AO28*AP28*AQ28/1000000 -> 0.024 | AS28: =SUM(AQ26:AQ28) -> 20 | AT28: =SUM(AR26:AR28) -> 0.208
M29: 24 | N29: 5385 | O29: MRT | P29: 400 | Q29: 69 | R29: 69 | S29: 69 | T29: =0.7854*P29*S29*S29/1000000 -> 1.4957158 | V29: EX P ARI | X29: 13 | Y29: 8 | Z29: 400 | AA29: 1 | AB29: =X29*Y29*Z29*AA29/1000000 -> 0.0416 | AF29: 3 | AG29: 12.5 | AH29: 400 | AI29: 2 | AJ29: =AF29*AG29*AH29*AI29/1000000 -> 0.03 | AK29: =SUM(AI29) -> 2 | AL29: =SUM(AJ29) -> 0.03 | AN29: BELI MASAK EX PLAT | AQ29: =SUM(AQ26:AQ28) -> 20 | AR29: =SUM(AR26:AR28) -> 0.208 | AS29: =SUM(AS26:AS28) -> 20 | AT29: =SUM(AT26:AT28) -> 0.208
B30: PENERIMAAN APM | M30: 25 | N30: 5343 | O30: MRT | P30: 400 | Q30: 68 | R30: 68 | S30: 68 | T30: =0.7854*P30*S30*S30/1000000 -> 1.4526758 | V30: EX P ARI | X30: 13 | Y30: 5 | Z30: 400 | AA30: 2 | AB30: =X30*Y30*Z30*AA30/1000000 -> 0.052 | AC30: =SUM(AA19:AA30) -> 131 | AD30: =SUM(AB19:AB30) -> 14.3156 | AF30: 2 | AG30: 15 | AH30: 400 | AI30: 2 | AJ30: =AF30*AG30*AH30*AI30/1000000 -> 0.024 | AK30: =SUM(AI30) -> 2 | AL30: =SUM(AJ30) -> 0.024 | AQ30: =SUM(AQ25,AQ29) -> 137 | AR30: =SUM(AR25,AR29) -> 5.5179 | AS30: =SUM(AS25,AS29) -> 137 | AT30: =SUM(AT25,AT29) -> 5.5179
B31: EX KLATENG | E31: GRADE APM | G31: LKL / AF | H31: JUAL LOKAL | J31: SISA STOCK | M31: 26 | N31: 5381 | O31: MRT | P31: 400 | Q31: 75 | R31: 75 | S31: 75 | T31: =0.7854*P31*S31*S31/1000000 -> 1.76715 | V31: EX P ARI | X31: 12 | Y31: 25 | Z31: 400 | AA31: 2 | AB31: =X31*Y31*Z31*AA31/1000000 -> 0.24 | AF31: 2 | AG31: 10 | AH31: 400 | AI31: 45 | AJ31: =AF31*AG31*AH31*AI31/1000000 -> 0.36
B32: 1 | C32: 34.1596 | E32: 26.0721 | G32: 8.155 | J32: =SUM(G32-H32) -> 8.155 | M32: 27 | N32: 5382 | O32: MRT | P32: 400 | Q32: 66 | R32: 66 | S32: 66 | T32: =0.7854*P32*S32*S32/1000000 -> 1.368481 | V32: EX P ARI | X32: 12 | Y32: 15 | Z32: 400 | AA32: 1 | AB32: =X32*Y32*Z32*AA32/1000000 -> 0.072 | AC32: =SUM(AA31:AA32) -> 3 | AD32: =SUM(AB31:AB32) -> 0.312 | AF32: 2 | AG32: 10 | AH32: 250 | AI32: 2 | AJ32: =AF32*AG32*AH32*AI32/1000000 -> 0.01
B33: 2 | C33: 35.8378 | E33: 24.0445 | G33: 11.4261 | H33: 10.308 | J33: =SUM(G33-H33) -> 1.1181 | M33: 28 | N33: 5365 | O33: MRT | P33: 400 | Q33: 60 | R33: 60 | S33: 60 | T33: =0.7854*P33*S33*S33/1000000 -> 1.130976 | V33: EX P ARI | X33: 10 | Y33: 33 | Z33: 400 | AA33: 6 | AB33: =X33*Y33*Z33*AA33/1000000 -> 0.792 | AF33: 2 | AG33: 10 | AH33: 200 | AI33: 3 | AJ33: =AF33*AG33*AH33*AI33/1000000 -> 0.012 | AK33: =SUM(AI31:AI33) -> 50 | AL33: =SUM(AJ31:AJ33) -> 0.382
B34: 3 | C34: 37.355 | E34: 27.5829 | G34: 8.6632 | J34: =SUM(G34-H34) -> 8.6632 | M34: 29 | N34: 5321 | O34: MRT | P34: 400 | Q34: 58 | R34: 58 | S34: 58 | T34: =0.7854*P34*S34*S34/1000000 -> 1.0568342 | V34: EX P ARI | X34: 10 | Y34: 30 | Z34: 400 | AA34: 42 | AB34: =X34*Y34*Z34*AA34/1000000 -> 5.04 | AF34: BENGKIRAI | AI34: =SUM(AI16:AI33) -> 163 | AJ34: =SUM(AJ16:AJ33) -> 4.663136 | AK34: =SUM(AK16:AK33) -> 163 | AL34: =SUM(AL16:AL33) -> 4.663136
B35: 5 | C35: 35.0564 | E35: 21.4274 | G35: 12.9822 | J35: =SUM(G35-H35) -> 12.9822 | M35: 30 | N35: 5245 | O35: MRT | P35: 400 | Q35: 66 | R35: 66 | S35: 66 | T35: =0.7854*P35*S35*S35/1000000 -> 1.368481 | V35: EX P ARI | X35: 10 | Y35: 28 | Z35: 400 | AA35: 4 | AB35: =X35*Y35*Z35*AA35/1000000 -> 0.448 | AI35: =SUM(AI34,AI15) -> 903 | AJ35: =SUM(AJ34,AJ15) -> 15.091156 | AK35: =SUM(AK34,AK15) -> 903 | AL35: =SUM(AL34,AL15) -> 15.091156
C36: =SUM(C32:D34) -> 107.3524 | E36: =SUM(E32:F35) -> 99.1269 | G36: =SUM(G32:G35) -> 41.2265 | H36: =SUM(H33:H34) -> 10.308 | J36: =SUM(G36-H36) -> 30.9185 | M36: 31 | N36: 5358 | O36: MRT | P36: 400 | Q36: 65 | R36: 65 | S36: 65 | T36: =0.7854*P36*S36*S36/1000000 -> 1.327326 | V36: EX P ARI | X36: 10 | Y36: 25 | Z36: 400 | AA36: 104 | AB36: =X36*Y36*Z36*AA36/1000000 -> 10.4
M37: 32 | N37: 5356 | O37: MRT | P37: 400 | Q37: 49 | R37: 49 | S37: 49 | T37: =0.7854*P37*S37*S37/1000000 -> 0.75429816 | V37: EX P ARI | X37: 10 | Y37: 23 | Z37: 400 | AA37: 31 | AB37: =X37*Y37*Z37*AA37/1000000 -> 2.852
B38: PENERIMAAN BABAT LAMONGAN | M38: 33 | N38: 5347 | O38: MRT | P38: 400 | Q38: 45 | R38: 45 | S38: 45 | T38: =0.7854*P38*S38*S38/1000000 -> 0.636174 | V38: EX P ARI | X38: 10 | Y38: 20 | Z38: 400 | AA38: 148 | AB38: =X38*Y38*Z38*AA38/1000000 -> 11.84
B39: EX KLATENG | E39: OK GRADE BKR | G39: LKL / AF | H39: JUAL LOKAL | J39: SISA STOCK | M39: 34 | N39: 5341 | O39: MRT | P39: 400 | Q39: 55 | R39: 55 | S39: 55 | T39: =0.7854*P39*S39*S39/1000000 -> 0.950334 | V39: EX P ARI | X39: 10 | Y39: 18 | Z39: 400 | AA39: 37 | AB39: =X39*Y39*Z39*AA39/1000000 -> 2.664
B40: 4 | C40: =SUM('[2]DATA MUAT'!$X$23,'[2]DATA MUAT'!$X$55,'[2]DATA MUAT'!$X$92) -> 21.809575 | E40: =SUM('[3]HASIL GRADE'!$F$35) -> 9.7577 | G40: =SUM('[3]HASIL GRADE'!$H$72,'[3]HASIL GRADE'!$H$75,'[3]HASIL GRADE'!$H$80) -> 12.0765 | H40: =SUM('[1]INV-LOKAL MERANTI KALTENG'!G52,'[1]INV-LOKAL MERANTI KALTENG'!G30) -> 2.743 | J40: =SUM(G40-H40) -> 9.3335 | M40: 35 | N40: 5336 | O40: MRT | P40: 400 | Q40: 55 | R40: 55 | S40: 55 | T40: =0.7854*P40*S40*S40/1000000 -> 0.950334 | V40: EX P ARI | X40: 10 | Y40: 15 | Z40: 400 | AA40: 91 | AB40: =X40*Y40*Z40*AA40/1000000 -> 5.46
B41: MRT | C41: =SUM('[2]DATA MUAT'!$X$96,'[2]DATA MUAT'!$X$26) -> 10.756 | G41: =SUM('[3]HASIL GRADE'!$H$82:$H$83,'[3]HASIL GRADE'!$H$78) -> 10.516 | H41: =SUM('[1]INV-LOKAL MERANTI KALTENG'!G34,'[1]INV-LOKAL MERANTI KALTENG'!G55) -> 10.444 | J41: =SUM(G41-H41)+E41 -> 0.072 | M41: 36 | N41: 5383 | O41: MRT | P41: 400 | Q41: 52 | R41: 52 | S41: 52 | T41: =0.7854*P41*S41*S41/1000000 -> 0.84948864 | V41: EX P ARI | X41: 10 | Y41: 15 | Z41: 350 | AA41: 1 | AB41: =X41*Y41*Z41*AA41/1000000 -> 0.0525
M42: 37 | N42: 5361 | O42: MRT | P42: 400 | Q42: 55 | R42: 55 | S42: 55 | T42: =0.7854*P42*S42*S42/1000000 -> 0.950334 | V42: EX P ARI | X42: 10 | Y42: 15 | Z42: 300 | AA42: 1 | AB42: =X42*Y42*Z42*AA42/1000000 -> 0.045
C43: =SUM(C40:D42) -> 32.565575 | E43: =SUM(E40:F42) -> 9.7577 | G43: =SUM(G40:G42) -> 22.5925 | H43: =SUM(H40:H42) -> 13.187 | J43: =SUM(J40:J42) -> 9.4055 | M43: 38 | N43: 5364 | O43: MRT | P43: 400 | Q43: 48 | R43: 48 | S43: 48 | T43: =0.7854*P43*S43*S43/1000000 -> 0.72382464 | V43: EX P ARI | X43: 10 | Y43: 13 | Z43: 400 | AA43: 26 | AB43: =X43*Y43*Z43*AA43/1000000 -> 1.352
M44: 39 | N44: 5376 | O44: MRT | P44: 400 | Q44: 70 | R44: 70 | S44: 70 | T44: =0.7854*P44*S44*S44/1000000 -> 1.539384 | V44: EX P ARI | X44: 10 | Y44: 13 | Z44: 350 | AA44: 1 | AB44: =X44*Y44*Z44*AA44/1000000 -> 0.0455
M45: 40 | N45: 5339 | O45: MRT | P45: 400 | Q45: 57 | R45: 57 | S45: 57 | T45: =0.7854*P45*S45*S45/1000000 -> 1.0207058 | V45: EX P ARI | X45: 10 | Y45: 12 | Z45: 400 | AA45: 2 | AB45: =X45*Y45*Z45*AA45/1000000 -> 0.096
M46: 41 | N46: 5295 | O46: MRT | P46: 400 | Q46: 55 | R46: 55 | S46: 55 | T46: =0.7854*P46*S46*S46/1000000 -> 0.950334 | V46: EX P ARI | X46: 10 | Y46: 10 | Z46: 400 | AA46: 47 | AB46: =X46*Y46*Z46*AA46/1000000 -> 1.88
M47: 42 | N47: 5352 | O47: MRT | P47: 400 | Q47: 62 | R47: 62 | S47: 62 | T47: =0.7854*P47*S47*S47/1000000 -> 1.207631 | V47: EX P ARI | X47: 10 | Y47: 8 | Z47: 400 | AA47: 3 | AB47: =X47*Y47*Z47*AA47/1000000 -> 0.096
M48: 43 | N48: 5307 | O48: MRT | P48: 400 | Q48: 80 | R48: 80 | S48: 80 | T48: =0.7854*P48*S48*S48/1000000 -> 2.010624 | V48: EX P ARI | X48: 10 | Y48: 5 | Z48: 400 | AA48: 18 | AB48: =X48*Y48*Z48*AA48/1000000 -> 0.36 | AC48: =SUM(AA33:AA48) -> 562 | AD48: =SUM(AB33:AB48) -> 43.423
M49: 44 | N49: 5380 | O49: MRT | P49: 400 | Q49: 54 | R49: 54 | S49: 54 | T49: =0.7854*P49*S49*S49/1000000 -> 0.91609056 | V49: EX P ARI | X49: 8 | Y49: 33 | Z49: 400 | AA49: 3 | AB49: =X49*Y49*Z49*AA49/1000000 -> 0.3168
M50: 45 | N50: 5235 | O50: MRT | P50: 400 | Q50: 52 | R50: 52 | S50: 52 | T50: =0.7854*P50*S50*S50/1000000 -> 0.84948864 | V50: EX P ARI | X50: 8 | Y50: 30 | Z50: 400 | AA50: 13 | AB50: =X50*Y50*Z50*AA50/1000000 -> 1.248
M51: 46 | N51: 5319 | O51: MRT | P51: 400 | Q51: 50 | R51: 50 | S51: 50 | T51: =0.7854*P51*S51*S51/1000000 -> 0.7854 | V51: EX P ARI | X51: 8 | Y51: 28 | Z51: 400 | AA51: 4 | AB51: =X51*Y51*Z51*AA51/1000000 -> 0.3584
M52: 47 | N52: 5325 | O52: MRT | P52: 400 | Q52: 57 | R52: 57 | S52: 57 | T52: =0.7854*P52*S52*S52/1000000 -> 1.0207058 | V52: EX P ARI | X52: 8 | Y52: 25 | Z52: 400 | AA52: 41 | AB52: =X52*Y52*Z52*AA52/1000000 -> 3.28
M53: 48 | N53: 5282 | O53: MRT | P53: 400 | Q53: 60 | R53: 60 | S53: 60 | T53: =0.7854*P53*S53*S53/1000000 -> 1.130976 | V53: EX P ARI | X53: 8 | Y53: 23 | Z53: 400 | AA53: 11 | AB53: =X53*Y53*Z53*AA53/1000000 -> 0.8096
M54: 49 | N54: 5271 | O54: MRT | P54: 400 | Q54: 56 | R54: 56 | S54: 56 | T54: =0.7854*P54*S54*S54/1000000 -> 0.98520576 | V54: EX P ARI | X54: 8 | Y54: 20 | Z54: 400 | AA54: 49 | AB54: =X54*Y54*Z54*AA54/1000000 -> 3.136
M55: 50 | N55: 5286 | O55: MRT | P55: 400 | Q55: 57 | R55: 57 | S55: 57 | T55: =0.7854*P55*S55*S55/1000000 -> 1.0207058 | V55: EX P ARI | X55: 8 | Y55: 18 | Z55: 400 | AA55: 16 | AB55: =X55*Y55*Z55*AA55/1000000 -> 0.9216
M56: 51 | N56: 5309 | O56: MRT | P56: 400 | Q56: 49 | R56: 49 | S56: 49 | T56: =0.7854*P56*S56*S56/1000000 -> 0.75429816 | V56: EX P ARI | X56: 8 | Y56: 15 | Z56: 400 | AA56: 44 | AB56: =X56*Y56*Z56*AA56/1000000 -> 2.112
M57: 52 | N57: 5304 | O57: MRT | P57: 400 | Q57: 63 | R57: 63 | S57: 63 | T57: =0.7854*P57*S57*S57/1000000 -> 1.246901 | V57: EX P ARI | X57: 8 | Y57: 13 | Z57: 400 | AA57: 13 | AB57: =X57*Y57*Z57*AA57/1000000 -> 0.5408
M58: 53 | N58: 5406 | O58: MRT | P58: 400 | Q58: 45 | R58: 45 | S58: 45 | T58: =0.7854*P58*S58*S58/1000000 -> 0.636174 | V58: EX P ARI | X58: 8 | Y58: 12 | Z58: 400 | AA58: 1 | AB58: =X58*Y58*Z58*AA58/1000000 -> 0.0384
M59: 54 | N59: 5424 | O59: MRT | P59: 400 | Q59: 54 | R59: 54 | S59: 54 | T59: =0.7854*P59*S59*S59/1000000 -> 0.91609056 | V59: EX P ARI | X59: 8 | Y59: 10 | Z59: 400 | AA59: 50 | AB59: =X59*Y59*Z59*AA59/1000000 -> 1.6
M60: 55 | N60: 5416 | O60: MRT | P60: 400 | Q60: 55 | R60: 35 | S60: 55 | T60: =0.7854*P60*S60*S60/1000000 -> 0.950334 | V60: EX P ARI | X60: 8 | Y60: 8 | Z60: 400 | AA60: 3 | AB60: =X60*Y60*Z60*AA60/1000000 -> 0.0768
M61: 56 | N61: 5417 | O61: MRT | P61: 400 | Q61: 55 | R61: 55 | S61: 55 | T61: =0.7854*P61*S61*S61/1000000 -> 0.950334 | V61: EX P ARI | X61: 8 | Y61: 5 | Z61: 400 | AA61: 76 | AB61: =X61*Y61*Z61*AA61/1000000 -> 1.216 | AC61: =SUM(AA49:AA61) -> 324 | AD61: =SUM(AB49:AB61) -> 15.6544
M62: 57 | N62: 5430 | O62: MRT | P62: 400 | Q62: 55 | R62: 55 | S62: 55 | T62: =0.7854*P62*S62*S62/1000000 -> 0.950334 | V62: EX P ARI | X62: 7 | Y62: 30 | Z62: 400 | AA62: 1 | AB62: =X62*Y62*Z62*AA62/1000000 -> 0.084
M63: 58 | N63: 5418 | O63: MRT | P63: 400 | Q63: 45 | R63: 45 | S63: 45 | T63: =0.7854*P63*S63*S63/1000000 -> 0.636174 | V63: EX P IS | X63: 7 | Y63: 28 | Z63: 400 | AA63: 1 | AB63: =X63*Y63*Z63*AA63/1000000 -> 0.0784
M64: 59 | N64: 5400 | O64: MRT | P64: 400 | Q64: 54 | R64: 54 | S64: 54 | T64: =0.7854*P64*S64*S64/1000000 -> 0.91609056 | V64: EX P IS | X64: 7 | Y64: 25 | Z64: 400 | AA64: 4 | AB64: =X64*Y64*Z64*AA64/1000000 -> 0.28
M65: 60 | N65: 5415 | O65: MRT | P65: 400 | Q65: 58 | R65: 58 | S65: 58 | T65: =0.7854*P65*S65*S65/1000000 -> 1.0568342 | V65: EX P IS | X65: 7 | Y65: 23 | Z65: 400 | AA65: 3 | AB65: =X65*Y65*Z65*AA65/1000000 -> 0.1932
M66: 61 | N66: 5423 | O66: MRT | P66: 400 | Q66: 48 | R66: 48 | S66: 48 | T66: =0.7854*P66*S66*S66/1000000 -> 0.72382464 | V66: EX P IS | X66: 7 | Y66: 20 | Z66: 400 | AA66: 9 | AB66: =X66*Y66*Z66*AA66/1000000 -> 0.504
M67: 62 | N67: 5422 | O67: MRT | P67: 400 | Q67: 50 | R67: 50 | S67: 50 | T67: =0.7854*P67*S67*S67/1000000 -> 0.7854 | V67: EX P IS | X67: 7 | Y67: 18 | Z67: 400 | AA67: 3 | AB67: =X67*Y67*Z67*AA67/1000000 -> 0.1512
M68: 63 | N68: 5405 | O68: MRT | P68: 400 | Q68: 67 | R68: 67 | S68: 67 | T68: =0.7854*P68*S68*S68/1000000 -> 1.4102642 | V68: EX P IS | X68: 7 | Y68: 15 | Z68: 400 | AA68: 7 | AB68: =X68*Y68*Z68*AA68/1000000 -> 0.294
M69: 64 | N69: 5299 | O69: MRT | P69: 400 | Q69: 43 | R69: 43 | S69: 43 | T69: =0.7854*P69*S69*S69/1000000 -> 0.58088184 | V69: EX P IS | X69: 7 | Y69: 10 | Z69: 400 | AA69: 13 | AB69: =X69*Y69*Z69*AA69/1000000 -> 0.364 | AC69: =SUM(AA62:AA69) -> 41 | AD69: =SUM(AB62:AB69) -> 1.9488
M70: 65 | N70: 5300 | O70: MRT | P70: 400 | Q70: 43 | R70: 43 | S70: 43 | T70: =0.7854*P70*S70*S70/1000000 -> 0.58088184 | V70: EX P IS | X70: 5 | Y70: 20 | Z70: 400 | AA70: 2 | AB70: =X70*Y70*Z70*AA70/1000000 -> 0.08
M71: 66 | N71: 5342 | O71: MRT | P71: 400 | Q71: 52 | R71: 52 | S71: 52 | T71: =0.7854*P71*S71*S71/1000000 -> 0.84948864 | V71: EX P IS | X71: 5 | Y71: 18 | Z71: 400 | AA71: 1 | AB71: =X71*Y71*Z71*AA71/1000000 -> 0.036
M72: 67 | N72: 5310 | O72: MRT | P72: 400 | Q72: 47 | R72: 47 | S72: 47 | T72: =0.7854*P72*S72*S72/1000000 -> 0.69397944 | V72: EX P IS | X72: 5 | Y72: 15 | Z72: 500 | AA72: 3 | AB72: =X72*Y72*Z72*AA72/1000000 -> 0.1125
M73: 68 | N73: 5276 | O73: MRT | P73: 400 | Q73: 48 | R73: 48 | S73: 48 | T73: =0.7854*P73*S73*S73/1000000 -> 0.72382464 | V73: EX P IS | X73: 5 | Y73: 15 | Z73: 400 | AA73: 46 | AB73: =X73*Y73*Z73*AA73/1000000 -> 1.38
M74: 69 | N74: 5280 | O74: MRT | P74: 400 | Q74: 51 | R74: 51 | S74: 51 | T74: =0.7854*P74*S74*S74/1000000 -> 0.81713016 | V74: EX P IS | X74: 5 | Y74: 15 | Z74: 350 | AA74: 1 | AB74: =X74*Y74*Z74*AA74/1000000 -> 0.02625
M75: 70 | N75: 5277 | O75: MRT | P75: 400 | Q75: 52 | R75: 52 | S75: 52 | T75: =0.7854*P75*S75*S75/1000000 -> 0.84948864 | V75: EX P IS | X75: 5 | Y75: 13 | Z75: 400 | AA75: 7 | AB75: =X75*Y75*Z75*AA75/1000000 -> 0.182
M76: 71 | N76: 5332 | O76: MRT | P76: 400 | Q76: 53 | R76: 53 | S76: 53 | T76: =0.7854*P76*S76*S76/1000000 -> 0.88247544 | V76: EX P IS | X76: 5 | Y76: 10 | Z76: 400 | AA76: 132 | AB76: =X76*Y76*Z76*AA76/1000000 -> 2.64
M77: 72 | N77: 5390 | O77: MRT | P77: 400 | Q77: 57 | R77: 57 | S77: 57 | T77: =0.7854*P77*S77*S77/1000000 -> 1.0207058 | V77: EX P IS | X77: 5 | Y77: 10 | Z77: 300 | AA77: 10 | AB77: =X77*Y77*Z77*AA77/1000000 -> 0.15
M78: 73 | N78: 5368 | O78: MRT | P78: 400 | Q78: 62 | R78: 62 | S78: 62 | T78: =0.7854*P78*S78*S78/1000000 -> 1.207631 | V78: EX P IS | X78: 5 | Y78: 8 | Z78: 400 | AA78: 33 | AB78: =X78*Y78*Z78*AA78/1000000 -> 0.528
M79: 74 | N79: 5391 | O79: MRT | P79: 400 | Q79: 67 | R79: 67 | S79: 67 | T79: =0.7854*P79*S79*S79/1000000 -> 1.4102642 | V79: EX P IS | X79: 5 | Y79: 8 | Z79: 300 | AA79: 3 | AB79: =X79*Y79*Z79*AA79/1000000 -> 0.036 | AC79: =SUM(AA70:AA79) -> 238 | AD79: =SUM(AB70:AB79) -> 5.17075
M80: 75 | N80: 5363 | O80: MRT | P80: 400 | Q80: 52 | R80: 52 | S80: 52 | T80: =0.7854*P80*S80*S80/1000000 -> 0.84948864 | V80: EX P IS | X80: 5 | Y80: 7 | Z80: 400 | AA80: 1156 | AB80: =X80*Y80*Z80*AA80/1000000 -> 16.184
M81: 76 | N81: 5374 | O81: MRT | P81: 400 | Q81: 57 | R81: 57 | S81: 57 | T81: =0.7854*P81*S81*S81/1000000 -> 1.0207058 | V81: EX P IS | X81: 5 | Y81: 7 | Z81: 300 | AA81: 16 | AB81: =X81*Y81*Z81*AA81/1000000 -> 0.168 | AC81: =SUM(AA80:AA81) -> 1172 | AD81: =SUM(AB80:AB81) -> 16.352
M82: 77 | N82: 5373 | O82: MRT | P82: 400 | Q82: 58 | R82: 58 | S82: 58 | T82: =0.7854*P82*S82*S82/1000000 -> 1.0568342 | V82: EX P IS | X82: 4.7 | Y82: 7 | Z82: 300 | AA82: 5 | AB82: =X82*Y82*Z82*AA82/1000000 -> 0.04935 | AC82: =SUM(AA82) -> 5 | AD82: =SUM(AB82) -> 0.04935
M83: 78 | N83: 5348 | O83: MRT | P83: 400 | Q83: 61 | R83: 61 | S83: 61 | T83: =0.7854*P83*S83*S83/1000000 -> 1.1689894 | V83: EX P IS | X83: 4.5 | Y83: 25 | Z83: 400 | AA83: 3 | AB83: =X83*Y83*Z83*AA83/1000000 -> 0.135
M84: 79 | N84: 5346 | O84: MRT | P84: 400 | Q84: 55 | R84: 55 | S84: 55 | T84: =0.7854*P84*S84*S84/1000000 -> 0.950334 | V84: EX P IS | X84: 4.5 | Y84: 23 | Z84: 400 | AA84: 8 | AB84: =X84*Y84*Z84*AA84/1000000 -> 0.3312
M85: 80 | N85: 5306 | O85: MRT | P85: 400 | Q85: 54 | R85: 54 | S85: 54 | T85: =0.7854*P85*S85*S85/1000000 -> 0.91609056 | V85: EX P IS | X85: 4.5 | Y85: 20 | Z85: 400 | AA85: 35 | AB85: =X85*Y85*Z85*AA85/1000000 -> 1.26
M86: 81 | N86: 5354 | O86: MRT | P86: 400 | Q86: 55 | R86: 55 | S86: 55 | T86: =0.7854*P86*S86*S86/1000000 -> 0.950334 | V86: EX P IS | X86: 4.5 | Y86: 18 | Z86: 400 | AA86: 9 | AB86: =X86*Y86*Z86*AA86/1000000 -> 0.2916
M87: 82 | N87: 5298 | O87: MRT | P87: 400 | Q87: 51 | R87: 51 | S87: 51 | T87: =0.7854*P87*S87*S87/1000000 -> 0.81713016 | V87: EX P IS | X87: 4.5 | Y87: 15 | Z87: 400 | AA87: 71 | AB87: =X87*Y87*Z87*AA87/1000000 -> 1.917
M88: 83 | N88: 5371 | O88: MRT | P88: 400 | Q88: 70 | R88: 70 | S88: 70 | T88: =0.7854*P88*S88*S88/1000000 -> 1.539384 | V88: EX P IS | X88: 4.5 | Y88: 15 | Z88: 300 | AA88: 1 | AB88: =X88*Y88*Z88*AA88/1000000 -> 0.02025
M89: 84 | N89: 5353 | O89: MRT | P89: 400 | Q89: 75 | R89: 75 | S89: 75 | T89: =0.7854*P89*S89*S89/1000000 -> 1.76715 | V89: EX P IS | X89: 4.5 | Y89: 13 | Z89: 400 | AA89: 42 | AB89: =X89*Y89*Z89*AA89/1000000 -> 0.9828
M90: 85 | N90: 5369 | O90: MRT | P90: 400 | Q90: 60 | R90: 60 | S90: 60 | T90: =0.7854*P90*S90*S90/1000000 -> 1.130976 | V90: EX P IS | X90: 4.5 | Y90: 13 | Z90: 300 | AA90: 2 | AB90: =X90*Y90*Z90*AA90/1000000 -> 0.0351
M91: 86 | N91: 5370 | O91: MRT | P91: 400 | Q91: 54 | R91: 59 | S91: 56 | T91: =0.7854*P91*S91*S91/1000000 -> 0.98520576 | V91: EX P IS | X91: 4.5 | Y91: 10 | Z91: 400 | AA91: 426 | AB91: =X91*Y91*Z91*AA91/1000000 -> 7.668
M92: 87 | N92: 5330 | O92: MRT | P92: 400 | Q92: 52 | R92: 47 | S92: 49 | T92: =0.7854*P92*S92*S92/1000000 -> 0.75429816 | V92: EX P IS | X92: 4.5 | Y92: 10 | Z92: 350 | AA92: 3 | AB92: =X92*Y92*Z92*AA92/1000000 -> 0.04725
M93: 88 | N93: 5387 | O93: MRT | P93: 400 | Q93: 60 | R93: 54 | S93: 57 | T93: =0.7854*P93*S93*S93/1000000 -> 1.0207058 | V93: EX P IS | X93: 4.5 | Y93: 10 | Z93: 300 | AA93: 21 | AB93: =X93*Y93*Z93*AA93/1000000 -> 0.2835 | AC93: =SUM(AA83:AA93) -> 621 | AD93: =SUM(AB83:AB93) -> 12.9717
M94: 89 | N94: 5388 | O94: MRT | P94: 400 | Q94: 55 | R94: 49 | S94: 52 | T94: =0.7854*P94*S94*S94/1000000 -> 0.84948864 | V94: EX P IS | X94: 4.2 | Y94: 10 | Z94: 400 | AA94: 272 | AB94: =X94*Y94*Z94*AA94/1000000 -> 4.5696
M95: 90 | N95: 5329 | O95: MRT | P95: 400 | Q95: 54 | R95: 59 | S95: 56 | T95: =0.7854*P95*S95*S95/1000000 -> 0.98520576 | V95: EX P IS | X95: 4.2 | Y95: 10 | Z95: 300 | AA95: 10 | AB95: =X95*Y95*Z95*AA95/1000000 -> 0.126
M96: 91 | N96: 5285 | O96: MRT | P96: 400 | Q96: 48 | R96: 48 | S96: 48 | T96: =0.7854*P96*S96*S96/1000000 -> 0.72382464 | V96: EX P IS | X96: 4.2 | Y96: 10 | Z96: 200 | AA96: 3 | AB96: =X96*Y96*Z96*AA96/1000000 -> 0.0252
M97: 92 | N97: 5301 | O97: MRT | P97: 400 | Q97: 52 | R97: 52 | S97: 52 | T97: =0.7854*P97*S97*S97/1000000 -> 0.84948864 | V97: EX P IS | X97: 4.2 | Y97: 7 | Z97: 400 | AA97: 468 | AB97: =X97*Y97*Z97*AA97/1000000 -> 5.50368
M98: 93 | N98: 5312 | O98: MRT | P98: 400 | Q98: 47 | R98: 45 | S98: 46 | T98: =0.7854*P98*S98*S98/1000000 -> 0.66476256 | V98: EX P IS | X98: 4.2 | Y98: 7 | Z98: 300 | AA98: 15 | AB98: =X98*Y98*Z98*AA98/1000000 -> 0.1323
M99: 94 | N99: 5305 | O99: MRT | P99: 400 | Q99: 47 | R99: 47 | S99: 47 | T99: =0.7854*P99*S99*S99/1000000 -> 0.69397944 | V99: EX P IS | X99: 4.2 | Y99: 7 | Z99: 200 | AA99: 20 | AB99: =X99*Y99*Z99*AA99/1000000 -> 0.1176 | AC99: =SUM(AA94:AA99) -> 788 | AD99: =SUM(AB94:AB99) -> 10.47438
M100: 95 | N100: 5313 | O100: MRT | P100: 400 | Q100: 55 | R100: 57 | S100: 56 | T100: =0.7854*P100*S100*S100/1000000 -> 0.98520576 | V100: EX P IS | X100: 4 | Y100: 6 | Z100: 400 | AA100: 168 | AB100: =X100*Y100*Z100*AA100/1000000 -> 1.6128 | AC100: =SUM(AA100) -> 168 | AD100: =SUM(AB100) -> 1.6128
...

Sheet INPUT LOG
B1: INPUT LOG MERANTI | N1: INPUT LOG BENGKIRAI | X1: INPUT LOG BENGKIRAI
B4: TGL | C4: CODE | D4: JENIS | E4: VOLUME | K4: KET | N4: TGL | O4: CODE | P4: JENIS | Q4: VOLUME | U4: KET | X4: TGL | Y4: CODE | Z4: JENIS | AA4: VOLUME | AE4: KET
E5: PJG | F5: PKL | G5: UJUNG | H5: RT | I5: M3 | J5: JML | Q5: PJG | R5: RT | S5: M3 | T5: JML | AA5: PJG | AB5: RT | AC5: M3 | AD5: JML
B6: OUT | C6: 5357 | D6: MRT | E6: 400 | F6: 48 | G6: 48 | H6: 48 | I6: =0.7854*E6*H6*H6/1000000 -> 0.72382464 | K6: EX P ARI | N6: 46172 | O6: 5367 | P6: BKR | Q6: 400 | R6: 32 | S6: =0.7854*Q6*R6*R6/1000000 -> 0.32169984 | U6: EX P IS | X6: 46172 | Y6: 5367 | Z6: BKR | AA6: 400 | AB6: 32 | AC6: =0.7854*AA6*AB6*AB6/1000000 -> 0.32169984 | AE6: EX P IS
C7: 5746 | D7: MRT | E7: 400 | F7: 48 | G7: 48 | H7: 48 | I7: =0.7854*E7*H7*H7/1000000 -> 0.72382464 | K7: EX P BADI | N7: 46172 | O7: 5375 | P7: BKR | Q7: 400 | R7: 34 | S7: =0.7854*Q7*R7*R7/1000000 -> 0.36316896 | U7: EX P IS | X7: 46172 | Y7: 5375 | Z7: BKR | AA7: 400 | AB7: 34 | AC7: =0.7854*AA7*AB7*AB7/1000000 -> 0.36316896 | AE7: EX P IS
C8: 5766 | D8: MRT | E8: 400 | F8: 41 | G8: 41 | H8: 41 | I8: =0.7854*E8*H8*H8/1000000 -> 0.52810296 | K8: EX P BADI | N8: 46172 | O8: 5334 | P8: BKR | Q8: 400 | R8: 37 | S8: =0.7854*Q8*R8*R8/1000000 -> 0.43008504 | U8: EX P IS | X8: 46172 | Y8: 5334 | Z8: BKR | AA8: 400 | AB8: 37 | AC8: =0.7854*AA8*AB8*AB8/1000000 -> 0.43008504 | AE8: EX P IS
C9: 5750 | D9: MRT | E9: 400 | F9: 62 | G9: 62 | H9: 62 | I9: =0.7854*E9*H9*H9/1000000 -> 1.207631 | K9: EX P BADI | N9: 46172 | O9: 5378 | P9: BKR | Q9: 400 | R9: 37 | S9: =0.7854*Q9*R9*R9/1000000 -> 0.43008504 | U9: EX P IS | X9: 46172 | Y9: 5378 | Z9: BKR | AA9: 400 | AB9: 37 | AC9: =0.7854*AA9*AB9*AB9/1000000 -> 0.43008504 | AE9: EX P IS
C10: 5751 | D10: MRT | E10: 400 | F10: 45 | G10: 45 | H10: 45 | I10: =0.7854*E10*H10*H10/1000000 -> 0.636174 | K10: EX P BADI | N10: 46172 | O10: 5345 | P10: BKR | Q10: 400 | R10: 45 | S10: =0.7854*Q10*R10*R10/1000000 -> 0.636174 | U10: EX P IS | X10: 46172 | Y10: 5345 | Z10: BKR | AA10: 400 | AB10: 45 | AC10: =0.7854*AA10*AB10*AB10/1000000 -> 0.636174 | AE10: EX P IS
C11: 5743 | D11: MRT | E11: 400 | F11: 42 | G11: 42 | H11: 42 | I11: =0.7854*E11*H11*H11/1000000 -> 0.55417824 | J11: =SUM(I6:I11) -> 4.3737355 | K11: EX P BADI | N11: 46172 | O11: 5360 | P11: BKR | Q11: 300 | R11: 40 | S11: =0.7854*Q11*R11*R11/1000000 -> 0.376992 | U11: EX P IS | X11: 46172 | Y11: 5360 | Z11: BKR | AA11: 300 | AB11: 40 | AC11: =0.7854*AA11*AB11*AB11/1000000 -> 0.376992 | AE11: EX P IS
B12: 19/06 | C12: 5630 | D12: MRT | E12: 400 | F12: 40 | G12: 40 | H12: 40 | I12: =0.7854*E12*H12*H12/1000000 -> 0.502656 | K12: EX P AMG | N12: 46168 | O12: 5327 | P12: BKR | Q12: 400 | R12: 47 | S12: =0.7854*Q12*R12*R12/1000000 -> 0.69397944 | U12: EX P BADI | X12: 46168 | Y12: 5327 | Z12: BKR | AA12: 400 | AB12: 47 | AC12: =0.7854*AA12*AB12*AB12/1000000 -> 0.69397944 | AE12: EX P BADI
C13: 5800 | D13: MRT | E13: 400 | F13: 36 | G13: 36 | H13: 36 | I13: =0.7854*E13*H13*H13/1000000 -> 0.40715136 | K13: EX P BADI | N13: 46146 | O13: 5240 | P13: BKR | Q13: 400 | R13: 40 | S13: =0.7854*Q13*R13*R13/1000000 -> 0.502656 | U13: EX P APIN | X13: 46146 | Y13: 5240 | Z13: BKR | AA13: 400 | AB13: 40 | AC13: =0.7854*AA13*AB13*AB13/1000000 -> 0.502656 | AE13: EX P APIN
C14: 5694 | D14: MRT | E14: 400 | F14: 41 | G14: 41 | H14: 41 | I14: =0.7854*E14*H14*H14/1000000 -> 0.52810296 | K14: EX P BADI | O14: 5516 | P14: BKR | Q14: 400 | R14: 32 | S14: =0.7854*Q14*R14*R14/1000000 -> 0.32169984 | T14: =SUM(S6:S14) -> 4.0765402 | U14: EX P APIN | Y14: 5516 | Z14: BKR | AA14: 400 | AB14: 32 | AC14: =0.7854*AA14*AB14*AB14/1000000 -> 0.32169984 | AD14: =SUM(AC6:AC14) -> 4.0765402 | AE14: EX P APIN
C15: 5742 | D15: MRT | E15: 400 | F15: 37 | G15: 37 | H15: 37 | I15: =0.7854*E15*H15*H15/1000000 -> 0.43008504 | K15: EX P BADI | N15: 46173 | O15: 5349 | P15: BKR | Q15: 400 | R15: 53 | S15: =0.7854*Q15*R15*R15/1000000 -> 0.88247544 | X15: 46173 | Y15: 5349 | Z15: BKR | AA15: 400 | AB15: 53 | AC15: =0.7854*AA15*AB15*AB15/1000000 -> 0.88247544
B16: 21/06 | C16: 5582 | D16: MRT | E16: 400 | F16: 73 | G16: 73 | H16: 73 | I16: =0.7854*E16*H16*H16/1000000 -> 1.6741586 | K16: EX P IS | N16: 46173 | O16: 5379 | P16: BKR | Q16: 400 | R16: 52 | S16: =0.7854*Q16*R16*R16/1000000 -> 0.84948864 | X16: 46173 | Y16: 5379 | Z16: BKR | AA16: 400 | AB16: 52 | AC16: =0.7854*AA16*AB16*AB16/1000000 -> 0.84948864
C17: 6050 | D17: MRT | E17: 400 | F17: 54 | G17: 54 | H17: 54 | I17: =0.7854*E17*H17*H17/1000000 -> 0.91609056 | K17: EX P BADI | N17: 46173 | O17: 5350 | P17: BKR | Q17: 400 | R17: 51 | S17: =0.7854*Q17*R17*R17/1000000 -> 0.81713016 | X17: 46173 | Y17: 5350 | Z17: BKR | AA17: 400 | AB17: 51 | AC17: =0.7854*AA17*AB17*AB17/1000000 -> 0.81713016
C18: 6053 | D18: MRT | E18: 400 | F18: 47 | G18: 47 | H18: 47 | I18: =0.7854*E18*H18*H18/1000000 -> 0.69397944 | K18: EX P BADI | N18: 46173 | O18: 5377 | P18: BKR | Q18: 400 | R18: 54 | S18: =0.7854*Q18*R18*R18/1000000 -> 0.91609056 | X18: 46173 | Y18: 5377 | Z18: BKR | AA18: 400 | AB18: 54 | AC18: =0.7854*AA18*AB18*AB18/1000000 -> 0.91609056
C19: 5979 | D19: MRT | E19: 400 | F19: 50 | G19: 50 | H19: 50 | I19: =0.7854*E19*H19*H19/1000000 -> 0.7854 | K19: EX P BADI | N19: 46168 | O19: 5316 | P19: BKR | Q19: 400 | R19: 50 | S19: =0.7854*Q19*R19*R19/1000000 -> 0.7854 | X19: 46168 | Y19: 5316 | Z19: BKR | AA19: 400 | AB19: 50 | AC19: =0.7854*AA19*AB19*AB19/1000000 -> 0.7854
C20: 5954 | D20: MRT | E20: 400 | F20: 52 | G20: 52 | H20: 52 | I20: =0.7854*E20*H20*H20/1000000 -> 0.84948864 | K20: EX P BADI | N20: 46168 | O20: 5375 | P20: BKR | Q20: 400 | R20: 52 | S20: =0.7854*Q20*R20*R20/1000000 -> 0.84948864 | T20: =SUM(S15:S20) -> 5.1000734 | X20: 46168 | Y20: 5375 | Z20: BKR | AA20: 400 | AB20: 52 | AC20: =0.7854*AA20*AB20*AB20/1000000 -> 0.84948864 | AD20: =SUM(AC15:AC20) -> 5.1000734
C21: 5970 | D21: MRT | E21: 400 | F21: 56 | G21: 56 | H21: 56 | I21: =0.7854*E21*H21*H21/1000000 -> 0.98520576 | K21: EX P BADI | N21: LOG INV - 001 | S21: =SUM(S6:S20) -> 9.1766136 | T21: =SUM(T6:T20) -> 9.1766136 | X21: LOG INV - 001 | AC21: =SUM(AC6:AC20) -> 9.1766136 | AD21: =SUM(AD6:AD20) -> 9.1766136
C22: 5937 | D22: MRT | E22: 400 | F22: 43 | G22: 43 | H22: 43 | I22: =0.7854*E22*H22*H22/1000000 -> 0.58088184 | K22: EX P HR | N22: 46182 | O22: 1 | P22: BKR | Q22: 400 | R22: 55 | S22: =0.7854*Q22*R22*R22/1000000 -> 0.950334 | U22: EX P IS | X22: 46182 | Y22: 1 | Z22: BKR | AA22: 400 | AB22: 55 | AC22: =0.7854*AA22*AB22*AB22/1000000 -> 0.950334 | AE22: EX P IS
C23: 5957 | D23: MRT | E23: 400 | F23: 61 | G23: 61 | H23: 61 | I23: =0.7854*E23*H23*H23/1000000 -> 1.1689894 | J23: =SUM(I12:I23) -> 9.5221896 | K23: EX P BADI | O23: 2 | P23: BKR | Q23: 400 | R23: 62 | S23: =0.7854*Q23*R23*R23/1000000 -> 1.207631 | U23: EX P IS | Y23: 2 | Z23: BKR | AA23: 400 | AB23: 62 | AC23: =0.7854*AA23*AB23*AB23/1000000 -> 1.207631 | AE23: EX P IS
C24: 6067 | D24: MRT | E24: 400 | F24: 64 | G24: 64 | H24: 64 | I24: =0.7854*E24*H24*H24/1000000 -> 1.2867994 | K24: EX P BADI | O24: 3 | P24: BKR | Q24: 400 | R24: 58 | S24: =0.7854*Q24*R24*R24/1000000 -> 1.0568342 | U24: EX P IS | Y24: 3 | Z24: BKR | AA24: 400 | AB24: 58 | AC24: =0.7854*AA24*AB24*AB24/1000000 -> 1.0568342 | AE24: EX P IS
C25: 6195 | D25: MRT | E25: 400 | F25: 41 | G25: 41 | H25: 41 | I25: =0.7854*E25*H25*H25/1000000 -> 0.52810296 | K25: EX P IS | O25: 4 | P25: BKR | Q25: 400 | R25: 57 | S25: =0.7854*Q25*R25*R25/1000000 -> 1.0207058 | U25: EX P IS | Y25: 4 | Z25: BKR | AA25: 400 | AB25: 57 | AC25: =0.7854*AA25*AB25*AB25/1000000 -> 1.0207058 | AE25: EX P IS
C26: 6196 | D26: MRT | E26: 400 | F26: 42 | G26: 42 | H26: 42 | I26: =0.7854*E26*H26*H26/1000000 -> 0.55417824 | K26: EX P IS | O26: 5 | P26: BKR | Q26: 400 | R26: 68 | S26: =0.7854*Q26*R26*R26/1000000 -> 1.4526758 | U26: EX P IS | Y26: 5 | Z26: BKR | AA26: 400 | AB26: 68 | AC26: =0.7854*AA26*AB26*AB26/1000000 -> 1.4526758 | AE26: EX P IS
C27: 6159 | D27: MRT | E27: 400 | F27: 44 | G27: 44 | H27: 44 | I27: =0.7854*E27*H27*H27/1000000 -> 0.60821376 | K27: EX P IS | O27: 5498 | P27: BKR | Q27: 400 | R27: 50 | S27: =0.7854*Q27*R27*R27/1000000 -> 0.7854 | T27: =SUM(S22:S27) -> 6.473581 | U27: EX P BADI | Y27: 5498 | Z27: BKR | AA27: 400 | AB27: 50 | AC27: =0.7854*AA27*AB27*AB27/1000000 -> 0.7854 | AD27: =SUM(AC22:AC27) -> 6.473581 | AE27: EX P BADI
C28: 6164 | D28: MRT | E28: 400 | F28: 43 | G28: 43 | H28: 43 | I28: =0.7854*E28*H28*H28/1000000 -> 0.58088184 | K28: EX P IS | N28: 46182 | O28: 5393 | P28: BKR | Q28: 400 | R28: 49 | S28: =0.7854*Q28*R28*R28/1000000 -> 0.75429816 | U28: EX P RASOK | X28: 46182 | Y28: 5393 | Z28: BKR | AA28: 400 | AB28: 49 | AC28: =0.7854*AA28*AB28*AB28/1000000 -> 0.75429816 | AE28: EX P RASOK
C29: 6160 | D29: MRT | E29: 400 | F29: 30 | G29: 30 | H29: 30 | I29: =0.7854*E29*H29*H29/1000000 -> 0.282744 | J29: =SUM(I24:I29) -> 3.8409202 | K29: EX P IS | O29: 5399 | P29: BKR | Q29: 400 | R29: 44 | S29: =0.7854*Q29*R29*R29/1000000 -> 0.60821376 | U29: EX P RASOK | Y29: 5399 | Z29: BKR | AA29: 400 | AB29: 44 | AC29: =0.7854*AA29*AB29*AB29/1000000 -> 0.60821376 | AE29: EX P RASOK
I30: =SUM(I6:I29) -> 17.736845 | J30: =SUM(J29,J23,J11) -> 17.736845 | O30: 441 | P30: BKR | Q30: 400 | R30: 40 | S30: =0.7854*Q30*R30*R30/1000000 -> 0.502656 | U30: EX P RASOK | Y30: 441 | Z30: BKR | AA30: 400 | AB30: 40 | AC30: =0.7854*AA30*AB30*AB30/1000000 -> 0.502656 | AE30: EX P RASOK
A31: 1 | C31: 5372 | D31: MRT | E31: 400 | F31: 38 | G31: 38 | H31: 38 | I31: =0.7854*E31*H31*H31/1000000 -> 0.45364704 | K31: EX P ARI | N31: 46179 | O31: 5402 | P31: BKR | Q31: 400 | R31: 44 | S31: =0.7854*Q31*R31*R31/1000000 -> 0.60821376 | U31: EX P IS | X31: 46179 | Y31: 5402 | Z31: BKR | AA31: 400 | AB31: 44 | AC31: =0.7854*AA31*AB31*AB31/1000000 -> 0.60821376 | AE31: EX P IS
A32: 2 | C32: 5351 | D32: MRT | E32: 400 | F32: 37 | G32: 37 | H32: 37 | I32: =0.7854*E32*H32*H32/1000000 -> 0.43008504 | K32: EX P ARI | O32: 5433 | P32: BKR | Q32: 400 | R32: 38 | S32: =0.7854*Q32*R32*R32/1000000 -> 0.45364704 | U32: EX P BADI | Y32: 5433 | Z32: BKR | AA32: 400 | AB32: 38 | AC32: =0.7854*AA32*AB32*AB32/1000000 -> 0.45364704 | AE32: EX P BADI
A33: 3 | C33: 5366 | D33: MRT | E33: 400 | F33: 39 | G33: 39 | H33: 39 | I33: =0.7854*E33*H33*H33/1000000 -> 0.47783736 | K33: EX P ARI | O33: 5521 | P33: BKR | Q33: 400 | R33: 40 | S33: =0.7854*Q33*R33*R33/1000000 -> 0.502656 | T33: =SUM(S28:S33) -> 3.4296847 | U33: EX P BADI | Y33: 5521 | Z33: BKR | AA33: 400 | AB33: 40 | AC33: =0.7854*AA33*AB33*AB33/1000000 -> 0.502656 | AD33: =SUM(AC28:AC33) -> 3.4296847 | AE33: EX P BADI
A34: 4 | C34: 5355 | D34: MRT | E34: 400 | F34: 39 | G34: 39 | H34: 39 | I34: =0.7854*E34*H34*H34/1000000 -> 0.47783736 | K34: EX P ARI | N34: LOG INV - 002 | S34: =SUM(S22:S33) -> 9.9032657 | T34: =SUM(T22:T33) -> 9.9032657 | X34: LOG INV - 002 | AC34: =SUM(AC22:AC33) -> 9.9032657 | AD34: =SUM(AD22:AD33) -> 9.9032657
A35: 5 | C35: 5426 | D35: MRT | E35: 400 | F35: 35 | G35: 35 | H35: 35 | I35: =0.7854*E35*H35*H35/1000000 -> 0.384846 | K35: EX P ARI | N35: 46144 | O35: 5268 | P35: BKR | Q35: 400 | R35: 53 | S35: =0.7854*Q35*R35*R35/1000000 -> 0.88247544 | U35: EX P IS | X35: 46144 | Y35: 5268 | Z35: BKR | AA35: 400 | AB35: 53 | AC35: =0.7854*AA35*AB35*AB35/1000000 -> 0.88247544 | AE35: EX P IS
A36: 6 | C36: 5502 | D36: MRT | E36: 400 | F36: 30 | G36: 30 | H36: 30 | I36: =0.7854*E36*H36*H36/1000000 -> 0.282744 | K36: EX RM | N36: 46144 | O36: 5265 | P36: BKR | Q36: 400 | R36: 41 | S36: =0.7854*Q36*R36*R36/1000000 -> 0.52810296 | U36: EX P IS | X36: 46144 | Y36: 5265 | Z36: BKR | AA36: 400 | AB36: 41 | AC36: =0.7854*AA36*AB36*AB36/1000000 -> 0.52810296 | AE36: EX P IS
A37: 7 | C37: 5449 | D37: MRT | E37: 400 | F37: 35 | G37: 36 | H37: 35 | I37: =0.7854*E37*H37*H37/1000000 -> 0.384846 | K37: EX RM | N37: 46144 | O37: 5270 | P37: BKR | Q37: 400 | R37: 40 | S37: =0.7854*Q37*R37*R37/1000000 -> 0.502656 | U37: EX P IS | X37: 46144 | Y37: 5270 | Z37: BKR | AA37: 400 | AB37: 40 | AC37: =0.7854*AA37*AB37*AB37/1000000 -> 0.502656 | AE37: EX P IS
A38: 8 | C38: 5344 | D38: MRT | E38: 400 | F38: 37 | G38: 37 | H38: 37 | I38: =0.7854*E38*H38*H38/1000000 -> 0.43008504 | K38: EX P IS | N38: 46144 | O38: 5240 | P38: BKR | Q38: 400 | R38: 52 | S38: =0.7854*Q38*R38*R38/1000000 -> 0.84948864 | T38: =SUM(S35:S38) -> 2.762723 | U38: EX P IS | X38: 46144 | Y38: 5240 | Z38: BKR | AA38: 400 | AB38: 52 | AC38: =0.7854*AA38*AB38*AB38/1000000 -> 0.84948864 | AD38: =SUM(AC35:AC38) -> 2.762723 | AE38: EX P IS
A39: 9 | C39: 5317 | D39: MRT | E39: 400 | F39: 34 | G39: 42 | H39: 38 | I39: =0.7854*E39*H39*H39/1000000 -> 0.45364704 | K39: EX P BADI | N39: LOG INV - 003 | S39: =SUM(S35:S38) -> 2.762723 | T39: =SUM(T38) -> 2.762723 | X39: LOG INV - 003 | AC39: =SUM(AC35:AC38) -> 2.762723 | AD39: =SUM(AD38) -> 2.762723
A40: 10 | C40: 5322 | D40: MRT | E40: 300 | F40: 30 | G40: 30 | H40: 30 | I40: =0.7854*E40*H40*H40/1000000 -> 0.212058 | K40: EX P BADI | S40: =SUM(S39,S34,S21) -> 21.842602 | T40: =SUM(T39,T34,T21) -> 21.842602 | AC40: =SUM(AC39,AC34,AC21) -> 21.842602 | AD40: =SUM(AD39,AD34,AD21) -> 21.842602
A41: 11 | C41: 354 | D41: MRT | E41: 400 | F41: 39 | G41: 38 | H41: 38 | I41: =0.7854*E41*H41*H41/1000000 -> 0.45364704 | J41: =SUM(I31:I41) -> 4.4412799 | K41: EX BJB
A42: 12 | B42: 46168 | C42: 5320 | D42: MRT | E42: 400 | F42: 51 | G42: 55 | H42: 53 | I42: =0.7854*E42*H42*H42/1000000 -> 0.88247544 | K42: EX P BADI | N42: INPUT LOG BENGKIRAI | X42: INPUT LOG BENGKIRAI
A43: 13 | C43: 5302 | D43: MRT | E43: 400 | F43: 55 | G43: 57 | H43: 56 | I43: =0.7854*E43*H43*H43/1000000 -> 0.98520576 | K43: EX P BADI
A44: 14 | C44: 5359 | D44: MRT | E44: 400 | F44: 40 | G44: 40 | H44: 40 | I44: =0.7854*E44*H44*H44/1000000 -> 0.502656 | K44: EX P ARI
A45: 15 | C45: 5296 | D45: MRT | E45: 400 | F45: 41 | G45: 41 | H45: 41 | I45: =0.7854*E45*H45*H45/1000000 -> 0.52810296 | K45: EX P ARI | N45: TGL | O45: CODE | P45: JENIS | Q45: VOLUME | U45: KET | X45: TGL | Y45: CODE | Z45: JENIS | AA45: VOLUME | AE45: KET
A46: 16 | C46: 5318 | D46: MRT | E46: 400 | F46: 63 | G46: 63 | H46: 63 | I46: =0.7854*E46*H46*H46/1000000 -> 1.246901 | K46: EX P ARI | Q46: PJG | R46: RT | S46: M3 | T46: JML | AA46: PJG | AB46: RT | AC46: M3 | AD46: JML
A47: 17 | C47: 5328 | D47: MRT | E47: 400 | F47: 57 | G47: 57 | H47: 57 | I47: =0.7854*E47*H47*H47/1000000 -> 1.0207058 | K47: EX P ARI | N47: 27/07 | O47: 6475 | P47: BKR | Q47: 400 | R47: 20 | S47: =0.7854*Q47*R47*R47/1000000 -> 0.125664 | U47: EX P IS | V47: 0UT | X47: 26/07 | Y47: 6454 | Z47: BKR | AA47: 400 | AB47: 43 | AC47: =0.7854*AA47*AB47*AB47/1000000 -> 0.58088184 | AE47: EX P UNAN
A48: 18 | C48: 5386 | D48: MRT | E48: 400 | F48: 49 | G48: 49 | H48: 49 | I48: =0.7854*E48*H48*H48/1000000 -> 0.75429816 | K48: EX P ARI | O48: 6421 | P48: BKR | Q48: 400 | R48: 30 | S48: =0.7854*Q48*R48*R48/1000000 -> 0.282744 | T48: =SUM(S47:S48) -> 0.408408 | U48: EX P UNAN | V48: 0UT | Y48: 6335 | Z48: BKR | AA48: 400 | AB48: 62 | AC48: =0.7854*AA48*AB48*AB48/1000000 -> 1.207631 | AE48: EX P UNAN
A49: 19 | C49: 5389 | D49: MRT | E49: 400 | F49: 48 | G49: 48 | H49: 48 | I49: =0.7854*E49*H49*H49/1000000 -> 0.72382464 | K49: EX P ARI | N49: 26/07 | O49: 6454 | P49: BKR | Q49: 400 | R49: 43 | S49: =0.7854*Q49*R49*R49/1000000 -> 0.58088184 | U49: EX P UNAN | Y49: 6348 | Z49: BKR | AA49: 400 | AB49: 51 | AC49: =0.7854*AA49*AB49*AB49/1000000 -> 0.81713016 | AD49: =SUM(AC47:AC49) -> 2.605643 | AE49: EX P UNAN
A50: 20 | C50: 5323 | D50: MRT | E50: 400 | F50: 46 | G50: 46 | H50: 46 | I50: =0.7854*E50*H50*H50/1000000 -> 0.66476256 | K50: EX P ARI | O50: 6335 | P50: BKR | Q50: 400 | R50: 62 | S50: =0.7854*Q50*R50*R50/1000000 -> 1.207631 | U50: EX P UNAN | Y50: 6451 | Z50: BKR | AA50: 400 | AB50: 61 | AC50: =0.7854*AA50*AB50*AB50/1000000 -> 1.1689894 | AD50: =SUM(AC50) -> 1.1689894 | AE50: EX P UNAN
A51: 21 | C51: 5273 | D51: MRT | E51: 400 | F51: 43 | G51: 43 | H51: 43 | I51: =0.7854*E51*H51*H51/1000000 -> 0.58088184 | K51: EX P ARI | O51: 6348 | P51: BKR | Q51: 400 | R51: 51 | S51: =0.7854*Q51*R51*R51/1000000 -> 0.81713016 | T51: =SUM(S49:S51) -> 2.605643 | U51: EX P UNAN | X51: 26/07 | Y51: 6309 | Z51: BKR | AA51: 400 | AB51: 52 | AC51: =0.7854*AA51*AB51*AB51/1000000 -> 0.84948864 | AE51: EX P BADI
A52: 22 | C52: 5326 | D52: MRT | E52: 400 | F52: 64 | G52: 64 | H52: 64 | I52: =0.7854*E52*H52*H52/1000000 -> 1.2867994 | K52: EX P ARI | O52: 6451 | P52: BKR | Q52: 400 | R52: 45 | S52: =0.7854*Q52*R52*R52/1000000 -> 0.636174 | T52: =SUM(S52) -> 0.636174 | U52: EX P UNAN | V52: UBAH DM DR 61 KE 45 | Y52: 6353 | Z52: BKR | AA52: 400 | AB52: 52 | AC52: =0.7854*AA52*AB52*AB52/1000000 -> 0.84948864 | AE52: EX P BADI
A53: 23 | C53: 5392 | D53: MRT | E53: 400 | F53: 66 | G53: 66 | H53: 66 | I53: =0.7854*E53*H53*H53/1000000 -> 1.368481 | K53: EX P ARI | N53: 26/07 | O53: 6309 | P53: BKR | Q53: 400 | R53: 52 | S53: =0.7854*Q53*R53*R53/1000000 -> 0.84948864 | U53: EX P BADI | Y53: 6423 | Z53: BKR | AA53: 400 | AB53: 49 | AC53: =0.7854*AA53*AB53*AB53/1000000 -> 0.75429816 | AE53: EX P BADI
A54: 24 | C54: 5385 | D54: MRT | E54: 400 | F54: 69 | G54: 69 | H54: 69 | I54: =0.7854*E54*H54*H54/1000000 -> 1.4957158 | K54: EX P ARI | O54: 6353 | P54: BKR | Q54: 400 | R54: 52 | S54: =0.7854*Q54*R54*R54/1000000 -> 0.84948864 | U54: EX P BADI | Y54: 6427 | Z54: BKR | AA54: 400 | AB54: 30 | AC54: =0.7854*AA54*AB54*AB54/1000000 -> 0.282744 | AE54: EX P BADI
A55: 25 | C55: 5343 | D55: MRT | E55: 400 | F55: 68 | G55: 68 | H55: 68 | I55: =0.7854*E55*H55*H55/1000000 -> 1.4526758 | K55: EX P ARI | O55: 6423 | P55: BKR | Q55: 400 | R55: 49 | S55: =0.7854*Q55*R55*R55/1000000 -> 0.75429816 | U55: EX P BADI | Y55: 6337 | Z55: BKR | AA55: 400 | AB55: 44 | AC55: =0.7854*AA55*AB55*AB55/1000000 -> 0.60821376 | AE55: EX P BADI
A56: 26 | C56: 5381 | D56: MRT | E56: 400 | F56: 75 | G56: 75 | H56: 75 | I56: =0.7854*E56*H56*H56/1000000 -> 1.76715 | K56: EX P ARI | O56: 6427 | P56: BKR | Q56: 400 | R56: 30 | S56: =0.7854*Q56*R56*R56/1000000 -> 0.282744 | U56: EX P BADI | Y56: 6311 | Z56: BKR | AA56: 400 | AB56: 40 | AC56: =0.7854*AA56*AB56*AB56/1000000 -> 0.502656 | AE56: EX P BADI
A57: 27 | C57: 5382 | D57: MRT | E57: 400 | F57: 66 | G57: 66 | H57: 66 | I57: =0.7854*E57*H57*H57/1000000 -> 1.368481 | K57: EX P ARI | O57: 6337 | P57: BKR | Q57: 400 | R57: 44 | S57: =0.7854*Q57*R57*R57/1000000 -> 0.60821376 | U57: EX P BADI | Y57: 6300 | Z57: BKR | AA57: 400 | AB57: 46 | AC57: =0.7854*AA57*AB57*AB57/1000000 -> 0.66476256 | AE57: EX P BADI
A58: 28 | C58: 5365 | D58: MRT | E58: 400 | F58: 60 | G58: 60 | H58: 60 | I58: =0.7854*E58*H58*H58/1000000 -> 1.130976 | K58: EX P ARI | O58: 6311 | P58: BKR | Q58: 400 | R58: 40 | S58: =0.7854*Q58*R58*R58/1000000 -> 0.502656 | U58: EX P BADI | Y58: 6438 | Z58: BKR | AA58: 400 | AB58: 30 | AC58: =0.7854*AA58*AB58*AB58/1000000 -> 0.282744 | AD58: =SUM(AC51:AC58) -> 4.7943958 | AE58: EX P BADI
A59: 29 | C59: 5321 | D59: MRT | E59: 400 | F59: 58 | G59: 58 | H59: 58 | I59: =0.7854*E59*H59*H59/1000000 -> 1.0568342 | K59: EX P ARI | O59: 6300 | P59: BKR | Q59: 400 | R59: 46 | S59: =0.7854*Q59*R59*R59/1000000 -> 0.66476256 | U59: EX P BADI | X59: 27/07 | Y59: 6475 | Z59: BKR | AA59: 400 | AB59: 20 | AC59: =0.7854*AA59*AB59*AB59/1000000 -> 0.125664 | AE59: EX P IS
A60: 30 | C60: 5245 | D60: MRT | E60: 400 | F60: 66 | G60: 66 | H60: 66 | I60: =0.7854*E60*H60*H60/1000000 -> 1.368481 | J60: =SUM(I42:I60) -> 20.185408 | K60: EX P ARI | O60: 6438 | P60: BKR | Q60: 400 | R60: 30 | S60: =0.7854*Q60*R60*R60/1000000 -> 0.282744 | T60: =SUM(S53:S60) -> 4.7943958 | U60: EX P BADI | Y60: 6474 | Z60: BKR | AA60: 400 | AB60: 55 | AC60: =0.7854*AA60*AB60*AB60/1000000 -> 0.950334 | AE60: EX P IS
A61: 31 | C61: 5358 | D61: MRT | E61: 400 | F61: 65 | G61: 65 | H61: 65 | I61: =0.7854*E61*H61*H61/1000000 -> 1.327326 | K61: EX P ARI | O61: 6474 | P61: BKR | Q61: 400 | R61: 55 | S61: =0.7854*Q61*R61*R61/1000000 -> 0.950334 | U61: EX P IS | Y61: 6477 | Z61: BKR | AA61: 400 | AB61: 61 | AC61: =0.7854*AA61*AB61*AB61/1000000 -> 1.1689894 | AE61: EX P IS
A62: 32 | C62: 5356 | D62: MRT | E62: 400 | F62: 49 | G62: 49 | H62: 49 | I62: =0.7854*E62*H62*H62/1000000 -> 0.75429816 | K62: EX P ARI | O62: 6477 | P62: BKR | Q62: 400 | R62: 61 | S62: =0.7854*Q62*R62*R62/1000000 -> 1.1689894 | U62: EX P IS | Y62: 6478 | Z62: BKR | AA62: 400 | AB62: 52 | AC62: =0.7854*AA62*AB62*AB62/1000000 -> 0.84948864 | AE62: EX P IS
A63: 33 | C63: 5347 | D63: MRT | E63: 400 | F63: 45 | G63: 45 | H63: 45 | I63: =0.7854*E63*H63*H63/1000000 -> 0.636174 | K63: EX P ARI | O63: 6478 | P63: BKR | Q63: 400 | R63: 52 | S63: =0.7854*Q63*R63*R63/1000000 -> 0.84948864 | U63: EX P IS | Y63: 6507 | Z63: BKR | AA63: 400 | AB63: 55 | AC63: =0.7854*AA63*AB63*AB63/1000000 -> 0.950334 | AD63: =SUM(AC59:AC63) -> 4.04481 | AE63: EX P IS
A64: 34 | C64: 5341 | D64: MRT | E64: 400 | F64: 55 | G64: 55 | H64: 55 | I64: =0.7854*E64*H64*H64/1000000 -> 0.950334 | K64: EX P ARI | O64: 6507 | P64: BKR | Q64: 400 | R64: 50 | S64: =0.7854*Q64*R64*R64/1000000 -> 0.7854 | T64: =SUM(S61:S64) -> 3.754212 | U64: EX P IS | V64: UBAH DM DR 55 KE 50 | X64: 27/07 | Y64: 6472 | Z64: BKR | AA64: 400 | AB64: 60 | AC64: =0.7854*AA64*AB64*AB64/1000000 -> 1.130976 | AE64: EX P IS
A65: 35 | C65: 5336 | D65: MRT | E65: 400 | F65: 55 | G65: 55 | H65: 55 | I65: =0.7854*E65*H65*H65/1000000 -> 0.950334 | K65: EX P ARI | N65: 27/07 | O65: 6472 | P65: BKR | Q65: 400 | R65: 60 | S65: =0.7854*Q65*R65*R65/1000000 -> 1.130976 | U65: EX P IS | Y65: 6466 | Z65: BKR | AA65: 400 | AB65: 31 | AC65: =0.7854*AA65*AB65*AB65/1000000 -> 0.30190776 | AE65: EX P IS
A66: 36 | C66: 5383 | D66: MRT | E66: 400 | F66: 52 | G66: 52 | H66: 52 | I66: =0.7854*E66*H66*H66/1000000 -> 0.84948864 | K66: EX P ARI | O66: 6466 | P66: BKR | Q66: 400 | R66: 31 | S66: =0.7854*Q66*R66*R66/1000000 -> 0.30190776 | U66: EX P IS | Y66: 6479 | Z66: BKR | AA66: 400 | AB66: 60 | AC66: =0.7854*AA66*AB66*AB66/1000000 -> 1.130976 | AE66: EX P IS
A67: 37 | C67: 5361 | D67: MRT | E67: 400 | F67: 55 | G67: 55 | H67: 55 | I67: =0.7854*E67*H67*H67/1000000 -> 0.950334 | K67: EX P ARI | O67: 6479 | P67: BKR | Q67: 400 | R67: 60 | S67: =0.7854*Q67*R67*R67/1000000 -> 1.130976 | U67: EX P IS | Y67: 6493 | Z67: BKR | AA67: 400 | AB67: 27 | AC67: =0.7854*AA67*AB67*AB67/1000000 -> 0.22902264 | AE67: EX P IS
A68: 38 | C68: 5364 | D68: MRT | E68: 400 | F68: 48 | G68: 48 | H68: 48 | I68: =0.7854*E68*H68*H68/1000000 -> 0.72382464 | K68: EX P ARI | O68: 6493 | P68: BKR | Q68: 400 | R68: 27 | S68: =0.7854*Q68*R68*R68/1000000 -> 0.22902264 | U68: EX P IS | Y68: 6481 | Z68: BKR | AA68: 400 | AB68: 34 | AC68: =0.7854*AA68*AB68*AB68/1000000 -> 0.36316896 | AE68: EX P IS
A69: 39 | C69: 5376 | D69: MRT | E69: 400 | F69: 70 | G69: 70 | H69: 70 | I69: =0.7854*E69*H69*H69/1000000 -> 1.539384 | K69: EX P ARI | O69: 6481 | P69: BKR | Q69: 400 | R69: 34 | S69: =0.7854*Q69*R69*R69/1000000 -> 0.36316896 | U69: EX P IS | Y69: 6489 | Z69: BKR | AA69: 400 | AB69: 34 | AC69: =0.7854*AA69*AB69*AB69/1000000 -> 0.36316896 | AD69: =SUM(AC64:AC69) -> 3.5192203 | AE69: EX P IS
A70: 40 | C70: 5339 | D70: MRT | E70: 400 | F70: 57 | G70: 57 | H70: 57 | I70: =0.7854*E70*H70*H70/1000000 -> 1.0207058 | J70: =SUM(I61:I70) -> 9.7022033 | K70: EX P ARI | O70: 6489 | P70: BKR | Q70: 400 | R70: 34 | S70: =0.7854*Q70*R70*R70/1000000 -> 0.36316896 | T70: =SUM(S65:S70) -> 3.5192203 | U70: EX P IS | X70: 27/07 | Y70: 6496 | Z70: BKR | AA70: 400 | AB70: 57 | AC70: =0.7854*AA70*AB70*AB70/1000000 -> 1.0207058 | AE70: EX P UNAN
A71: 41 | C71: 5295 | D71: MRT | E71: 400 | F71: 55 | G71: 55 | H71: 55 | I71: =0.7854*E71*H71*H71/1000000 -> 0.950334 | K71: EX P ARI | N71: 27/07 | O71: 6496 | P71: BKR | Q71: 400 | R71: 57 | S71: =0.7854*Q71*R71*R71/1000000 -> 1.0207058 | U71: EX P UNAN | Y71: 6400 | Z71: BKR | AA71: 400 | AB71: 30 | AC71: =0.7854*AA71*AB71*AB71/1000000 -> 0.282744 | AD71: =SUM(AC70:AC71) -> 1.3034498 | AE71: EX P UNAN
A72: 42 | C72: 5352 | D72: MRT | E72: 400 | F72: 62 | G72: 62 | H72: 62 | I72: =0.7854*E72*H72*H72/1000000 -> 1.207631 | K72: EX P ARI | O72: 6400 | P72: BKR | Q72: 400 | R72: 30 | S72: =0.7854*Q72*R72*R72/1000000 -> 0.282744 | T72: =SUM(S71:S72) -> 1.3034498 | U72: EX P UNAN | X72: 28/07 | Y72: 6531 | Z72: BKR | AA72: 400 | AB72: 60 | AC72: =0.7854*AA72*AB72*AB72/1000000 -> 1.130976 | AE72: EX P UNAN
A73: 43 | C73: 5307 | D73: MRT | E73: 400 | F73: 80 | G73: 80 | H73: 80 | I73: =0.7854*E73*H73*H73/1000000 -> 2.010624 | K73: EX P ARI | N73: 28/07 | O73: 6531 | P73: BKR | Q73: 400 | R73: 48 | S73: =0.7854*Q73*R73*R73/1000000 -> 0.72382464 | U73: EX P UNAN | V73: UBAH DM DR 60 KE 48 | Y73: 6516 | Z73: BKR | AA73: 400 | AB73: 51 | AC73: =0.7854*AA73*AB73*AB73/1000000 -> 0.81713016 | AD73: =SUM(AC72:AC73) -> 1.9481062 | AE73: EX P UNAN
A74: 44 | C74: 5380 | D74: MRT | E74: 400 | F74: 54 | G74: 54 | H74: 54 | I74: =0.7854*E74*H74*H74/1000000 -> 0.91609056 | K74: EX P ARI | O74: 6516 | P74: BKR | Q74: 400 | R74: 41 | S74: =0.7854*Q74*R74*R74/1000000 -> 0.52810296 | T74: =SUM(S73:S74) -> 1.2519276 | U74: EX P UNAN | V74: UBAH DM DR 51 KE 41 | X74: 29/07 | Y74: 6270 | Z74: BKR | AA74: 400 | AB74: 67 | AC74: =0.7854*AA74*AB74*AB74/1000000 -> 1.4102642 | AE74: EX P IS
A75: 45 | C75: 5235 | D75: MRT | E75: 400 | F75: 52 | G75: 52 | H75: 52 | I75: =0.7854*E75*H75*H75/1000000 -> 0.84948864 | K75: EX P ARI | N75: 29/07 | O75: 6270 | P75: BKR | Q75: 400 | R75: 67 | S75: =0.7854*Q75*R75*R75/1000000 -> 1.4102642 | U75: EX P IS | Y75: 6292 | Z75: BKR | AA75: 400 | AB75: 63 | AC75: =0.7854*AA75*AB75*AB75/1000000 -> 1.246901 | AE75: EX P IS
A76: 46 | C76: 5319 | D76: MRT | E76: 400 | F76: 50 | G76: 50 | H76: 50 | I76: =0.7854*E76*H76*H76/1000000 -> 0.7854 | K76: EX P ARI | O76: 6292 | P76: BKR | Q76: 400 | R76: 63 | S76: =0.7854*Q76*R76*R76/1000000 -> 1.246901 | U76: EX P IS | Y76: 6017 | Z76: BKR | AA76: 400 | AB76: 60 | AC76: =0.7854*AA76*AB76*AB76/1000000 -> 1.130976 | AE76: EX P IS
A77: 47 | C77: 5325 | D77: MRT | E77: 400 | F77: 57 | G77: 57 | H77: 57 | I77: =0.7854*E77*H77*H77/1000000 -> 1.0207058 | K77: EX P ARI | O77: 6017 | P77: BKR | Q77: 400 | R77: 60 | S77: =0.7854*Q77*R77*R77/1000000 -> 1.130976 | U77: EX P IS | Y77: 6288 | Z77: BKR | AA77: 400 | AB77: 44 | AC77: =0.7854*AA77*AB77*AB77/1000000 -> 0.60821376 | AE77: EX P IS
A78: 48 | C78: 5282 | D78: MRT | E78: 400 | F78: 60 | G78: 60 | H78: 60 | I78: =0.7854*E78*H78*H78/1000000 -> 1.130976 | K78: EX P ARI | O78: 6288 | P78: BKR | Q78: 400 | R78: 44 | S78: =0.7854*Q78*R78*R78/1000000 -> 0.60821376 | U78: EX P IS | Y78: 6280 | Z78: BKR | AA78: 400 | AB78: 56 | AC78: =0.7854*AA78*AB78*AB78/1000000 -> 0.98520576 | AD78: =SUM(AC74:AC78) -> 5.3815608 | AE78: EX P IS
A79: 49 | C79: 5271 | D79: MRT | E79: 400 | F79: 56 | G79: 56 | H79: 56 | I79: =0.7854*E79*H79*H79/1000000 -> 0.98520576 | K79: EX P ARI | O79: 6280 | P79: BKR | Q79: 400 | R79: 56 | S79: =0.7854*Q79*R79*R79/1000000 -> 0.98520576 | T79: =SUM(S75:S79) -> 5.3815608 | U79: EX P IS | X79: 29/07 | Y79: 6287 | Z79: BKR | AA79: 400 | AB79: 61 | AC79: =0.7854*AA79*AB79*AB79/1000000 -> 1.1689894 | AE79: EX P IS
A80: 50 | C80: 5286 | D80: MRT | E80: 400 | F80: 57 | G80: 57 | H80: 57 | I80: =0.7854*E80*H80*H80/1000000 -> 1.0207058 | J80: =SUM(I71:I80) -> 10.877162 | K80: EX P ARI | N80: 29/07 | O80: 6287 | P80: BKR | Q80: 400 | R80: 61 | S80: =0.7854*Q80*R80*R80/1000000 -> 1.1689894 | U80: EX P IS | Y80: 6293 | Z80: BKR | AA80: 400 | AB80: 58 | AC80: =0.7854*AA80*AB80*AB80/1000000 -> 1.0568342 | AE80: EX P IS
A81: 51 | C81: 5309 | D81: MRT | E81: 400 | F81: 49 | G81: 49 | H81: 49 | I81: =0.7854*E81*H81*H81/1000000 -> 0.75429816 | K81: EX P ARI | O81: 6293 | P81: BKR | Q81: 400 | R81: 58 | S81: =0.7854*Q81*R81*R81/1000000 -> 1.0568342 | U81: EX P IS | Y81: 6268 | Z81: BKR | AA81: 400 | AB81: 55 | AC81: =0.7854*AA81*AB81*AB81/1000000 -> 0.950334 | AE81: EX P IS
A82: 52 | C82: 5304 | D82: MRT | E82: 400 | F82: 63 | G82: 63 | H82: 63 | I82: =0.7854*E82*H82*H82/1000000 -> 1.246901 | K82: EX P ARI | O82: 6268 | P82: BKR | Q82: 400 | R82: 55 | S82: =0.7854*Q82*R82*R82/1000000 -> 0.950334 | U82: EX P IS | Y82: 6262 | Z82: BKR | AA82: 400 | AB82: 58 | AC82: =0.7854*AA82*AB82*AB82/1000000 -> 1.0568342 | AD82: =SUM(AC79:AC82) -> 4.2329918 | AE82: EX P IS
A83: 53 | C83: 5406 | D83: MRT | E83: 400 | F83: 45 | G83: 45 | H83: 45 | I83: =0.7854*E83*H83*H83/1000000 -> 0.636174 | K83: EX P ARI | O83: 6262 | P83: BKR | Q83: 400 | R83: 58 | S83: =0.7854*Q83*R83*R83/1000000 -> 1.0568342 | T83: =SUM(S80:S83) -> 4.2329918 | U83: EX P IS | X83: 29/07 | Y83: 6185 | Z83: BKR | AA83: 400 | AB83: 58 | AC83: =0.7854*AA83*AB83*AB83/1000000 -> 1.0568342 | AD83: =SUM(AC83) -> 1.0568342 | AE83: EX P IS
A84: 54 | C84: 5424 | D84: MRT | E84: 400 | F84: 54 | G84: 54 | H84: 54 | I84: =0.7854*E84*H84*H84/1000000 -> 0.91609056 | K84: EX P ARI | N84: 29/07 | O84: 6333 | P84: BKR | Q84: 400 | R84: 53 | S84: =0.7854*Q84*R84*R84/1000000 -> 0.88247544 | U84: EX P BADI | Y84: 6333 | Z84: BKR | AA84: 400 | AB84: 53 | AC84: =0.7854*AA84*AB84*AB84/1000000 -> 0.88247544 | AE84: EX P BADI
A85: 55 | C85: 5416 | D85: MRT | E85: 400 | F85: 55 | G85: 35 | H85: 55 | I85: =0.7854*E85*H85*H85/1000000 -> 0.950334 | K85: EX P ARI | O85: 6185 | P85: BKR | Q85: 400 | R85: 58 | S85: =0.7854*Q85*R85*R85/1000000 -> 1.0568342 | T85: =SUM(S84:S85) -> 1.9393097 | U85: EX P IS | Y85: 6434 | Z85: BKR | AA85: 400 | AB85: 45 | AC85: =0.7854*AA85*AB85*AB85/1000000 -> 0.636174 | AE85: EX P BADI
A86: 56 | C86: 5417 | D86: MRT | E86: 400 | F86: 55 | G86: 55 | H86: 55 | I86: =0.7854*E86*H86*H86/1000000 -> 0.950334 | K86: EX P ARI | O86: 6434 | P86: BKR | Q86: 400 | R86: 45 | S86: =0.7854*Q86*R86*R86/1000000 -> 0.636174 | U86: EX P BADI | Y86: 6340 | Z86: BKR | AA86: 400 | AB86: 49 | AC86: =0.7854*AA86*AB86*AB86/1000000 -> 0.75429816 | AD86: =SUM(AC84:AC86) -> 2.2729476 | AE86: EX P BADI
A87: 57 | C87: 5430 | D87: MRT | E87: 400 | F87: 55 | G87: 55 | H87: 55 | I87: =0.7854*E87*H87*H87/1000000 -> 0.950334 | K87: EX P ARI | O87: 6340 | P87: BKR | Q87: 400 | R87: 49 | S87: =0.7854*Q87*R87*R87/1000000 -> 0.75429816 | T87: =SUM(S86:S87) -> 1.3904722 | U87: EX P BADI | Y87: 6456 | Z87: BKR | AA87: 400 | AB87: 40 | AC87: =0.7854*AA87*AB87*AB87/1000000 -> 0.502656 | AE87: EX P IWAN
A88: 58 | C88: 5418 | D88: MRT | E88: 400 | F88: 45 | G88: 45 | H88: 45 | I88: =0.7854*E88*H88*H88/1000000 -> 0.636174 | K88: EX P IS | O88: 6456 | P88: BKR | Q88: 400 | R88: 40 | S88: =0.7854*Q88*R88*R88/1000000 -> 0.502656 | U88: EX P IWAN | Y88: 6367 | Z88: BKR | AA88: 400 | AB88: 36 | AC88: =0.7854*AA88*AB88*AB88/1000000 -> 0.40715136 | AE88: EX P IWAN
A89: 59 | C89: 5400 | D89: MRT | E89: 400 | F89: 54 | G89: 54 | H89: 54 | I89: =0.7854*E89*H89*H89/1000000 -> 0.91609056 | K89: EX P IS | O89: 6367 | P89: BKR | Q89: 400 | R89: 36 | S89: =0.7854*Q89*R89*R89/1000000 -> 0.40715136 | U89: EX P IWAN | Y89: 6444 | Z89: BKR | AA89: 400 | AB89: 34 | AC89: =0.7854*AA89*AB89*AB89/1000000 -> 0.36316896 | AE89: EX P IWAN
A90: 60 | C90: 5415 | D90: MRT | E90: 400 | F90: 58 | G90: 58 | H90: 58 | I90: =0.7854*E90*H90*H90/1000000 -> 1.0568342 | J90: =SUM(I81:I90) -> 9.0135646 | K90: EX P IS | O90: 6444 | P90: BKR | Q90: 400 | R90: 34 | S90: =0.7854*Q90*R90*R90/1000000 -> 0.36316896 | U90: EX P IWAN | Y90: 6418 | Z90: BKR | AA90: 400 | AB90: 40 | AC90: =0.7854*AA90*AB90*AB90/1000000 -> 0.502656 | AE90: EX P IWAN
A91: 61 | C91: 5423 | D91: MRT | E91: 400 | F91: 48 | G91: 48 | H91: 48 | I91: =0.7854*E91*H91*H91/1000000 -> 0.72382464 | K91: EX P IS | O91: 6418 | P91: BKR | Q91: 400 | R91: 40 | S91: =0.7854*Q91*R91*R91/1000000 -> 0.502656 | U91: EX P IWAN | Y91: 6440 | Z91: BKR | AA91: 400 | AB91: 32 | AC91: =0.7854*AA91*AB91*AB91/1000000 -> 0.32169984 | AD91: =SUM(AC87:AC91) -> 2.0973322 | AE91: EX P IWAN
A92: 62 | C92: 5422 | D92: MRT | E92: 400 | F92: 50 | G92: 50 | H92: 50 | I92: =0.7854*E92*H92*H92/1000000 -> 0.7854 | K92: EX P IS | O92: 6440 | P92: BKR | Q92: 400 | R92: 32 | S92: =0.7854*Q92*R92*R92/1000000 -> 0.32169984 | T92: =SUM(S88:S92) -> 2.0973322 | U92: EX P IWAN | Y92: 6242 | Z92: BKR | AA92: 400 | AB92: 27 | AC92: =0.7854*AA92*AB92*AB92/1000000 -> 0.22902264 | AE92: EX P UNAN
A93: 63 | C93: 5405 | D93: MRT | E93: 400 | F93: 67 | G93: 67 | H93: 67 | I93: =0.7854*E93*H93*H93/1000000 -> 1.4102642 | K93: EX P IS | O93: 6242 | P93: BKR | Q93: 400 | R93: 27 | S93: =0.7854*Q93*R93*R93/1000000 -> 0.22902264 | U93: EX P UNAN | Y93: 6388 | Z93: BKR | AA93: 400 | AB93: 48 | AC93: =0.7854*AA93*AB93*AB93/1000000 -> 0.72382464 | AE93: EX P UNAN
A94: 64 | B94: 46173 | C94: 5299 | D94: MRT | E94: 400 | F94: 43 | G94: 43 | H94: 43 | I94: =0.7854*E94*H94*H94/1000000 -> 0.58088184 | K94: EX P IS | O94: 6388 | P94: BKR | Q94: 400 | R94: 48 | S94: =0.7854*Q94*R94*R94/1000000 -> 0.72382464 | U94: EX P UNAN | Y94: 6351 | Z94: BKR | AA94: 400 | AB94: 48 | AC94: =0.7854*AA94*AB94*AB94/1000000 -> 0.72382464 | AE94: EX P UNAN
A95: 65 | C95: 5300 | D95: MRT | E95: 400 | F95: 43 | G95: 43 | H95: 43 | I95: =0.7854*E95*H95*H95/1000000 -> 0.58088184 | K95: EX P IS | O95: 6351 | P95: BKR | Q95: 400 | R95: 48 | S95: =0.7854*Q95*R95*R95/1000000 -> 0.72382464 | U95: EX P UNAN | Y95: 6406 | Z95: BKR | AA95: 400 | AB95: 31 | AC95: =0.7854*AA95*AB95*AB95/1000000 -> 0.30190776 | AE95: EX P UNAN
A96: 66 | C96: 5342 | D96: MRT | E96: 400 | F96: 52 | G96: 52 | H96: 52 | I96: =0.7854*E96*H96*H96/1000000 -> 0.84948864 | K96: EX P IS | O96: 6406 | P96: BKR | Q96: 400 | R96: 31 | S96: =0.7854*Q96*R96*R96/1000000 -> 0.30190776 | U96: EX P UNAN | Y96: 6410 | Z96: BKR | AA96: 400 | AB96: 39 | AC96: =0.7854*AA96*AB96*AB96/1000000 -> 0.47783736 | AE96: EX P UNAN
A97: 67 | C97: 5310 | D97: MRT | E97: 400 | F97: 47 | G97: 47 | H97: 47 | I97: =0.7854*E97*H97*H97/1000000 -> 0.69397944 | K97: EX P IS | O97: 6410 | P97: BKR | Q97: 400 | R97: 39 | S97: =0.7854*Q97*R97*R97/1000000 -> 0.47783736 | U97: EX P UNAN | Y97: 6420 | Z97: BKR | AA97: 400 | AB97: 67 | AC97: =0.7854*AA97*AB97*AB97/1000000 -> 1.4102642 | AE97: EX P UNAN
A98: 68 | C98: 5276 | D98: MRT | E98: 400 | F98: 48 | G98: 48 | H98: 48 | I98: =0.7854*E98*H98*H98/1000000 -> 0.72382464 | K98: EX P IS | O98: 6420 | P98: BKR | Q98: 400 | R98: 67 | S98: =0.7854*Q98*R98*R98/1000000 -> 1.4102642 | U98: EX P UNAN | Y98: 6421 | Z98: BKR | AA98: 400 | AB98: 30 | AC98: =0.7854*AA98*AB98*AB98/1000000 -> 0.282744 | AE98: EX P UNAN
A99: 69 | C99: 5280 | D99: MRT | E99: 400 | F99: 51 | G99: 51 | H99: 51 | I99: =0.7854*E99*H99*H99/1000000 -> 0.81713016 | K99: EX P IS | O99: 6426 | P99: BKR | Q99: 400 | R99: 33 | S99: =0.7854*Q99*R99*R99/1000000 -> 0.34212024 | T99: =SUM(S93:S99) -> 4.2088015 | U99: EX P UNAN | Y99: 6426 | Z99: BKR | AA99: 400 | AB99: 33 | AC99: =0.7854*AA99*AB99*AB99/1000000 -> 0.34212024 | AD99: =SUM(AC92:AC99) -> 4.4915455 | AE99: EX P UNAN
A100: 70 | C100: 5277 | D100: MRT | E100: 400 | F100: 52 | G100: 52 | H100: 52 | I100: =0.7854*E100*H100*H100/1000000 -> 0.84948864 | J100: =SUM(I91:I100) -> 8.0151641 | K100: EX P IS | N100: LOG INV - 009 | S100: =SUM(S49:S99) -> 37.115491 | T100: =SUM(T49:T99) -> 37.115491 | X100: LOG INV - 009 | AC100: =SUM(AC47:AC99) -> 38.917827 | AD100: =SUM(AD47:AD99) -> 38.917827
A101: 71 | C101: 5332 | D101: MRT | E101: 400 | F101: 53 | G101: 53 | H101: 53 | I101: =0.7854*E101*H101*H101/1000000 -> 0.88247544 | K101: EX P IS | N101: 01/08 | O101: 6591 | P101: BKR | Q101: 300 | R101: 28 | S101: =0.7854*Q101*R101*R101/1000000 -> 0.18472608 | U101: EX P IDIR | X101: 01/08 | Y101: 6591 | Z101: BKR | AA101: 300 | AB101: 28 | AC101: =0.7854*AA101*AB101*AB101/1000000 -> 0.18472608 | AE101: EX P IDIR
A102: 72 | B102: 46172 | C102: 5390 | D102: MRT | E102: 400 | F102: 57 | G102: 57 | H102: 57 | I102: =0.7854*E102*H102*H102/1000000 -> 1.0207058 | K102: EX P IS | O102: 6471 | P102: BKR | Q102: 300 | R102: 54 | S102: =0.7854*Q102*R102*R102/1000000 -> 0.68706792 | T102: =SUM(S101:S102) -> 0.871794 | U102: EX P IDIR | Y102: 6471 | Z102: BKR | AA102: 300 | AB102: 54 | AC102: =0.7854*AA102*AB102*AB102/1000000 -> 0.68706792 | AD102: =SUM(AC101:AC102) -> 0.871794 | AE102: EX P IDIR
...

Sheet MERANTI
B1: INPUT LOG MERANTI | J1: HASIL PRODUKSI KAYU GERGAJIAN
B3: HARI/TGL : SABTU / 09 MEI 2026 | J3: HARI/TGL : SABTU / 09 MEI 2026
B4: NO | C4: CODE | D4: JENIS | E4: VOLUME | H4: KET | J4: NO | K4: JENIS KAYU | L4: UKURAN | O4: VOLUME | R4: KET
E5: P | F5: RT | G5: M3 | L5: T | M5: L | N5: P | O5: PAK | P5: PCS | Q5: M3
B6: 1 | C6: 366 | D6: MRT | E6: 400 | F6: 41 | G6: =0.7854*E6*F6*F6/1000000 -> 0.52810296 | H6: KOP P HERY | J6: 1 | K6: MERANTI | L6: 10 | M6: 25 | N6: 400 | P6: 1 | Q6: =L6*M6*N6*P6/1000000 -> 0.1
B7: 2 | C7: 394 | D7: MRT | E7: 400 | F7: 45 | G7: =0.7854*E7*F7*F7/1000000 -> 0.636174 | H7: KOP P HERY | J7: 2 | L7: 8 | M7: 25 | N7: 400 | P7: 3 | Q7: =L7*M7*N7*P7/1000000 -> 0.24
B8: 3 | C8: 354 | D8: MRT | E8: 400 | F8: 38 | G8: =0.7854*E8*F8*F8/1000000 -> 0.45364704 | H8: KOP P HERY | J8: 3 | L8: 10 | M8: 20 | N8: 400 | P8: 1 | Q8: =L8*M8*N8*P8/1000000 -> 0.08
B9: 4 | C9: 367 | D9: MRT | E9: 400 | F9: 45 | G9: =0.7854*E9*F9*F9/1000000 -> 0.636174 | H9: KOP P HERY | J9: 4 | L9: 8 | M9: 20 | N9: 400 | P9: 2 | Q9: =L9*M9*N9*P9/1000000 -> 0.128
B10: KAYU MERANTI | G10: =SUM(G6:G9) -> 2.254098 | J10: 5 | L10: 15 | M10: 15 | N10: 400 | P10: 1 | Q10: =L10*M10*N10*P10/1000000 -> 0.09
G11: =SUM(G10) -> 2.254098 | H11: =SUM(Q23/G11) -> 0.7057812 | J11: 6 | L11: 8 | M11: 15 | N11: 400 | P11: 1 | Q11: =L11*M11*N11*P11/1000000 -> 0.048 | R11: P HERY
J12: 7 | L12: 8 | M12: 5 | N12: 400 | P12: 1 | Q12: =L12*M12*N12*P12/1000000 -> 0.016
B13: JENIS | C13: INPUT | E13: OUTPUT | G13: RDM | J13: 8 | L13: 3.2 | M13: 13 | N13: 400 | P13: 3 | Q13: =L13*M13*N13*P13/1000000 -> 0.04992
C14: PCS | D14: M3 | E14: PCS | F14: M3 | J14: 9 | L14: 3.2 | M14: 11 | N14: 400 | P14: 1 | Q14: =L14*M14*N14*P14/1000000 -> 0.01408
A15: 09/05 | B15: MERANTI | C15: =SUM(B9) -> 4 | D15: =SUM(G11) -> 2.254098 | E15: =SUM(P23) -> 174 | F15: =SUM(Q23) -> 1.5909 | G15: =SUM(F15/D15) -> 0.7057812 | J15: 10 | L15: 4.2 | M15: 10 | N15: 400 | P15: 6 | Q15: =L15*M15*N15*P15/1000000 -> 0.1008
B16: GT | C16: =SUM(C15) -> 4 | D16: =SUM(D15) -> 2.254098 | E16: =SUM(E15) -> 174 | F16: =SUM(F15) -> 1.5909 | G16: =SUM(G15) -> 0.7057812 | J16: 11 | L16: 4.2 | M16: 7 | N16: 400 | P16: 5 | Q16: =L16*M16*N16*P16/1000000 -> 0.0588
J17: 12 | L17: 4.2 | M17: 7 | N17: 300 | P17: 1 | Q17: =L17*M17*N17*P17/1000000 -> 0.00882
B18: MERANTI | D18: =SUM(Q19) -> 1.0509 | E18: =SUM(D18/D16) -> 0.46621753 | J18: 13 | L18: 3.2 | M18: 7 | N18: 400 | P18: 13 | Q18: =L18*M18*N18*P18/1000000 -> 0.11648
B19: RENG | D19: =SUM(Q22) -> 0.54 | E19: =SUM(D19/D16) -> 0.23956367 | P19: =SUM(P6:P18) -> 39 | Q19: =SUM(Q6:Q18) -> 1.0509 | R19: =SUM(Q19/G11) -> 0.46621753
D20: =SUM(D18:D19) -> 1.5909 | E20: =SUM(E18:E19) -> 0.7057812 | J20: 14 | L20: 3 | M20: 5 | N20: 400 | O20: 5 | P20: 60 | Q20: =L20*M20*N20*P20/1000000 -> 0.36
J21: 15 | L21: 2 | M21: 3 | N21: 400 | O21: 3 | P21: 75 | Q21: =L21*M21*N21*P21/1000000 -> 0.18
O22: =SUM(O20:O21) -> 8 | P22: =SUM(P20:P21) -> 135 | Q22: =SUM(Q20:Q21) -> 0.54 | R22: =SUM(Q22/G11) -> 0.23956367
O23: =SUM(O20:O22) -> 16 | P23: =SUM(P22,P19) -> 174 | Q23: =SUM(Q22,Q19) -> 1.5909 | R23: =SUM(Q23/G11) -> 0.7057812
B25: INPUT LOG MERANTI | J25: HASIL PRODUKSI KAYU GERGAJIAN
B27: HARI/TGL: RABU / 27 MEI 2026 | J27: HARI/TGL : RABU / 27 MEI 2026
B28: NO | C28: CODE | D28: JENIS | E28: VOLUME | H28: KET | J28: NO | K28: JENIS KAYU | L28: UKURAN | O28: VOLUME | R28: KET
E29: P | F29: RT | G29: M3 | L29: T | M29: L | N29: P | O29: PAK | P29: PCS | Q29: M3
B30: 1 | C30: 5388 | D30: MRT | E30: 400 | F30: 52 | G30: =0.7854*E30*F30*F30/1000000 -> 0.84948864 | H30: EX BPK IS | J30: 1 | K30: MERANTI | L30: 15 | M30: 20 | N30: 400 | P30: 1 | Q30: =L30*M30*N30*P30/1000000 -> 0.12
B31: 2 | C31: 5387 | D31: MRT | E31: 400 | F31: 57 | G31: =0.7854*E31*F31*F31/1000000 -> 1.0207058 | H31: EX BPK IS | J31: 2 | L31: 10 | M31: 25 | N31: 400 | P31: 1 | Q31: =L31*M31*N31*P31/1000000 -> 0.1
B32: 3 | C32: 5330 | D32: MRT | E32: 400 | F32: 49 | G32: =0.7854*E32*F32*F32/1000000 -> 0.75429816 | H32: EX BPK IS | J32: 3 | L32: 10 | M32: 20 | N32: 400 | P32: 3 | Q32: =L32*M32*N32*P32/1000000 -> 0.24
B33: 4 | C33: 5370 | D33: MRT | E33: 400 | F33: 56 | G33: =0.7854*E33*F33*F33/1000000 -> 0.98520576 | H33: EX BPK IS | J33: 4 | L33: 8 | M33: 25 | N33: 400 | P33: 2 | Q33: =L33*M33*N33*P33/1000000 -> 0.16
B34: 5 | C34: 5369 | D34: MRT | E34: 400 | F34: 60 | G34: =0.7854*E34*F34*F34/1000000 -> 1.130976 | H34: EX BPK IS | J34: 5 | L34: 8 | M34: 20 | N34: 400 | P34: 1 | Q34: =L34*M34*N34*P34/1000000 -> 0.064 | R34: P HERY
G35: =SUM(G30:G34) -> 4.7406744 | J35: 6 | L35: 8 | M35: 15 | N35: 400 | P35: 4 | Q35: =L35*M35*N35*P35/1000000 -> 0.192
G36: =SUM(G35) -> 4.7406744 | H36: =SUM(Q48/G36) -> 0.58437255 | J36: 7 | L36: 8 | M36: 10 | N36: 400 | P36: 2 | Q36: =L36*M36*N36*P36/1000000 -> 0.064
J37: 8 | L37: 8 | M37: 5 | N37: 400 | P37: 1 | Q37: =L37*M37*N37*P37/1000000 -> 0.016
B38: TGL 09-27 MEI 2026 | J38: 9 | L38: 3.2 | M38: 13 | N38: 400 | P38: 4 | Q38: =L38*M38*N38*P38/1000000 -> 0.06656
B39: JENIS | C39: INPUT | E39: OUTPUT | G39: RDM | J39: 10 | L39: 3.2 | M39: 11 | N39: 400 | P39: 5 | Q39: =L39*M39*N39*P39/1000000 -> 0.0704
C40: PCS | D40: M3 | E40: PCS | F40: M3 | J40: 11 | L40: 3.2 | M40: 11 | N40: 300 | P40: 1 | Q40: =L40*M40*N40*P40/1000000 -> 0.01056
A41: 09/05 | B41: MERANTI | C41: =SUM(C15) -> 4 | D41: =SUM(D15) -> 2.254098 | E41: =SUM(E15) -> 174 | F41: =SUM(F15) -> 1.5909 | G41: =SUM(F41/D41) -> 0.7057812 | J41: 12 | L41: 4.2 | M41: 10 | N41: 400 | P41: 6 | Q41: =L41*M41*N41*P41/1000000 -> 0.1008
A42: 27/05 | B42: MERANTI | C42: =SUM(B34) -> 5 | D42: =SUM(G36) -> 4.7406744 | E42: =SUM(P48) -> 301 | F42: =SUM(Q48) -> 2.77032 | G42: =SUM(F42/D42) -> 0.58437255 | J42: 13 | L42: 4.2 | M42: 7 | N42: 400 | P42: 19 | Q42: =L42*M42*N42*P42/1000000 -> 0.22344
B43: GT | C43: =SUM(C41:C42) -> 9 | D43: =SUM(D41:D42) -> 6.9947724 | E43: =SUM(E41:E42) -> 475 | F43: =SUM(F41:F42) -> 4.36122 | G43: =SUM(F43/D43) -> 0.62349706 | J43: 14 | L43: 3.2 | M43: 7 | N43: 400 | P43: 36 | Q43: =L43*M43*N43*P43/1000000 -> 0.32256
P44: =SUM(P30:P43) -> 86 | Q44: =SUM(Q30:Q43) -> 1.75032 | R44: =SUM(Q44/G36) -> 0.36921329
B45: MERANTI | D45: =SUM(Q44,D18) -> 2.80122 | E45: =SUM(D45/D43) -> 0.40047336 | J45: 15 | L45: 3 | M45: 5 | N45: 400 | O45: 14 | P45: 140 | Q45: =L45*M45*N45*P45/1000000 -> 0.84 | R45: P HERY
B46: RENG | D46: =SUM(Q47,D19) -> 1.56 | E46: =SUM(D46/D43) -> 0.2230237 | J46: 16 | L46: 2 | M46: 3 | N46: 400 | O46: 3 | P46: 75 | Q46: =L46*M46*N46*P46/1000000 -> 0.18
D47: =SUM(D45:D46) -> 4.36122 | E47: =SUM(E45:E46) -> 0.62349706 | O47: =SUM(O45:O46) -> 17 | P47: =SUM(P45:P46) -> 215 | Q47: =SUM(Q45:Q46) -> 1.02 | R47: =SUM(Q47/G35) -> 0.21515926
P48: =SUM(P47,P44) -> 301 | Q48: =SUM(Q47,Q44) -> 2.77032 | R48: =SUM(Q48/G36) -> 0.58437255
B50: INPUT LOG MERANTI | J50: HASIL PRODUKSI KAYU GERGAJIAN
B52: HARI/TGL: SELASA / 28 MEI 2026 | J52: HARI/TGL : KAMIS / 28 MEI 2026
B53: NO | C53: CODE | D53: JENIS | E53: VOLUME | H53: KET | J53: NO | K53: JENIS KAYU | L53: UKURAN | O53: VOLUME | R53: KET
E54: P | F54: RT | G54: M3 | L54: T | M54: L | N54: P | O54: PAK | P54: PCS | Q54: M3
B55: 1 | C55: 5312 | D55: MRT | E55: 400 | F55: 46 | G55: =0.7854*E55*F55*F55/1000000 -> 0.66476256 | H55: EX P IS | J55: 1 | K55: MERANTI | L55: 15 | M55: 15 | N55: 400 | P55: 2 | Q55: =L55*M55*N55*P55/1000000 -> 0.18
B56: 2 | C56: 5305 | D56: MRT | E56: 400 | F56: 47 | G56: =0.7854*E56*F56*F56/1000000 -> 0.69397944 | H56: EX P IS | J56: 2 | L56: 15 | M56: 10 | N56: 400 | P56: 4 | Q56: =L56*M56*N56*P56/1000000 -> 0.24
B57: 3 | C57: 5301 | D57: MRT | E57: 400 | F57: 52 | G57: =0.7854*E57*F57*F57/1000000 -> 0.84948864 | H57: EX P IS | J57: 3 | L57: 15 | M57: 8 | N57: 400 | P57: 1 | Q57: =L57*M57*N57*P57/1000000 -> 0.048
B58: 4 | C58: 5285 | D58: MRT | E58: 400 | F58: 48 | G58: =0.7854*E58*F58*F58/1000000 -> 0.72382464 | H58: EX P IS | J58: 4 | L58: 15 | M58: 5 | N58: 400 | P58: 3 | Q58: =L58*M58*N58*P58/1000000 -> 0.09
B59: 5 | C59: 5313 | D59: MRT | E59: 400 | F59: 56 | G59: =0.7854*E59*F59*F59/1000000 -> 0.98520576 | H59: EX P IS | J59: 5 | L59: 10 | M59: 25 | N59: 400 | P59: 6 | Q59: =L59*M59*N59*P59/1000000 -> 0.6
B60: 6 | C60: 5311 | D60: MRT | E60: 400 | F60: 58 | G60: =0.7854*E60*F60*F60/1000000 -> 1.0568342 | H60: EX P IS | J60: 6 | L60: 10 | M60: 20 | N60: 400 | P60: 8 | Q60: =L60*M60*N60*P60/1000000 -> 0.64
B61: 7 | C61: 5302 | D61: MRT | E61: 400 | F61: 56 | G61: =0.7854*E61*F61*F61/1000000 -> 0.98520576 | H61: EX P. BADI | J61: 7 | L61: 8 | M61: 20 | N61: 400 | P61: 2 | Q61: =L61*M61*N61*P61/1000000 -> 0.128
B62: 8 | C62: 5322 | D62: MRT | E62: 300 | F62: 30 | G62: =0.7854*E62*F62*F62/1000000 -> 0.212058 | H62: EX P. BADI | J62: 8 | L62: 8 | M62: 5 | N62: 400 | P62: 13 | Q62: =L62*M62*N62*P62/1000000 -> 0.208
B63: 9 | C63: 5317 | D63: MRT | E63: 400 | F63: 38 | G63: =0.7854*E63*F63*F63/1000000 -> 0.45364704 | H63: EX P. BADI | J63: 9 | L63: 3.2 | M63: 11 | N63: 400 | P63: 1 | Q63: =L63*M63*N63*P63/1000000 -> 0.01408
G64: =SUM(G55:G63) -> 6.6250061 | J64: 10 | L64: 4.2 | M64: 10 | N64: 400 | P64: 8 | Q64: =L64*M64*N64*P64/1000000 -> 0.1344
G65: =SUM(G64) -> 6.6250061 | H65: =SUM(Q72/G65) -> 0.73039933 | J65: 11 | L65: 4.2 | M65: 7 | N65: 400 | P65: 78 | Q65: =L65*M65*N65*P65/1000000 -> 0.91728
J66: 12 | L66: 4.2 | M66: 7 | N66: 300 | P66: 5 | Q66: =L66*M66*N66*P66/1000000 -> 0.0441
B67: TGL 09-28 MEI 2026 | J67: 13 | L67: 3.2 | M67: 7 | N67: 400 | P67: 24 | Q67: =L67*M67*N67*P67/1000000 -> 0.21504
B68: JENIS | C68: INPUT | E68: OUTPUT | G68: RDM | P68: =SUM(P55:P67) -> 155 | Q68: =SUM(Q55:Q67) -> 3.4589 | R68: =SUM(Q68/G64) -> 0.52209763
C69: PCS | D69: M3 | E69: PCS | F69: M3 | J69: 14 | L69: 3 | M69: 5 | N69: 400 | P69: 180 | Q69: =L69*M69*N69*P69/1000000 -> 1.08
A70: 27/05 | B70: MERANTI | C70: =SUM(C43) -> 9 | D70: =SUM(D43) -> 6.9947724 | E70: =SUM(E43) -> 475 | F70: =SUM(F43) -> 4.36122 | G70: =SUM(F70/D70) -> 0.62349706 | J70: 15 | L70: 2 | M70: 3 | N70: 400 | P70: 125 | Q70: =L70*M70*N70*P70/1000000 -> 0.3
A71: 28/05 | B71: MERANTI | C71: =SUM(B63) -> 9 | D71: =SUM(G65) -> 6.6250061 | E71: =SUM(P72) -> 460 | F71: =SUM(Q72) -> 4.8389 | G71: =SUM(F71/D71) -> 0.73039933 | P71: =SUM(P69:P70) -> 305 | Q71: =SUM(Q69:Q70) -> 1.38 | R71: =SUM(Q71/G64) -> 0.2083017
B72: GT | C72: =SUM(C70:C71) -> 18 | D72: =SUM(D70:D71) -> 13.619778 | E72: =SUM(E70:E71) -> 935 | F72: =SUM(F70:F71) -> 9.20012 | G72: =SUM(F72/D72) -> 0.67549704 | P72: =SUM(P71,P68) -> 460 | Q72: =SUM(Q71,Q68) -> 4.8389 | R72: =SUM(Q72/G64) -> 0.73039933
B74: MERANTI | D74: =SUM(D45,Q68) -> 6.26012 | E74: =SUM(D74/D72) -> 0.45963449
B75: RENG | D75: =SUM(Q71,D46) -> 2.94 | E75: =SUM(D75/D72) -> 0.21586254
D76: =SUM(D74:D75) -> 9.20012 | E76: =SUM(E74:E75) -> 0.67549704
B78: INPUT LOG MERANTI | J78: HASIL PRODUKSI KAYU GERGAJIAN
B80: HARI/TGL: JUMAT / 29 MEI 2026 | J80: HARI/TGL: JUMAT / 29 MEI 2026
B81: NO | C81: CODE | D81: JENIS | E81: VOLUME | H81: KET | J81: NO | K81: JENIS KAYU | L81: UKURAN | O81: VOLUME | R81: KET
E82: P | F82: RT | G82: M3 | L82: T | M82: L | N82: P | O82: PAK | P82: PCS | Q82: M3
B83: 1 | C83: 5371 | D83: MRT | E83: 400 | F83: 70 | G83: =0.7854*E83*F83*F83/1000000 -> 1.539384 | H83: EX P IS | J83: 1 | K83: MERANTI | L83: 10 | M83: 25 | N83: 400 | P83: 3 | Q83: =L83*M83*N83*P83/1000000 -> 0.3
B84: 2 | C84: 5353 | D84: MRT | E84: 400 | F84: 75 | G84: =0.7854*E84*F84*F84/1000000 -> 1.76715 | H84: EX P IS | J84: 2 | L84: 15 | M84: 20 | N84: 400 | P84: 3 | Q84: =L84*M84*N84*P84/1000000 -> 0.36
G85: =SUM(G80:G84) -> 3.306534 | J85: 3 | L85: 8 | M85: 25 | N85: 400 | P85: 1 | Q85: =L85*M85*N85*P85/1000000 -> 0.08
G86: =SUM(G85) -> 3.306534 | H86: =SUM(Q97/G86) -> 0.61692395 | J86: 4 | L86: 8 | M86: 20 | N86: 400 | P86: 1 | Q86: =L86*M86*N86*P86/1000000 -> 0.064
J87: 5 | L87: 8 | M87: 15 | N87: 400 | P87: 2 | Q87: =L87*M87*N87*P87/1000000 -> 0.096
B88: TGL 09-29 MEI 2026 | J88: 6 | L88: 4.2 | M88: 7 | N88: 400 | P88: 28 | Q88: =L88*M88*N88*P88/1000000 -> 0.32928
B89: JENIS | C89: INPUT | E89: OUTPUT | G89: RDM | J89: 7 | L89: 4.2 | M89: 10 | N89: 400 | P89: 15 | Q89: =L89*M89*N89*P89/1000000 -> 0.252
C90: PCS | D90: M3 | E90: PCS | F90: M3 | J90: 8 | L90: 3.2 | M90: 7 | N90: 400 | P90: 3 | Q90: =L90*M90*N90*P90/1000000 -> 0.02688
A91: 28/05 | B91: MERANTI | C91: =SUM(C72) -> 18 | D91: =SUM(D72) -> 13.619778 | E91: =SUM(E72) -> 935 | F91: =SUM(F72) -> 9.20012 | G91: =SUM(F91/D91) -> 0.67549704 | J91: 9 | L91: 3.2 | M91: 7 | N91: 300 | P91: 1 | Q91: =L91*M91*N91*P91/1000000 -> 0.00672
A92: 29/05 | B92: MERANTI | C92: =SUM(B84) -> 2 | D92: =SUM(G86) -> 3.306534 | E92: =SUM(P97) -> 177 | F92: =SUM(Q97) -> 2.03988 | G92: =SUM(F92/D92) -> 0.61692395 | P92: =SUM(P83:P91) -> 57 | Q92: =SUM(Q83:Q91) -> 1.51488 | R92: =SUM(Q92/G86) -> 0.45814741
B93: GT | C93: =SUM(C91:C92) -> 20 | D93: =SUM(D91:D92) -> 16.926312 | E93: =SUM(E91:E92) -> 1112 | F93: =SUM(F91:F92) -> 11.24 | G93: =SUM(F93/D93) -> 0.66405486 | J93: 10 | L93: 3 | M93: 5 | N93: 400 | O93: 6 | P93: =SUM(O93*10) -> 60 | Q93: =L93*M93*N93*P93/1000000 -> 0.36
J94: 11 | L94: 3 | M94: 5 | N94: 300 | O94: 1 | P94: =SUM(O94*10) -> 10 | Q94: =L94*M94*N94*P94/1000000 -> 0.045
B95: MERANTI | D95: =SUM(D74,Q92) -> 7.775 | E95: =SUM(D95/D93) -> 0.459344 | J95: 12 | L95: 2 | M95: 3 | N95: 400 | O95: 1 | P95: 50 | Q95: =L95*M95*N95*P95/1000000 -> 0.12
B96: RENG | D96: =SUM(Q96,D75) -> 3.465 | E96: =SUM(D96/D93) -> 0.20471086 | O96: =SUM(O94:O95) -> 2 | P96: =SUM(P93:P95) -> 120 | Q96: =SUM(Q93:Q95) -> 0.525 | R96: =SUM(Q96/G86) -> 0.15877653
D97: =SUM(D95:D96) -> 11.24 | E97: =SUM(E95:E96) -> 0.66405486 | P97: =SUM(P96,P92) -> 177 | Q97: =SUM(Q96,Q92) -> 2.03988 | R97: =SUM(Q97/G86) -> 0.61692395
B99: INPUT LOG MERANTI | J99: HASIL PRODUKSI KAYU GERGAJIAN
B101: HARI/TGL: SABTU / 30 MEI 2026 | J101: HARI/TGL: SABTU / 30 MEI 2026
B102: NO | C102: CODE | D102: JENIS | E102: VOLUME | H102: KET | J102: NO | K102: JENIS KAYU | L102: UKURAN | O102: VOLUME | R102: KET
E103: P | F103: RT | G103: M3 | L103: T | M103: L | N103: P | O103: PAK | P103: PCS | Q103: M3
B104: 1 | C104: 5320 | D104: MRT | E104: 400 | F104: 53 | G104: =0.7854*E104*F104*F104/1000000 -> 0.88247544 | H104: EX P BADI | J104: 1 | K104: MERANTI | L104: 15 | M104: 25 | N104: 400 | P104: 1 | Q104: =L104*M104*N104*P104/1000000 -> 0.15
B105: 2 | C105: 5329 | D105: MRT | E105: 400 | F105: 56 | G105: =0.7854*E105*F105*F105/1000000 -> 0.98520576 | H105: EX P IS | J105: 2 | L105: 10 | M105: 25 | N105: 400 | P105: 2 | Q105: =L105*M105*N105*P105/1000000 -> 0.2
G106: =SUM(G101:G105) -> 1.8676812 | J106: 3 | L106: 10 | M106: 20 | N106: 400 | P106: 3 | Q106: =L106*M106*N106*P106/1000000 -> 0.24
G107: =SUM(G106) -> 1.8676812 | H107: =SUM(Q115/G107) -> 0.67223464 | J107: 4 | L107: 10 | M107: 15 | N107: 400 | P107: 1 | Q107: =L107*M107*N107*P107/1000000 -> 0.06
J108: 5 | L108: 5 | M108: 15 | N108: 400 | P108: 1 | Q108: =L108*M108*N108*P108/1000000 -> 0.03
B109: TGL 09-30 MEI 2026 | J109: 6 | L109: 4.2 | M109: 10 | N109: 400 | P109: 1 | Q109: =L109*M109*N109*P109/1000000 -> 0.0168
B110: JENIS | C110: INPUT | E110: OUTPUT | G110: RDM | J110: 7 | L110: 4.2 | M110: 7 | N110: 400 | P110: 22 | Q110: =L110*M110*N110*P110/1000000 -> 0.25872
...

Sheet BENGKIRAI
B1: INPUT LOG BENGKIRAI | J1: OUTPUT LOG BENGKIRAI | T1: REKAP OUTPUT GESEK BENGKIRAI EX LOG | AB1: REKAP PEMBELIAN MASAK | AH1: REKAP PLAT BENGKIRAI
B3: HARI/TGL: SABTU / 02 MEI 2026 | J3: HARI/TGL: SABTU / 02 MEI 2026
B4: NO | C4: CODE | D4: JENIS | E4: VOLUME | H4: KET | J4: NO | K4: JENIS KAYU | L4: UKURAN | O4: VOLUME | R4: KET | T4: TGL | U4: JENIS KAYU | V4: IN / OUT LOG | Z4: JUMLAH | AB4: TGL | AC4: JENIS KAYU | AD4: VOLUME | AF4: JUMLAH | AH4: TGL | AI4: JENIS KAYU | AJ4: VOLUME | AN4: JUMLAH
E5: P | F5: RT | G5: M3 | L5: T | M5: L | N5: P | O5: PAK | P5: PCS | Q5: M3 | V5: INPUT LOG | W5: BALOK | X5: RENG | Y5: MASAK | AD5: BALOK | AE5: 2X10 | AJ5: INPUT | AK5: BALOK | AL5: RENG | AM5: MASAK
B6: 1 | C6: 5265 | D6: BKR | E6: 400 | F6: 41 | G6: =0.7854*E6*F6*F6/1000000 -> 0.52810296 | H6: ISWANTO | J6: 1 | K6: BKR | L6: 15 | M6: 15 | N6: 400 | P6: 5 | Q6: =L6*M6*N6*P6/1000000 -> 0.45 | T6: 46144 | U6: BKR | V6: 2.7627 | W6: 1.5905 | X6: 0.36 | Z6: =SUM(W6:Y6) -> 1.9505 | AB6: 46145 | AC6: BKR | AD6: 0.6619 | AE6: 0.032 | AF6: =SUM(AD6:AE6) -> 0.6939 | AH6: 46138 | AI6: BKR | AJ6: 2.7028 | AK6: 3.2316 | AL6: 0.06 | AN6: =SUM(AK6:AM6) -> 3.2916
B7: 2 | C7: 5240 | D7: BKR | E7: 400 | F7: 52 | G7: =0.7854*E7*F7*F7/1000000 -> 0.84948864 | H7: ISWANTO | J7: 2 | L7: 12 | M7: 15 | N7: 400 | P7: 2 | Q7: =L7*M7*N7*P7/1000000 -> 0.144 | T7: 46170 | V7: 2.3289 | W7: 1.0694 | X7: 0.345 | Z7: =SUM(W7:Y7) -> 1.4144 | AB7: 46186 | AD7: 0.2342 | AF7: =SUM(AD7:AE7) -> 0.2342 | AH7: 46139 | AJ7: 1.972 | AK7: 2.0183 | AM7: 0.208 | AN7: =SUM(AK7:AM7) -> 2.2263
B8: 3 | C8: 5268 | D8: BKR | E8: 400 | F8: 53 | G8: =0.7854*E8*F8*F8/1000000 -> 0.88247544 | H8: ISWANTO | J8: 3 | L8: 12 | M8: 15 | N8: 300 | P8: 1 | Q8: =L8*M8*N8*P8/1000000 -> 0.054 | T8: 46174 | V8: 1.6666 | W8: 0.8731 | X8: 0.12 | Z8: =SUM(W8:Y8) -> 0.9931 | AD8: 0.3182 | AE8: 0.008 | AF8: =SUM(AD8:AE8) -> 0.3262 | AH8: 46209 | AJ8: 13.3378 | AK8: 5.0787 | AM8: 0.036 | AN8: =SUM(AK8:AM8) -> 5.1147
B9: 4 | C9: 5270 | D9: BKR | E9: 400 | F9: 40 | G9: =0.7854*E9*F9*F9/1000000 -> 0.502656 | H9: ISWANTO | J9: 4 | L9: 10 | M9: 15 | N9: 400 | P9: 4 | Q9: =L9*M9*N9*P9/1000000 -> 0.24 | V9: 2.5582 | W9: 1.1688 | X9: 0.225 | Z9: =SUM(W9:Y9) -> 1.3938 | AB9: 46193 | AD9: 0.384 | AE9: 0.024 | AF9: =SUM(AD9:AE9) -> 0.408 | AK9: 7.2833 | AN9: =SUM(AK9:AM9) -> 7.2833
B10: KAYU BENGKIRAI | G10: =SUM(G6:G9) -> 2.762723 | J10: 5 | L10: 8 | M10: 15 | N10: 400 | P10: 1 | Q10: =L10*M10*N10*P10/1000000 -> 0.048 | R10: BJB | T10: 46175 | V10: 0.8825 | W10: 0.4142 | X10: 0.12 | Z10: =SUM(W10:Y10) -> 0.5342 | AB10: 46194 | AD10: 0.186 | AF10: =SUM(AD10:AE10) -> 0.186 | AK10: 0.6503 | AN10: =SUM(AK10:AM10) -> 0.6503
G11: =SUM(G10) -> 2.762723 | H11: =SUM(Q23/G11) -> 0.70600635 | J11: 6 | L11: 6 | M11: 15 | N11: 400 | P11: 3 | Q11: =L11*M11*N11*P11/1000000 -> 0.108 | T11: 46176 | V11: 0.9161 | W11: 0.397 | X11: 0.06 | Z11: =SUM(W11:Y11) -> 0.457 | AB11: 46199 | AD11: 0.462 | AE11: 0.136 | AF11: =SUM(AD11:AE11) -> 0.598 | AH11: 46213 | AJ11: 6.3305 | AK11: 6.3957 | AL11: 0.06 | AN11: =SUM(AK11:AM11) -> 6.4557
B12: TGL 02 MEI 2026 | J12: 7 | L12: 3 | M12: 15 | N12: 400 | P12: 4 | Q12: =L12*M12*N12*P12/1000000 -> 0.072 | T12: 46180 | V12: 0.8244 | W12: 0.4666 | X12: 0.06 | Z12: =SUM(W12:Y12) -> 0.5266 | AB12: 46201 | AD12: 1.598 | AE12: 0.16 | AF12: =SUM(AD12:AE12) -> 1.758 | AJ12: =SUM(AJ6:AJ11) -> 24.3431 | AK12: =SUM(AK6:AK11) -> 24.6579 | AL12: =SUM(AL6:AL11) -> 0.12 | AM12: =SUM(AM6:AM11) -> 0.244 | AN12: =SUM(AN6:AN11) -> 25.0219
B13: JENIS | C13: INPUT | E13: OUTPUT | G13: RDM | J13: 8 | L13: 3 | M13: 13 | N13: 400 | P13: 2 | Q13: =L13*M13*N13*P13/1000000 -> 0.0312 | T13: 46181 | V13: 1.7417 | W13: 1.0472 | X13: 0.12 | Z13: =SUM(W13:Y13) -> 1.1672 | AB13: 46202 | AD13: 0.49 | AF13: =SUM(AD13:AE13) -> 0.49
C14: PCS | D14: M3 | E14: PCS | F14: M3 | J14: 9 | L14: 9.5 | M14: 9.5 | N14: 400 | P14: 3 | Q14: =L14*M14*N14*P14/1000000 -> 0.1083 | T14: 46182 | V14: 0.6082 | W14: 0.76 | X14: 0 | Y14: 0.7152 | Z14: =SUM(W14:Y14) -> 1.4752 | AB14: 46208 | AD14: 0.384 | AE14: 0.07 | AF14: =SUM(AD14:AE14) -> 0.454 | AH14: REKAP BENGKIRAI
A15: 02/05 | B15: BKR | C15: =SUM(B9) -> 4 | D15: =SUM(G11) -> 2.762723 | E15: =SUM(P23) -> 190 | F15: =SUM(Q23) -> 1.9505 | G15: =SUM(F15/D15) -> 0.70600635 | J15: 10 | L15: 2 | M15: 10 | N15: 400 | P15: 36 | Q15: =L15*M15*N15*P15/1000000 -> 0.288 | V15: 1.8652 | W15: 0.7896 | X15: 0.24 | Z15: =SUM(W15:Y15) -> 1.0296 | AB15: 46210 | AD15: 0.348 | AF15: =SUM(AD15:AE15) -> 0.348 | AH15: INPUT GESEK | AJ15: 26.0288
B16: GT | C16: =SUM(C15) -> 4 | D16: =SUM(D15) -> 2.762723 | E16: =SUM(E15) -> 190 | F16: =SUM(F15) -> 1.9505 | G16: =SUM(G15) -> 0.70600635 | J16: 11 | L16: 2 | M16: 10 | N16: 300 | P16: 4 | Q16: =L16*M16*N16*P16/1000000 -> 0.024 | T16: 46183 | V16: 5.6882 | W16: 3.1621 | X16: 0.6 | Z16: =SUM(W16:Y16) -> 3.7621 | AB16: 46211 | AD16: 3.1204 | AE16: 0.314 | AF16: =SUM(AD16:AE16) -> 3.4344 | AH16: OUTPUT GESEK | AJ16: 14.0637
J17: 12 | L17: 2 | M17: 10 | N17: 250 | P17: 3 | Q17: =L17*M17*N17*P17/1000000 -> 0.015 | V17: 0.7543 | W17: 0.3892 | X17: 0 | Z17: =SUM(W17:Y17) -> 0.3892 | AD17: 0.09 | AF17: =SUM(AD17:AE17) -> 0.09 | AH17: RENG | AJ17: 2.8388 | AK17: =SUM(AJ16:AJ17) -> 16.9025 | AL17: =SUM(AK17/AJ15) -> 0.64937684
B18: BENGKIRAI | D18: =SUM(Q19) -> 1.5905 | J18: 13 | L18: 2 | M18: 10 | N18: 200 | P18: 2 | Q18: =L18*M18*N18*P18/1000000 -> 0.008 | T18: 46232 | V18: 2.767 | W18: 1.6708 | X18: 0.3552 | Z18: =SUM(W18:Y18) -> 2.026 | AB18: 46210 | AD18: 0.5045 | AE18: 0.134 | AF18: =SUM(AD18:AE18) -> 0.6385 | AH18: BELI MASAK | AJ18: 17.4464
B19: RENG | D19: =SUM(Q22) -> 0.36 | J19: JUMLAH | O19: =SUM(O6:O18) -> 0 | P19: =SUM(P6:P18) -> 70 | Q19: =SUM(Q6:Q18) -> 1.5905 | R19: =SUM(Q19/G11) -> 0.57570013 | T19: 46233 | V19: 0.6648 | W19: 0.2652 | X19: 0.2336 | Z19: =SUM(W19:Y19) -> 0.4988 | AD19: 2.348 | AE19: 0.172 | AF19: =SUM(AD19:AE19) -> 2.52 | AH19: 2X10 | AJ19: 2.216 | AK19: =SUM(AJ18:AJ19) -> 19.6624
D20: =SUM(D18:D19) -> 1.9505 | J20: 14 | L20: 3 | M20: 5 | N20: 400 | O20: 2 | P20: 20 | Q20: =L20*M20*N20*P20/1000000 -> 0.12 | V20: =SUM(V6:V19) -> 26.0288 | W20: =SUM(W6:W19) -> 14.0637 | X20: =SUM(X6:X19) -> 2.8388 | Y20: =SUM(Y6:Y19) -> 0.7152 | Z20: =SUM(Z6:Z19) -> 17.6177 | AB20: 46221 | AD20: 0.288 | AE20: 0.08 | AF20: =SUM(AD20:AE20) -> 0.368
J21: 15 | L21: 2 | M21: 3 | N21: 400 | O21: 4 | P21: 100 | Q21: =L21*M21*N21*P21/1000000 -> 0.24 | R21: BJB | AB21: 46222 | AD21: 0.408 | AE21: 0.11 | AF21: =SUM(AD21:AE21) -> 0.518 | AH21: INPUT PLAT | AJ21: 24.3431
J22: JUMLAH | O22: =SUM(O9:O21) -> 6 | P22: =SUM(P20:P21) -> 120 | Q22: =SUM(Q20:Q21) -> 0.36 | R22: =SUM(Q22/G11) -> 0.13030622 | AB22: 46223 | AD22: 3.215 | AE22: 0.32 | AF22: =SUM(AD22:AE22) -> 3.535 | AH22: BALOK | AJ22: 24.6579
O23: =SUM(O22,O19) -> 6 | P23: =SUM(P22,P19) -> 190 | Q23: =SUM(Q22,Q19) -> 1.9505 | R23: =SUM(Q23/G11) -> 0.70600635 | AB23: 46224 | AD23: 0.4705 | AE23: 0.076 | AF23: =SUM(AD23:AE23) -> 0.5465 | AH23: RENG | AJ23: 0.12 | AL23: {=SUM(AJ22:AJ23/AJ21)} -> 1.0178613
AD24: 0.342 | AE24: 0.114 | AF24: =SUM(AD24:AE24) -> 0.456 | AH24: MASAK | AJ24: 0.244 | AK24: =SUM(AJ22:AJ24) -> 25.0219
B25: INPUT LOG BENGKIRAI | J25: HASIL PRODUKSI KAYU GERGAJIAN | AB25: 46225 | AD25: 0.162 | AE25: 0.016 | AF25: =SUM(AD25:AE25) -> 0.178 | AK25: =SUM(AK17:AK24) -> 61.5868
AB26: 46226 | AD26: 0.294 | AF26: =SUM(AD26:AE26) -> 0.294 | AI26: FUSO 4 | AJ26: 21.8096
B27: HARI/TGL: SELASA / 26 MEI 2026 | J27: HARI/TGL : KAMIS / 28 MEI 2026 | AB27: 46228 | AD27: 0.132 | AF27: =SUM(AD27:AE27) -> 0.132 | AI27: FUSO 8 | AJ27: 28.2147 | AK27: =SUM(AJ26:AJ27) -> 50.0243
B28: NO | C28: CODE | D28: JENIS | E28: VOLUME | H28: KET | J28: NO | K28: JENIS KAYU | L28: UKURAN | O28: VOLUME | R28: KET | AB28: 46231 | AD28: 0.8897 | AF28: =SUM(AD28:AE28) -> 0.8897 | AK28: =SUM(AK25-AK27) -> 11.5625 | AL28: STOCK KALTENG
E29: P | F29: RT | G29: M3 | L29: T | M29: L | N29: P | O29: PAK | P29: PCS | Q29: M3 | AB29: 46233 | AD29: 0.116 | AE29: 0.45 | AF29: =SUM(AD29:AE29) -> 0.566
B30: 1 | C30: 5316 | D30: BKR | E30: 400 | F30: 50 | G30: =0.7854*E30*F30*F30/1000000 -> 0.7854 | H30: EX BPK BADI | J30: 1 | K30: BENGKIRAI | L30: 12 | M30: 15 | N30: 400 | P30: 2 | Q30: =L30*M30*N30*P30/1000000 -> 0.144 | AD30: =SUM(AD6:AD29) -> 17.4464 | AE30: =SUM(AE6:AE29) -> 2.216 | AF30: =SUM(AF6:AF29) -> 19.6624
B31: 2 | C31: 5327 | D31: BKR | E31: 400 | F31: 47 | G31: =0.7854*E31*F31*F31/1000000 -> 0.69397944 | H31: EX BPK BADI | J31: 2 | L31: 10 | M31: 15 | N31: 400 | P31: 4 | Q31: =L31*M31*N31*P31/1000000 -> 0.24
B32: 3 | C32: 5275 | D32: BKR | E32: 400 | F32: 52 | G32: =0.7854*E32*F32*F32/1000000 -> 0.84948864 | H32: EX BPK BADI | J32: 3 | L32: 6 | M32: 15 | N32: 400 | P32: 1 | Q32: =L32*M32*N32*P32/1000000 -> 0.036
B33: KAYU BENGKIRAI | G33: =SUM(G30:G32) -> 2.3288681 | J33: 4 | L33: 3 | M33: 15 | N33: 400 | P33: 5 | Q33: =L33*M33*N33*P33/1000000 -> 0.09
G34: =SUM(G33) -> 2.3288681 | H34: =SUM(Q45/G34) -> 0.60732165 | J34: 5 | L34: 9.5 | M34: 9.5 | N34: 400 | P34: 3 | Q34: =L34*M34*N34*P34/1000000 -> 0.1083
B35: TGL 02 MEI 2026-28 MEI 2026 | J35: 6 | L35: 4 | M35: 9.5 | N35: 400 | P35: 8 | Q35: =L35*M35*N35*P35/1000000 -> 0.1216
B36: JENIS | C36: INPUT | E36: OUTPUT | G36: RDM | J36: 7 | L36: 3 | M36: 13 | N36: 400 | P36: 2 | Q36: =L36*M36*N36*P36/1000000 -> 0.0312
A37: 02/05 | C37: PCS | D37: M3 | E37: PCS | F37: M3 | J37: 8 | L37: 2 | M37: 10 | N37: 400 | P37: 25 | Q37: =L37*M37*N37*P37/1000000 -> 0.2
A38: 28/05 | B38: BKR | C38: =SUM(C16) -> 4 | D38: =SUM(D16) -> 2.762723 | E38: =SUM(E16) -> 190 | F38: =SUM(F16) -> 1.9505 | G38: =SUM(F38/D38) -> 0.70600635 | J38: 9 | L38: 1.7 | M38: 10 | N38: 400 | P38: 2 | Q38: =L38*M38*N38*P38/1000000 -> 0.0136
B39: BKR | C39: =SUM(B32) -> 3 | D39: =SUM(G34) -> 2.3288681 | E39: =SUM(P45) -> 154 | F39: =SUM(Q45) -> 1.414372 | G39: =SUM(F39/D39) -> 0.60732165 | J39: 10 | L39: 4.2 | M39: 4.2 | N39: 400 | P39: 12 | Q39: =L39*M39*N39*P39/1000000 -> 0.084672
B40: GT | C40: =SUM(C38:C39) -> 7 | D40: =SUM(D38:D39) -> 5.0915911 | E40: =SUM(E38:E39) -> 344 | F40: =SUM(F38:F39) -> 3.364872 | G40: =SUM(F40/D40) -> 0.66086846 | P40: =SUM(P30:P39) -> 64 | Q40: =SUM(Q30:Q39) -> 1.069372 | R40: =SUM(Q40/G33) -> 0.45918101
J41: 11 | L41: 3 | M41: 5 | N41: 400 | P41: 30 | Q41: =L41*M41*N41*P41/1000000 -> 0.18
B42: BENGKIRAI | D42: =SUM(D18,Q40) -> 2.659872 | J42: 12 | L42: 3 | M42: 5 | N42: 300 | P42: 10 | Q42: =L42*M42*N42*P42/1000000 -> 0.045
B43: RENG | D43: =SUM(Q44,D19) -> 0.705 | J43: 13 | L43: 2 | M43: 3 | N43: 400 | P43: 50 | Q43: =L43*M43*N43*P43/1000000 -> 0.12
D44: =SUM(D42:D43) -> 3.364872 | P44: =SUM(P41:P43) -> 90 | Q44: =SUM(Q41:Q43) -> 0.345 | R44: =SUM(Q44/G33) -> 0.14814064
P45: =SUM(P44,P40) -> 154 | Q45: =SUM(Q44,Q40) -> 1.414372 | R45: =SUM(Q45/G33) -> 0.60732165
B47: INPUT LOG BENGKIRAI | J47: HASIL PRODUKSI KAYU GERGAJIAN
B49: HARI/TGL: SENIN / 01 JUNI 2026 | J49: HARI/TGL: SENIN / 01 JUNI 2026
B50: NO | C50: CODE | D50: JENIS | E50: VOLUME | H50: KET | J50: NO | K50: JENIS KAYU | L50: UKURAN | O50: VOLUME | R50: KET
E51: P | F51: RT | G51: M3 | L51: T | M51: L | N51: P | O51: PAK | P51: PCS | Q51: M3
B52: 1 | C52: 5379 | D52: BKR | E52: 400 | F52: 52 | G52: =0.7854*E52*F52*F52/1000000 -> 0.84948864 | J52: 1 | K52: BENGKIRAI | L52: 15 | M52: 15 | N52: 400 | P52: 1 | Q52: =L52*M52*N52*P52/1000000 -> 0.09
B53: 2 | C53: 5350 | D53: BKR | E53: 400 | F53: 51 | G53: =0.7854*E53*F53*F53/1000000 -> 0.81713016 | J53: 2 | L53: 12 | M53: 15 | N53: 400 | P53: 4 | Q53: =L53*M53*N53*P53/1000000 -> 0.288
B54: KAYU BENGKIRAI | G54: =SUM(G51:G53) -> 1.6666188 | J54: 3 | L54: 10 | M54: 15 | N54: 400 | P54: 1 | Q54: =L54*M54*N54*P54/1000000 -> 0.06
G55: =SUM(G54) -> 1.6666188 | H55: =SUM(Q65/G55) -> 0.59585311 | J55: 4 | L55: 6 | M55: 15 | N55: 400 | P55: 3 | Q55: =L55*M55*N55*P55/1000000 -> 0.108
B56: TGL 02 MEI 2026-01 JUNI 2026 | J56: 5 | L56: 3 | M56: 12.5 | N56: 400 | P56: 1 | Q56: =L56*M56*N56*P56/1000000 -> 0.015
B57: JENIS | C57: INPUT | E57: OUTPUT | G57: RDM | J57: 6 | L57: 9.5 | M57: 9.5 | N57: 400 | P57: 1 | Q57: =L57*M57*N57*P57/1000000 -> 0.0361
C58: PCS | D58: M3 | E58: PCS | F58: M3 | J58: 7 | L58: 4.5 | M58: 9.2 | N58: 400 | P58: 6 | Q58: =L58*M58*N58*P58/1000000 -> 0.09936
A59: 28/06 | B59: BKR | C59: =SUM(C40) -> 7 | D59: =SUM(D40) -> 5.0915911 | E59: =SUM(E40) -> 344 | F59: =SUM(F40) -> 3.364872 | G59: =SUM(F59/D59) -> 0.66086846 | J59: 8 | L59: 2 | M59: 10 | N59: 400 | P59: 16 | Q59: =L59*M59*N59*P59/1000000 -> 0.128
A60: 01/06 | B60: BKR | C60: =SUM(B53) -> 2 | D60: =SUM(G55) -> 1.6666188 | E60: =SUM(P65) -> 74 | F60: =SUM(Q65) -> 0.99306 | G60: =SUM(F60/D60) -> 0.59585311 | J60: 9 | L60: 4.5 | M60: 4.5 | N60: 400 | P60: 6 | Q60: =L60*M60*N60*P60/1000000 -> 0.0486
B61: GT | C61: =SUM(C59:C60) -> 9 | D61: =SUM(D59:D60) -> 6.7582099 | E61: =SUM(E59:E60) -> 418 | F61: =SUM(F59:F60) -> 4.357932 | G61: =SUM(F61/D61) -> 0.64483525 | P61: =SUM(P52:P60) -> 39 | Q61: =SUM(Q52:Q60) -> 0.87306 | R61: =SUM(Q61/G55) -> 0.52385105
J62: 10 | L62: 3 | M62: 5 | N62: 400 | O62: 1 | P62: =SUM(O62*10) -> 10 | Q62: =L62*M62*N62*P62/1000000 -> 0.06
B63: BENGKIRAI | D63: =SUM(Q61,D42) -> 3.532932 | J63: 11 | L63: 2 | M63: 3 | N63: 400 | O63: 1 | P63: =SUM(O63*25) -> 25 | Q63: =L63*M63*N63*P63/1000000 -> 0.06
B64: RENG | D64: =SUM(Q64,D43) -> 0.825 | P64: =SUM(P62:P63) -> 35 | Q64: =SUM(Q62:Q63) -> 0.12 | R64: =SUM(Q64/G54) -> 0.072002068
D65: =SUM(D63:D64) -> 4.357932 | P65: =SUM(P64,P61) -> 74 | Q65: =SUM(Q64,Q61) -> 0.99306 | R65: =SUM(Q65/G55) -> 0.59585311
B67: INPUT LOG BENGKIRAI | J67: HASIL PRODUKSI KAYU GERGAJIAN
B69: HARI/TGL: SENIN / 01 JUNI 2026 | J69: HARI/TGL: SENIN / 01 JUNI 2026
B70: NO | C70: CODE | D70: JENIS | E70: VOLUME | H70: KET | J70: NO | K70: JENIS KAYU | L70: UKURAN | O70: VOLUME | R70: KET
E71: P | F71: RT | G71: M3 | L71: T | M71: L | N71: P | O71: PAK | P71: PCS | Q71: M3
B72: 1 | C72: 5345 | D72: BKR | E72: 400 | F72: 45 | G72: =0.7854*E72*F72*F72/1000000 -> 0.636174 | H72: ISWANTO | J72: 1 | K72: BENGKIRAI | L72: 6 | M72: 15 | N72: 400 | P72: 11 | Q72: =L72*M72*N72*P72/1000000 -> 0.396
B73: 2 | C73: 5378 | D73: BKR | E73: 400 | F73: 37 | G73: =0.7854*E73*F73*F73/1000000 -> 0.43008504 | H73: ISWANTO | J73: 2 | L73: 10 | M73: 15 | N73: 400 | P73: 5 | Q73: =L73*M73*N73*P73/1000000 -> 0.3
B74: 3 | C74: 5360 | D74: BKR | E74: 300 | F74: 40 | G74: =0.7854*E74*F74*F74/1000000 -> 0.376992 | H74: ISWANTO | J74: 3 | L74: 2 | M74: 10 | N74: 400 | P74: 16 | Q74: =L74*M74*N74*P74/1000000 -> 0.128
B75: 4 | C75: 5375 | D75: BKR | E75: 400 | F75: 34 | G75: =0.7854*E75*F75*F75/1000000 -> 0.36316896 | H75: ISWANTO | J75: 4 | L75: 2 | M75: 10 | N75: 300 | P75: 9 | Q75: =L75*M75*N75*P75/1000000 -> 0.054
B76: 5 | C76: 5334 | D76: BKR | E76: 400 | F76: 37 | G76: =0.7854*E76*F76*F76/1000000 -> 0.43008504 | H76: ISWANTO | J76: 5 | L76: 3 | M76: 12.5 | N76: 300 | P76: 6 | Q76: =L76*M76*N76*P76/1000000 -> 0.0675
B77: 6 | C77: 5367 | D77: BKR | E77: 400 | F77: 32 | G77: =0.7854*E77*F77*F77/1000000 -> 0.32169984 | H77: ISWANTO | J77: 6 | L77: 9.5 | M77: 9.5 | N77: 400 | P77: 1 | Q77: =L77*M77*N77*P77/1000000 -> 0.0361
B78: KAYU BENGKIRAI | G78: =SUM(G72:G77) -> 2.5582049 | J78: 7 | L78: 4.5 | M78: 10 | N78: 400 | P78: 5 | Q78: =L78*M78*N78*P78/1000000 -> 0.09
G79: =SUM(G78) -> 2.5582049 | H79: =SUM(Q85/G79) -> 0.54483517 | J79: 8 | L79: 4.5 | M79: 4.5 | N79: 400 | P79: 12 | Q79: =L79*M79*N79*P79/1000000 -> 0.0972
P80: =SUM(P72:P79) -> 65 | Q80: =SUM(Q72:Q79) -> 1.1688 | R80: =SUM(Q80/G79) -> 0.45688287
B81: TGL 02 MEI 2026-01 JUNI 2026 | J81: 9 | L81: 3 | M81: 5 | N81: 400 | O81: 2 | P81: =SUM(O81*10) -> 20 | Q81: =L81*M81*N81*P81/1000000 -> 0.12
B82: JENIS | C82: INPUT | E82: OUTPUT | G82: RDM | J82: 10 | L82: 3 | M82: 5 | N82: 300 | O82: 1 | P82: =SUM(O82*10) -> 10 | Q82: =L82*M82*N82*P82/1000000 -> 0.045
C83: PCS | D83: M3 | E83: PCS | F83: M3 | J83: 11 | L83: 2 | M83: 3 | N83: 400 | O83: 1 | P83: =SUM(O83*25) -> 25 | Q83: =L83*M83*N83*P83/1000000 -> 0.06
A84: 01/06 | B84: BKR | C84: =SUM(C61) -> 9 | D84: =SUM(D61) -> 6.7582099 | E84: =SUM(E61) -> 418 | F84: =SUM(F61) -> 4.357932 | G84: =SUM(F84/D84) -> 0.64483525 | P84: =SUM(P81:P83) -> 55 | Q84: =SUM(Q81:Q83) -> 0.225 | R84: =SUM(Q84/G78) -> 0.087952299
A85: 01/06 | B85: BKR | C85: =SUM(B77) -> 6 | D85: =SUM(G79) -> 2.5582049 | E85: =SUM(P85) -> 120 | F85: =SUM(Q85) -> 1.3938 | G85: =SUM(F85/D85) -> 0.54483517 | P85: =SUM(P84,P80) -> 120 | Q85: =SUM(Q84,Q80) -> 1.3938 | R85: =SUM(Q85/G79) -> 0.54483517
B86: GT | C86: =SUM(C84:C85) -> 15 | D86: =SUM(D84:D85) -> 9.3164148 | E86: =SUM(E84:E85) -> 538 | F86: =SUM(F84:F85) -> 5.751732 | G86: =SUM(F86/D86) -> 0.61737612
B88: BENGKIRAI | D88: =SUM(Q80,D63) -> 4.701732
B89: RENG | D89: =SUM(Q84,D64) -> 1.05
D90: =SUM(D88:D89) -> 5.751732
B92: INPUT LOG BENGKIRAI | J92: HASIL PRODUKSI KAYU GERGAJIAN
B94: HARI/TGL: SENIN / 01 JUNI 2026 | J94: HARI/TGL: SELASA / 02 JUNI 2026
B95: NO | C95: CODE | D95: JENIS | E95: VOLUME | H95: KET | J95: NO | K95: JENIS KAYU | L95: UKURAN | O95: VOLUME | R95: KET
E96: P | F96: RT | G96: M3 | L96: T | M96: L | N96: P | O96: PAK | P96: PCS | Q96: M3
B97: 1 | C97: 5349 | D97: BKR | E97: 400 | F97: 53 | G97: =0.7854*E97*F97*F97/1000000 -> 0.88247544 | H97: EX P IS | J97: 1 | K97: BENGKIRAI | L97: 12 | M97: 20 | N97: 400 | P97: 1 | Q97: =L97*M97*N97*P97/1000000 -> 0.096
B98: KAYU BENGKIRAI | G98: =SUM(G89:G97) -> 0.88247544 | J98: 2 | L98: 12 | M98: 15 | N98: 400 | P98: 1 | Q98: =L98*M98*N98*P98/1000000 -> 0.072
G99: =SUM(G98) -> 0.88247544 | H99: =SUM(Q108/G98) -> 0.60534263 | J99: 3 | L99: 10 | M99: 15 | N99: 400 | P99: 1 | Q99: =L99*M99*N99*P99/1000000 -> 0.06
J100: 4 | L100: 6 | M100: 15 | N100: 400 | P100: 1 | Q100: =L100*M100*N100*P100/1000000 -> 0.036
B101: TGL 02 MEI 2026-02 JUNI 2026 | J101: 5 | L101: 4 | M101: 9.5 | N101: 400 | P101: 3 | Q101: =L101*M101*N101*P101/1000000 -> 0.0456
B102: JENIS | C102: INPUT | E102: OUTPUT | G102: RDM | J102: 6 | L102: 2 | M102: 10 | N102: 400 | P102: 7 | Q102: =L102*M102*N102*P102/1000000 -> 0.056
C103: PCS | D103: M3 | E103: PCS | F103: M3 | J103: 7 | L103: 4.5 | M103: 4.5 | N103: 400 | P103: 6 | Q103: =L103*M103*N103*P103/1000000 -> 0.0486
A104: 01/06 | B104: BKR | C104: =SUM(C86) -> 15 | D104: =SUM(D86) -> 9.3164148 | E104: =SUM(E86) -> 538 | F104: =SUM(F86) -> 5.751732 | G104: =SUM(F104/D104) -> 0.61737612 | P104: =SUM(P97:P103) -> 20 | Q104: =SUM(Q97:Q103) -> 0.4142 | R104: =SUM(Q104/G99) -> 0.4693615
A105: 01/06 | B105: BKR | C105: =SUM(B97) -> 1 | D105: =SUM(G99) -> 0.88247544 | E105: =SUM(P108) -> 55 | F105: =SUM(Q108) -> 0.5342 | G105: =SUM(F105/D105) -> 0.60534263 | J105: 8 | L105: 3 | M105: 5 | N105: 400 | O105: 1 | P105: =SUM(O105*10) -> 10 | Q105: =L105*M105*N105*P105/1000000 -> 0.06
B106: GT | C106: =SUM(C104:C105) -> 16 | D106: =SUM(D104:D105) -> 10.19889 | E106: =SUM(E104:E105) -> 593 | F106: =SUM(F104:F105) -> 6.285932 | G106: =SUM(F106/D106) -> 0.6163349 | J106: 9 | L106: 2 | M106: 3 | N106: 400 | O106: 1 | P106: =SUM(O106*25) -> 25 | Q106: =L106*M106*N106*P106/1000000 -> 0.06
P107: =SUM(P105:P106) -> 35 | Q107: =SUM(Q105:Q106) -> 0.12 | R107: =SUM(Q107/G99) -> 0.13598112
B108: BENGKIRAI | D108: =SUM(D88,Q104) -> 5.115932 | P108: =SUM(P107,P104) -> 55 | Q108: =SUM(Q107,Q104) -> 0.5342 | R108: =SUM(Q108/G99) -> 0.60534263
...

Sheet BELI MASAK
B1: HASIL GRADE MERANTI | K1: HASIL PRODUKSI KAYU GERGAJIAN
B3: HARI / TGL : SENIN / 18 MEI 2026 | K3: HARI/TGL : MINGGU / 03 MEI 2026 | R3: GROUP : P DAKE
B4: NO | C4: JENIS KAYU | D4: UKURAN | I4: KET | K4: NO | L4: JENIS KAYU | M4: UKURAN KAYU | P4: VOLUME | S4: KET
D5: T | E5: L | F5: P | G5: PCS | H5: M3 | M5: T | N5: L | O5: P | P5: PAK | Q5: PCS | R5: M3
B6: 1 | C6: MERANTI | D6: 4 | E6: 10 | F6: 400 | G6: 475 | H6: =D6*E6*F6*G6/1000000 -> 7.6 | K6: 1 | L6: BKR | M6: 15 | N6: 20 | O6: 400 | Q6: 1 | R6: =M6*N6*O6*Q6/1000000 -> 0.12
B7: 2 | D7: 4 | E7: 10 | F7: 360 | G7: 44 | H7: =D7*E7*F7*G7/1000000 -> 0.6336 | K7: 2 | M7: 12 | N7: 15 | O7: 400 | Q7: 1 | R7: =M7*N7*O7*Q7/1000000 -> 0.072
B8: 3 | D8: 4 | E8: 10 | F8: 300 | G8: 44 | H8: =D8*E8*F8*G8/1000000 -> 0.528 | K8: 3 | M8: 10 | N8: 15 | O8: 400 | Q8: 1 | R8: =M8*N8*O8*Q8/1000000 -> 0.06
K9: 4 | M9: 8 | N9: 15 | O9: 400 | Q9: 2 | R9: =M9*N9*O9*Q9/1000000 -> 0.096
B10: 4 | D10: 4 | E10: 7 | F10: 400 | G10: 76 | H10: =D10*E10*F10*G10/1000000 -> 0.8512 | K10: 5 | M10: 6 | N10: 15 | O10: 400 | Q10: 4 | R10: =M10*N10*O10*Q10/1000000 -> 0.144 | S10: BELI MASAK BJB
B11: 5 | D11: 4 | E11: 7 | F11: 360 | G11: 8 | H11: =D11*E11*F11*G11/1000000 -> 0.08064 | K11: 6 | M11: 6 | N11: 12 | O11: 400 | Q11: 2 | R11: =M11*N11*O11*Q11/1000000 -> 0.0576
B12: 6 | D12: 4 | E12: 7 | F12: 300 | G12: 14 | H12: =D12*E12*F12*G12/1000000 -> 0.1176 | K12: 7 | M12: 6 | N12: 10 | O12: 400 | Q12: 2 | R12: =M12*N12*O12*Q12/1000000 -> 0.048
K13: 8 | M13: 2 | N13: 10 | O13: 400 | Q13: 1 | R13: =M13*N13*O13*Q13/1000000 -> 0.008
B14: 7 | D14: 3 | E14: 7 | F14: 400 | G14: 55 | H14: =D14*E14*F14*G14/1000000 -> 0.462 | K14: 9 | M14: 2 | N14: 10 | O14: 250 | Q14: 2 | R14: =M14*N14*O14*Q14/1000000 -> 0.01
B15: 8 | D15: 3 | E15: 7 | F15: 360 | G15: 3 | H15: =D15*E15*F15*G15/1000000 -> 0.02268 | K15: 10 | M15: 2 | N15: 10 | O15: 200 | Q15: 1 | R15: =M15*N15*O15*Q15/1000000 -> 0.004
B16: 9 | D16: 3 | E16: 7 | F16: 300 | G16: 21 | H16: =D16*E16*F16*G16/1000000 -> 0.1323 | K16: 11 | M16: 4.2 | N16: 4.2 | O16: 400 | P16: 1 | Q16: 6 | R16: =M16*N16*O16*Q16/1000000 -> 0.042336
G17: =SUM(G6:G16) -> 740 | H17: =SUM(H6:H16) -> 10.42802 | Q17: =SUM(Q6:Q16) -> 23 | R17: =SUM(R6:R16) -> 0.661936
K18: 12 | L18: BKR | M18: 2 | N18: 10 | O18: 400 | Q18: 3 | R18: =M18*N18*O18*Q18/1000000 -> 0.024
B19: BELI MASAK MRT | D19: 10.428 | E19: 3200000 | G19: =SUM(D19*E19) -> 33369600 | K19: 13 | M19: 2 | N19: 10 | O19: 200 | Q19: 2 | R19: =M19*N19*O19*Q19/1000000 -> 0.008 | S19: BELI MASAK PRAPTO
B20: BELI MSK BKR | D20: 0.7119 | E20: 6200000 | G20: =SUM(D20*E20) -> 4413780 | L20: JUMLAH | Q20: =SUM(Q18:Q19) -> 5 | R20: =SUM(R18:R19) -> 0.032
B21: BELI MSK BKR | D21: 0.19 | E21: 5700000 | G21: =SUM(D21*E21) -> 1083000
G22: =SUM(G19:H21) -> 38866380 | L22: TOTAL | Q22: =SUM(Q20,Q17) -> 28 | R22: =SUM(R20,R17) -> 0.693936 | S22: INV-001
B24: HASIL GRADE MERANTI | K24: HASIL PRODUKSI KAYU GERGAJIAN
B26: HARI / TGL : SELASA / 18 AGUST 2026 | K26: HARI/TGL : SABTU / 13 JUNI 2026
B27: NO | C27: JENIS KAYU | D27: UKURAN | I27: KET | K27: NO | L27: JENIS KAYU | M27: UKURAN KAYU | P27: VOLUME | S27: KET
D28: T | E28: L | F28: P | G28: PCS | H28: M3 | M28: T | N28: L | O28: P | P28: PAK | Q28: PCS | R28: M3
B29: 1 | C29: MERANTI | D29: 10 | E29: 15 | F29: 400 | G29: 2 | H29: =D29*E29*F29*G29/1000000 -> 0.12 | K29: 1 | L29: BKR | M29: 6 | N29: 15 | O29: 400 | Q29: 3 | R29: =M29*N29*O29*Q29/1000000 -> 0.108
B30: 2 | D30: 10 | E30: 20 | F30: 400 | G30: 1 | H30: =D30*E30*F30*G30/1000000 -> 0.08 | K30: 2 | M30: 3 | N30: 15 | O30: 400 | Q30: 1 | R30: =M30*N30*O30*Q30/1000000 -> 0.018
B31: 3 | D31: 8 | E31: 15 | F31: 400 | G31: 1 | H31: =D31*E31*F31*G31/1000000 -> 0.048 | K31: 3 | M31: 9.5 | N31: 9.5 | O31: 400 | Q31: 2 | R31: =M31*N31*O31*Q31/1000000 -> 0.0722
B32: 4 | D32: 4.5 | E32: 15 | F32: 400 | G32: 1 | H32: =D32*E32*F32*G32/1000000 -> 0.027 | K32: 4 | M32: 4.5 | N32: 10 | O32: 400 | Q32: 2 | R32: =M32*N32*O32*Q32/1000000 -> 0.036 | S32: BELI MASAK
B33: 5 | D33: 7 | E33: 13 | F33: 400 | G33: 1 | H33: =D33*E33*F33*G33/1000000 -> 0.0364 | Q33: =SUM(Q29:Q32) -> 8 | R33: =SUM(R29:R32) -> 0.2342
B34: 6 | D34: 4.5 | E34: 13 | F34: 400 | G34: 1 | H34: =D34*E34*F34*G34/1000000 -> 0.0234 | L34: TOTAL | Q34: =SUM(Q33) -> 8 | R34: =SUM(R33) -> 0.2342
G35: =SUM(G29:G34) -> 7 | H35: =SUM(H29:H34) -> 0.3348 | I35: MASAK
B36: 1 | C36: MERANTI | D36: 13 | E36: 25 | F36: 400 | G36: 1 | H36: =D36*E36*F36*G36/1000000 -> 0.13 | K36: HASIL PRODUKSI KAYU GERGAJIAN
B37: 2 | D37: 10 | E37: 20 | F37: 400 | G37: 2 | H37: =D37*E37*F37*G37/1000000 -> 0.16
B38: 3 | D38: 8 | E38: 20 | F38: 400 | G38: 2 | H38: =D38*E38*F38*G38/1000000 -> 0.128 | K38: HARI/TGL : SABTU / 13 JUNI 2026
B39: 4 | D39: 7 | E39: 20 | F39: 400 | G39: 1 | H39: =D39*E39*F39*G39/1000000 -> 0.056 | K39: NO | L39: JENIS KAYU | M39: UKURAN KAYU | P39: VOLUME | S39: KET
B40: 5 | D40: 4.5 | E40: 20 | F40: 400 | G40: 2 | H40: =D40*E40*F40*G40/1000000 -> 0.072 | M40: T | N40: L | O40: P | P40: PAK | Q40: PCS | R40: M3
B41: 6 | D41: 10 | E41: 15 | F41: 400 | G41: 1 | H41: =D41*E41*F41*G41/1000000 -> 0.06 | K41: 1 | L41: BKR | M41: 15 | N41: 15 | O41: 400 | Q41: 1 | R41: =M41*N41*O41*Q41/1000000 -> 0.09
B42: 7 | D42: 4.5 | E42: 13 | F42: 400 | G42: 2 | H42: =D42*E42*F42*G42/1000000 -> 0.0468 | K42: 2 | M42: 8 | N42: 15 | O42: 400 | Q42: 1 | R42: =M42*N42*O42*Q42/1000000 -> 0.048
B43: 8 | D43: 7 | E43: 10 | F43: 400 | G43: 1 | H43: =D43*E43*F43*G43/1000000 -> 0.028 | K43: 3 | M43: 6 | N43: 15 | O43: 400 | Q43: 1 | R43: =M43*N43*O43*Q43/1000000 -> 0.036
B44: 9 | D44: 4.5 | E44: 10 | F44: 400 | G44: 10 | H44: =D44*E44*F44*G44/1000000 -> 0.18 | K44: 4 | M44: 9.5 | N44: 9.5 | O44: 400 | Q44: 2 | R44: =M44*N44*O44*Q44/1000000 -> 0.0722
B45: 10 | D45: 3.5 | E45: 10 | F45: 400 | G45: 1 | H45: =D45*E45*F45*G45/1000000 -> 0.014 | K45: 5 | M45: 4.5 | N45: 10 | O45: 400 | Q45: 4 | R45: =M45*N45*O45*Q45/1000000 -> 0.072
B46: 11 | D46: 2.2 | E46: 10 | F46: 400 | G46: 2 | H46: =D46*E46*F46*G46/1000000 -> 0.0176 | K46: 6 | M46: 2 | N46: 10 | O46: 400 | Q46: 1 | R46: =M46*N46*O46*Q46/1000000 -> 0.008 | S46: BELI MASAK
G47: =SUM(G36:G46) -> 25 | H47: =SUM(H36:H46) -> 0.8924 | I47: MASAK | Q47: =SUM(Q41:Q46) -> 10 | R47: =SUM(R41:R46) -> 0.3262
B48: 46253 | C48: MERANTI | D48: 10 | E48: 25 | F48: 400 | G48: 3 | H48: =D48*E48*F48*G48/1000000 -> 0.3 | L48: TOTAL | Q48: =SUM(Q47) -> 10 | R48: =SUM(R47) -> 0.3262
B49: 2 | D49: 7 | E49: 25 | F49: 400 | G49: 1 | H49: =D49*E49*F49*G49/1000000 -> 0.07
B50: 3 | D50: 4.5 | E50: 25 | F50: 400 | G50: 1 | H50: =D50*E50*F50*G50/1000000 -> 0.045 | K50: HASIL PRODUKSI KAYU GERGAJIAN
B51: 4 | D51: 7 | E51: 13 | F51: 400 | G51: 1 | H51: =D51*E51*F51*G51/1000000 -> 0.0364
B52: 5 | D52: 4.5 | E52: 13 | F52: 400 | G52: 2 | H52: =D52*E52*F52*G52/1000000 -> 0.0468 | K52: HARI/TGL :SABTU / 20 JUNI 2026
B53: 6 | D53: 10 | E53: 10 | F53: 400 | G53: 1 | H53: =D53*E53*F53*G53/1000000 -> 0.04 | K53: NO | L53: JENIS KAYU | M53: UKURAN KAYU | P53: VOLUME | S53: KET
B54: 7 | D54: 4.5 | E54: 10 | F54: 400 | G54: 7 | H54: =D54*E54*F54*G54/1000000 -> 0.126 | M54: T | N54: L | O54: P | P54: PAK | Q54: PCS | R54: M3
B55: 8 | D55: 3.5 | E55: 10 | F55: 400 | G55: 1 | H55: =D55*E55*F55*G55/1000000 -> 0.014 | K55: 1 | L55: BKR | M55: 10 | N55: 15 | O55: 400 | Q55: 4 | R55: =M55*N55*O55*Q55/1000000 -> 0.24
B56: 9 | D56: 2.2 | E56: 10 | F56: 400 | G56: 2 | H56: =D56*E56*F56*G56/1000000 -> 0.0176 | K56: 2 | M56: 6 | N56: 15 | O56: 400 | Q56: 4 | R56: =M56*N56*O56*Q56/1000000 -> 0.144
B57: 10 | D57: 1.7 | E57: 10 | F57: 400 | G57: 1 | H57: =D57*E57*F57*G57/1000000 -> 0.0068 | K57: 3 | M57: 2 | N57: 10 | O57: 400 | Q57: 3 | R57: =M57*N57*O57*Q57/1000000 -> 0.024
B58: 11 | D58: 13 | E58: 15 | F58: 400 | G58: 1 | H58: =D58*E58*F58*G58/1000000 -> 0.078 | Q58: =SUM(Q55:Q57) -> 11 | R58: =SUM(R55:R57) -> 0.408 | S58: MASAK
B59: 12 | D59: 10 | E59: 20 | F59: 400 | G59: 1 | H59: =D59*E59*F59*G59/1000000 -> 0.08 | L59: TOTAL | Q59: =SUM(Q58) -> 11 | R59: =SUM(R58) -> 0.408 | S59: INV-004
G60: =SUM(G48:G59) -> 22 | H60: =SUM(H48:H59) -> 0.8606 | I60: MASAK
B61: 46253 | C61: MERANTI | D61: 4.5 | E61: 10 | F61: 400 | G61: 3 | H61: =D61*E61*F61*G61/1000000 -> 0.054 | K61: HASIL PRODUKSI KAYU GERGAJIAN
B62: 2 | D62: 2.2 | E62: 10 | F62: 400 | G62: 3 | H62: =D62*E62*F62*G62/1000000 -> 0.0264
G63: =SUM(G61:G62) -> 6 | H63: =SUM(H61:H62) -> 0.0804 | I63: MASAK | K63: HARI/TGL :MINGGU / 21 JUNI 2026
B64: 46254 | C64: MERANTI | D64: 7 | E64: 20 | F64: 400 | G64: 1 | H64: =D64*E64*F64*G64/1000000 -> 0.056 | K64: NO | L64: JENIS KAYU | M64: UKURAN KAYU | P64: VOLUME | S64: KET
B65: 2 | D65: 4.5 | E65: 20 | F65: 400 | G65: 1 | H65: =D65*E65*F65*G65/1000000 -> 0.036 | M65: T | N65: L | O65: P | P65: PAK | Q65: PCS | R65: M3
B66: 3 | D66: 7 | E66: 13 | F66: 400 | G66: 1 | H66: =D66*E66*F66*G66/1000000 -> 0.0364 | K66: 1 | L66: BKR | M66: 12 | N66: 15 | O66: 400 | Q66: 1 | R66: =M66*N66*O66*Q66/1000000 -> 0.072
B67: 4 | D67: 10 | E67: 15 | F67: 400 | G67: 2 | H67: =D67*E67*F67*G67/1000000 -> 0.12 | K67: 2 | M67: 10 | N67: 15 | O67: 400 | Q67: 1 | R67: =M67*N67*O67*Q67/1000000 -> 0.06
B68: 5 | D68: 8 | E68: 10 | F68: 400 | G68: 3 | H68: =D68*E68*F68*G68/1000000 -> 0.096 | K68: 3 | M68: 4.5 | N68: 10 | O68: 400 | Q68: 3 | R68: =M68*N68*O68*Q68/1000000 -> 0.054
B69: 6 | D69: 7 | E69: 10 | F69: 400 | G69: 3 | H69: =D69*E69*F69*G69/1000000 -> 0.084 | Q69: =SUM(Q66:Q68) -> 5 | R69: =SUM(R66:R68) -> 0.186 | S69: MASAK
B70: 7 | D70: 4.5 | E70: 10 | F70: 400 | G70: 14 | H70: =D70*E70*F70*G70/1000000 -> 0.252 | L70: TOTAL | Q70: =SUM(Q69) -> 5 | R70: =SUM(R69) -> 0.186 | S70: INV-004
B71: 8 | D71: 3.5 | E71: 10 | F71: 400 | G71: 2 | H71: =D71*E71*F71*G71/1000000 -> 0.028
B72: 9 | D72: 10 | E72: 10 | F72: 400 | G72: 3 | H72: =D72*E72*F72*G72/1000000 -> 0.12 | K72: HASIL PRODUKSI KAYU GERGAJIAN
B73: 10 | D73: 2.2 | E73: 10 | F73: 400 | G73: 3 | H73: =D73*E73*F73*G73/1000000 -> 0.0264
B74: 11 | D74: 4.5 | E74: 13 | F74: 400 | G74: 2 | H74: =D74*E74*F74*G74/1000000 -> 0.0468 | K74: HARI/TGL :JUMAT / 26 JUNI 2026
B75: 12 | D75: 10 | E75: 15 | F75: 400 | G75: 2 | H75: =D75*E75*F75*G75/1000000 -> 0.12 | K75: NO | L75: JENIS KAYU | M75: UKURAN KAYU | P75: VOLUME | S75: KET
B76: 13 | D76: 4.5 | E76: 10 | F76: 300 | G76: 9 | H76: =D76*E76*F76*G76/1000000 -> 0.1215 | M76: T | N76: L | O76: P | P76: PAK | Q76: PCS | R76: M3
B77: 14 | D77: 8 | E77: 10 | F77: 300 | G77: 1 | H77: =D77*E77*F77*G77/1000000 -> 0.024 | K77: 1 | L77: BKR | M77: 12 | N77: 15 | O77: 400 | Q77: 2 | R77: =M77*N77*O77*Q77/1000000 -> 0.144
B78: 15 | D78: 4.5 | E78: 10 | F78: 250 | G78: 4 | H78: =D78*E78*F78*G78/1000000 -> 0.045 | K78: 2 | M78: 10 | N78: 15 | O78: 400 | Q78: 3 | R78: =M78*N78*O78*Q78/1000000 -> 0.18
B79: 16 | D79: 3.5 | E79: 10 | F79: 300 | G79: 1 | H79: =D79*E79*F79*G79/1000000 -> 0.0105 | K79: 3 | M79: 3 | N79: 15 | O79: 400 | Q79: 2 | R79: =M79*N79*O79*Q79/1000000 -> 0.036
G80: =SUM(G64:G79) -> 52 | H80: =SUM(H64:H79) -> 1.2226 | I80: MASAK | K80: 4 | M80: 2 | N80: 15 | O80: 400 | Q80: 1 | R80: =M80*N80*O80*Q80/1000000 -> 0.012
B81: 46254 | C81: MERANTI | D81: 7 | E81: 25 | F81: 400 | G81: 1 | H81: =D81*E81*F81*G81/1000000 -> 0.07 | K81: 5 | M81: 4.5 | N81: 9.5 | O81: 400 | Q81: 5 | R81: =M81*N81*O81*Q81/1000000 -> 0.0855
B82: 2 | D82: 13 | E82: 20 | F82: 400 | G82: 1 | H82: =D82*E82*F82*G82/1000000 -> 0.104 | K82: 6 | M82: 2 | N82: 10 | O82: 400 | Q82: 17 | R82: =M82*N82*O82*Q82/1000000 -> 0.136 | S82: MASAK
B83: 3 | D83: 10 | E83: 20 | F83: 400 | G83: 1 | H83: =D83*E83*F83*G83/1000000 -> 0.08 | Q83: =SUM(Q77:Q82) -> 30 | R83: =SUM(R77:R82) -> 0.5935
B84: 4 | D84: 10 | E84: 15 | F84: 400 | G84: 2 | H84: =D84*E84*F84*G84/1000000 -> 0.12 | L84: TOTAL | Q84: =SUM(Q83) -> 30 | R84: =SUM(R83) -> 0.5935
B85: 5 | D85: 4.5 | E85: 13 | F85: 400 | G85: 3 | H85: =D85*E85*F85*G85/1000000 -> 0.0702
B86: 6 | D86: 2.2 | E86: 15 | F86: 400 | G86: 1 | H86: =D86*E86*F86*G86/1000000 -> 0.0132 | K86: HASIL PRODUKSI KAYU GERGAJIAN
B87: 7 | D87: 2.2 | E87: 13 | F87: 400 | G87: 1 | H87: =D87*E87*F87*G87/1000000 -> 0.01144
B88: 8 | D88: 8 | E88: 13 | F88: 400 | G88: 1 | H88: =D88*E88*F88*G88/1000000 -> 0.0416 | K88: HARI/TGL : MINGGU / 28 JUNI 2026
B89: 9 | D89: 7 | E89: 13 | F89: 400 | G89: 1 | H89: =D89*E89*F89*G89/1000000 -> 0.0364 | K89: NO | L89: JENIS KAYU | M89: UKURAN KAYU | P89: VOLUME | S89: KET
B90: 10 | D90: 2.2 | E90: 10 | F90: 400 | G90: 3 | H90: =D90*E90*F90*G90/1000000 -> 0.0264 | M90: T | N90: L | O90: P | P90: PAK | Q90: PCS | R90: M3
B91: 11 | D91: 3.5 | E91: 10 | F91: 400 | G91: 1 | H91: =D91*E91*F91*G91/1000000 -> 0.014 | K91: 1 | L91: BKR | M91: 15 | N91: 15 | O91: 400 | Q91: 5 | R91: =M91*N91*O91*Q91/1000000 -> 0.45
B92: 12 | D92: 4.5 | E92: 10 | F92: 400 | G92: 6 | H92: =D92*E92*F92*G92/1000000 -> 0.108 | K92: 2 | M92: 12 | N92: 15 | O92: 400 | Q92: 2 | R92: =M92*N92*O92*Q92/1000000 -> 0.144
B93: 13 | D93: 4.5 | E93: 10 | F93: 300 | G93: 1 | H93: =D93*E93*F93*G93/1000000 -> 0.0135 | K93: 3 | M93: 10 | N93: 15 | O93: 400 | Q93: 6 | R93: =M93*N93*O93*Q93/1000000 -> 0.36
B94: 14 | D94: 10 | E94: 10 | F94: 400 | G94: 1 | H94: =D94*E94*F94*G94/1000000 -> 0.04 | K94: 4 | M94: 6 | N94: 15 | O94: 400 | Q94: 2 | R94: =M94*N94*O94*Q94/1000000 -> 0.072
B95: 15 | D95: 8 | E95: 10 | F95: 400 | G95: 1 | H95: =D95*E95*F95*G95/1000000 -> 0.032 | K95: 5 | M95: 3 | N95: 15 | O95: 400 | Q95: 4 | R95: =M95*N95*O95*Q95/1000000 -> 0.072
G96: =SUM(G81:G95) -> 25 | H96: =SUM(H81:H95) -> 0.78074 | I96: MASAK | K96: 6 | M96: 2 | N96: 15 | O96: 400 | Q96: 1 | R96: =M96*N96*O96*Q96/1000000 -> 0.012
G97: =SUM(G96,G80,G63,G60,G47,G35) -> 137 | H97: =SUM(H96,H80,H63,H60,H47,H35) -> 4.17154 | I97: MASAK | K97: 7 | M97: 3 | N97: 12.5 | O97: 400 | Q97: 2 | R97: =M97*N97*O97*Q97/1000000 -> 0.03
K98: 8 | M98: 9.5 | N98: 9.5 | O98: 400 | Q98: 4 | R98: =M98*N98*O98*Q98/1000000 -> 0.1444
K99: 9 | M99: 4.5 | N99: 9.5 | O99: 400 | Q99: 17 | R99: =M99*N99*O99*Q99/1000000 -> 0.2907
B100: HASIL GRADE MERANTI | K100: 10 | M100: 2 | N100: 10 | O100: 400 | Q100: 20 | R100: =M100*N100*O100*Q100/1000000 -> 0.16
Q101: =SUM(Q91:Q100) -> 63 | R101: =SUM(R91:R100) -> 1.7351
L102: TOTAL | Q102: =SUM(Q101) -> 63 | R102: =SUM(R101) -> 1.7351
B103: NO | C103: JENIS KAYU | D103: UKURAN | I103: KET
...

Sheet PLAT BENGKIRAI
B1: INPUT PLAT BJB TIMANG | K1: HASIL PRODUKSI HARIAN KAYU GERGAJIAN
B3: HARI/TGL : MINGGU / 26 APRIL 2026 | K3: HARI/TGL : MINGGU / 26 APRIL 2026 | Q3: GROUP : P.DAKE
B4: NO | C4: JENIS KAYU | D4: UKURAN KAYU | G4: VOLUME | I4: KETERANGAN | K4: NO | L4: JENIS KAYU | M4: UKURAN KAYU | P4: VOLUME | S4: KETERANGAN
D5: T | E5: L | F5: P | G5: PCS | H5: M3 | M5: T | N5: L | O5: P | P5: PAK | Q5: PCS | R5: M3
B6: 1 | C6: BENGKIRAI | D6: 13 | E6: 15 | F6: 400 | G6: 1 | H6: =SUM(D6*E6*F6*G6/10^6) -> 0.078 | K6: 1 | L6: BKR | M6: 15 | N6: 15 | O6: 400 | Q6: 27 | R6: =M6*N6*O6*Q6/1000000 -> 2.43
B7: 2 | D7: 13 | E7: 15 | F7: 400 | G7: 1 | H7: =SUM(D7*E7*F7*G7/10^6) -> 0.078 | K7: 2 | M7: 13 | N7: 15 | O7: 400 | Q7: 1 | R7: =M7*N7*O7*Q7/1000000 -> 0.078
B8: 3 | D8: 12 | E8: 14 | F8: 400 | G8: 1 | H8: =SUM(D8*E8*F8*G8/10^6) -> 0.0672 | K8: 3 | M8: 8 | N8: 15 | O8: 400 | Q8: 4 | R8: =M8*N8*O8*Q8/1000000 -> 0.192
B9: 4 | D9: 14 | E9: 14 | F9: 400 | G9: 1 | H9: =SUM(D9*E9*F9*G9/10^6) -> 0.0784 | K9: 4 | M9: 6 | N9: 15 | O9: 400 | Q9: 6 | R9: =M9*N9*O9*Q9/1000000 -> 0.216 | S9: PLAT BJB EX TIMANG
B10: 5 | D10: 4 | E10: 15 | F10: 400 | G10: 1 | H10: =SUM(D10*E10*F10*G10/10^6) -> 0.024 | K10: 5 | M10: 3 | N10: 15 | O10: 400 | Q10: =9+5 -> 14 | R10: =M10*N10*O10*Q10/1000000 -> 0.252
B11: 6 | D11: 6 | E11: 12 | F11: 400 | G11: 1 | H11: =SUM(D11*E11*F11*G11/10^6) -> 0.0288 | K11: 6 | M11: 3 | N11: 13 | O11: 400 | Q11: 1 | R11: =M11*N11*O11*Q11/1000000 -> 0.0156
B12: 7 | D12: 7 | E12: 18 | F12: 400 | G12: 1 | H12: =SUM(D12*E12*F12*G12/10^6) -> 0.0504 | K12: 7 | M12: 2 | N12: 10 | O12: 400 | Q12: 6 | R12: =M12*N12*O12*Q12/1000000 -> 0.048
B13: 8 | D13: 5 | E13: 14 | F13: 400 | G13: 1 | H13: =SUM(D13*E13*F13*G13/10^6) -> 0.028 | K13: JUMLAH | P13: =SUM(P6:P12) -> 0 | Q13: =SUM(Q6:Q12) -> 59 | R13: =SUM(R6:R12) -> 3.2316
B14: 9 | D14: 12 | E14: 12 | F14: 400 | G14: 1 | H14: =SUM(D14*E14*F14*G14/10^6) -> 0.0576 | K14: 8 | M14: 2 | N14: 3 | O14: 400 | P14: 1 | Q14: 25 | R14: =M14*N14*O14*Q14/1000000 -> 0.06 | S14: PLAT BJB EX TIMANG
B15: 10 | D15: 15 | E15: 15 | F15: 400 | G15: 1 | H15: =SUM(D15*E15*F15*G15/10^6) -> 0.09 | K15: JUMLAH | P15: =SUM(P14) -> 1 | Q15: =SUM(Q14) -> 25 | R15: =SUM(R14) -> 0.06
B16: 11 | D16: 14 | E16: 14 | F16: 400 | G16: 1 | H16: =SUM(D16*E16*F16*G16/10^6) -> 0.0784
B17: 12 | D17: 15 | E17: 15 | F17: 400 | G17: 1 | H17: =SUM(D17*E17*F17*G17/10^6) -> 0.09 | K17: TOTAL | P17: =P13+P15 -> 1 | Q17: =Q13+Q15 -> 84 | R17: =R13+R15 -> 3.2916 | S17: =SUM(R17/H49) -> 1.2178482
B18: 13 | D18: 4 | E18: 14 | F18: 400 | G18: 1 | H18: =SUM(D18*E18*F18*G18/10^6) -> 0.0224
B19: 14 | D19: 4 | E19: 14 | F19: 400 | G19: 1 | H19: =SUM(D19*E19*F19*G19/10^6) -> 0.0224 | K19: INPUT | P19: 2.7028 | Q19: RNDMN | R19: =R17/P19 -> 1.2178482
B20: 15 | D20: 4 | E20: 14 | F20: 400 | G20: 1 | H20: =SUM(D20*E20*F20*G20/10^6) -> 0.0224 | Q20: BALOK | R20: =R13/P19 -> 1.195649
B21: 16 | D21: 15 | E21: 15 | F21: 400 | G21: 1 | H21: =SUM(D21*E21*F21*G21/10^6) -> 0.09 | Q21: USUK: | R21: =R15/P19 -> 0.022199201 | S21: INV-001
B22: 17 | D22: 6 | E22: 17 | F22: 400 | G22: 1 | H22: =SUM(D22*E22*F22*G22/10^6) -> 0.0408
B23: 18 | D23: 15 | E23: 17 | F23: 400 | G23: 1 | H23: =SUM(D23*E23*F23*G23/10^6) -> 0.102 | L23: TGL 26 MEI 2026
B24: 19 | D24: 12 | E24: 15 | F24: 400 | G24: 1 | H24: =SUM(D24*E24*F24*G24/10^6) -> 0.072 | L24: JENIS | M24: INPUT PLAT | O24: OUTPUT PLAT | Q24: RDM
B25: 20 | D25: 13 | E25: 15 | F25: 400 | G25: 1 | H25: =SUM(D25*E25*F25*G25/10^6) -> 0.078 | M25: PCS | N25: M3 | O25: PCS | P25: M3
B26: 21 | D26: 15 | E26: 15 | F26: 400 | G26: 1 | H26: =SUM(D26*E26*F26*G26/10^6) -> 0.09 | K26: 26/06 | L26: BKR | M26: =SUM(G49) -> 43 | N26: =SUM(H49) -> 2.7028 | O26: =SUM(Q17) -> 84 | P26: =SUM(R17) -> 3.2916 | Q26: =SUM(P26/N26) -> 1.2178482
B27: 22 | D27: 6 | E27: 12 | F27: 400 | G27: 1 | H27: =SUM(D27*E27*F27*G27/10^6) -> 0.0288 | L27: GT | M27: =SUM(M26:M26) -> 43 | N27: =SUM(N26:N26) -> 2.7028 | O27: =SUM(O26:O26) -> 84 | P27: =SUM(P26:P26) -> 3.2916 | Q27: =SUM(P27/N27) -> 1.2178482
B28: 23 | D28: 14 | E28: 14 | F28: 400 | G28: 1 | H28: =SUM(D28*E28*F28*G28/10^6) -> 0.0784
B29: 24 | D29: 4 | E29: 12 | F29: 400 | G29: 1 | H29: =SUM(D29*E29*F29*G29/10^6) -> 0.0192 | L29: BENGKIRAI | N29: =SUM(R13) -> 3.2316
B30: 25 | D30: 15 | E30: 15 | F30: 400 | G30: 1 | H30: =SUM(D30*E30*F30*G30/10^6) -> 0.09 | L30: RENG | N30: =SUM(R15) -> 0.06
B31: 26 | D31: 15 | E31: 15 | F31: 400 | G31: 1 | H31: =SUM(D31*E31*F31*G31/10^6) -> 0.09 | N31: =SUM(N29:N30) -> 3.2916
B32: 27 | D32: 6 | E32: 10 | F32: 400 | G32: 1 | H32: =SUM(D32*E32*F32*G32/10^6) -> 0.024
B33: 28 | D33: 4 | E33: 17 | F33: 400 | G33: 1 | H33: =SUM(D33*E33*F33*G33/10^6) -> 0.0272
B34: 29 | D34: 6 | E34: 14 | F34: 400 | G34: 1 | H34: =SUM(D34*E34*F34*G34/10^6) -> 0.0336
B35: 30 | D35: 12 | E35: 12 | F35: 400 | G35: 1 | H35: =SUM(D35*E35*F35*G35/10^6) -> 0.0576
B36: 31 | D36: 15 | E36: 15 | F36: 400 | G36: 1 | H36: =SUM(D36*E36*F36*G36/10^6) -> 0.09
B37: 32 | D37: 15 | E37: 15 | F37: 400 | G37: 1 | H37: =SUM(D37*E37*F37*G37/10^6) -> 0.09
B38: 33 | D38: 4 | E38: 13 | F38: 400 | G38: 1 | H38: =SUM(D38*E38*F38*G38/10^6) -> 0.0208
B39: 34 | D39: 13 | E39: 13 | F39: 400 | G39: 1 | H39: =SUM(D39*E39*F39*G39/10^6) -> 0.0676
B40: 35 | D40: 15 | E40: 15 | F40: 400 | G40: 1 | H40: =SUM(D40*E40*F40*G40/10^6) -> 0.09
B41: 36 | D41: 15 | E41: 15 | F41: 400 | G41: 1 | H41: =SUM(D41*E41*F41*G41/10^6) -> 0.09
B42: 37 | D42: 14 | E42: 14 | F42: 400 | G42: 1 | H42: =SUM(D42*E42*F42*G42/10^6) -> 0.0784
B43: 38 | D43: 6 | E43: 17 | F43: 400 | G43: 1 | H43: =SUM(D43*E43*F43*G43/10^6) -> 0.0408
... B48: 43 | D48: 12 | E48: 12 | F48: 400 | G48: 1 | H48: =SUM(D48*E48*F48*G48/10^6) -> 0.0576
B49: KAYU BENGKIRAI EX TIMANG | G49: =SUM(G6:G48) -> 43 | H49: =SUM(H6:H48) -> 2.7028
B52: INPUT KAYU BENGKIRAI | K52: HASIL PRODUKSI HARIAN KAYU GERGAJIAN
B54: HARI/TGL : SENIN / 27 APRIL 2026 | K54: HARI/TGL : SENIN / 27 APRIL 2026 | R54: GROUP : ARIEF/SUREM
B55: NO | C55: JENIS KAYU | D55: UKURAN KAYU | G55: VOLUME | I55: KETERANGAN | K55: NO | L55: JENIS KAYU | M55: UKURAN KAYU | P55: VOLUME | S55: KETERANGAN
D56: T | E56: L | F56: P | G56: PCS | H56: M3 | M56: T | N56: L | O56: P | P56: PAK | Q56: PCS | R56: M3
B57: 1 | C57: BKR | D57: 6 | E57: 12 | F57: 400 | G57: 1 | H57: =D57*E57*F57*G57/1000000 -> 0.0288 | I57: PLAT BJB (ALAY) | K57: 1 | L57: BKR | M57: 15 | N57: 25 | O57: 400 | Q57: 1 | R57: =M57*N57*O57*Q57/1000000 -> 0.15
B58: 2 | D58: 5 | E58: 12 | F58: 400 | G58: 1 | H58: =D58*E58*F58*G58/1000000 -> 0.024 | K58: 2 | M58: 15 | N58: 24 | O58: 400 | Q58: 2 | R58: =M58*N58*O58*Q58/1000000 -> 0.288
B59: 3 | D59: 6 | E59: 12 | F59: 400 | G59: 1 | H59: =D59*E59*F59*G59/1000000 -> 0.0288 | K59: 3 | M59: 15 | N59: 20 | O59: 400 | Q59: 6 | R59: =M59*N59*O59*Q59/1000000 -> 0.72
B60: 4 | D60: 6 | E60: 12 | F60: 400 | G60: 1 | H60: =D60*E60*F60*G60/1000000 -> 0.0288 | K60: 4 | M60: 15 | N60: 15 | O60: 400 | Q60: 2 | R60: =M60*N60*O60*Q60/1000000 -> 0.18
B61: 5 | D61: 6 | E61: 12 | F61: 400 | G61: 1 | H61: =D61*E61*F61*G61/1000000 -> 0.0288 | K61: 5 | M61: 13 | N61: 15 | O61: 400 | Q61: 1 | R61: =M61*N61*O61*Q61/1000000 -> 0.078
B62: 6 | D62: 5 | E62: 12 | F62: 400 | G62: 1 | H62: =D62*E62*F62*G62/1000000 -> 0.024 | K62: 6 | M62: 13 | N62: 13 | O62: 400 | Q62: 1 | R62: =M62*N62*O62*Q62/1000000 -> 0.0676
B63: 7 | D63: 12 | E63: 12 | F63: 300 | G63: 1 | H63: =D63*E63*F63*G63/1000000 -> 0.0432 | K63: 7 | M63: 13 | N63: 13 | O63: 300 | Q63: 1 | R63: =M63*N63*O63*Q63/1000000 -> 0.0507 | S63: PLAT BJB EX ALAY
B64: 8 | D64: 6 | E64: 12 | F64: 400 | G64: 1 | H64: =D64*E64*F64*G64/1000000 -> 0.0288 | K64: 8 | M64: 5 | N64: 20 | O64: 400 | Q64: 1 | R64: =M64*N64*O64*Q64/1000000 -> 0.04
B65: 9 | D65: 5 | E65: 12 | F65: 400 | G65: 1 | H65: =D65*E65*F65*G65/1000000 -> 0.024 | K65: 9 | M65: 6 | N65: 15 | O65: 400 | Q65: 2 | R65: =M65*N65*O65*Q65/1000000 -> 0.072
B66: 10 | D66: 20 | E66: 24 | F66: 400 | G66: 1 | H66: =D66*E66*F66*G66/1000000 -> 0.192 | K66: 10 | M66: 6 | N66: 13 | O66: 400 | Q66: 2 | R66: =M66*N66*O66*Q66/1000000 -> 0.0624
B67: 11 | D67: 20 | E67: 20 | F67: 400 | G67: 1 | H67: =D67*E67*F67*G67/1000000 -> 0.16 | K67: 11 | M67: 7 | N67: 13 | O67: 400 | Q67: 1 | R67: =M67*N67*O67*Q67/1000000 -> 0.0364
B68: 12 | D68: 20 | E68: 20 | F68: 400 | G68: 1 | H68: =D68*E68*F68*G68/1000000 -> 0.16 | K68: 12 | M68: 3 | N68: 13 | O68: 400 | Q68: 7 | R68: =M68*N68*O68*Q68/1000000 -> 0.1092
B69: 13 | D69: 20 | E69: 20 | F69: 400 | G69: 1 | H69: =D69*E69*F69*G69/1000000 -> 0.16 | K69: 13 | M69: 3 | N69: 25 | O69: 400 | Q69: 2 | R69: =M69*N69*O69*Q69/1000000 -> 0.06
B70: 14 | D70: 20 | E70: 20 | F70: 400 | G70: 1 | H70: =D70*E70*F70*G70/1000000 -> 0.16 | K70: 14 | M70: 3 | N70: 20 | O70: 400 | Q70: 3 | R70: =M70*N70*O70*Q70/1000000 -> 0.072
B71: 15 | D71: 15 | E71: 20 | F71: 400 | G71: 1 | H71: =D71*E71*F71*G71/1000000 -> 0.12 | K71: 15 | M71: 4 | N71: 20 | O71: 400 | Q71: 1 | R71: =M71*N71*O71*Q71/1000000 -> 0.032
B72: 16 | D72: 20 | E72: 20 | F72: 400 | G72: 1 | H72: =D72*E72*F72*G72/1000000 -> 0.16 | K72: JUMLAH | P72: =SUM(P57:P71) -> 0 | Q72: =SUM(Q57:Q71) -> 33 | R72: =SUM(R57:R71) -> 2.0183 | S72: =SUM(R72/H80) -> 1.0234787
B73: 17 | D73: 20 | E73: 20 | F73: 400 | G73: 1 | H73: =D73*E73*F73*G73/1000000 -> 0.16 | K73: 16 | M73: 6 | N73: 15 | O73: 400 | Q73: 2 | R73: =M73*N73*O73*Q73/1000000 -> 0.072
B74: 18 | D74: 15 | E74: 15 | F74: 400 | G74: 1 | H74: =D74*E74*F74*G74/1000000 -> 0.09 | K74: 17 | M74: 2 | N74: 10 | O74: 400 | Q74: 14 | R74: =M74*N74*O74*Q74/1000000 -> 0.112 | S74: BJB BELI MASAK
B75: 19 | D75: 12 | E75: 15 | F75: 400 | G75: 1 | H75: =D75*E75*F75*G75/1000000 -> 0.072 | K75: 18 | M75: 2 | N75: 10 | O75: 300 | Q75: 4 | R75: =M75*N75*O75*Q75/1000000 -> 0.024 | S75: ALAY
B76: 20 | D76: 10 | E76: 10 | F76: 400 | G76: 1 | H76: =D76*E76*F76*G76/1000000 -> 0.04 | K76: JUMLAH | P76: =SUM(P74) -> 0 | Q76: =SUM(Q73:Q75) -> 20 | R76: =SUM(R73:R75) -> 0.208
B77: 21 | D77: 15 | E77: 15 | F77: 400 | G77: 1 | H77: =D77*E77*F77*G77/1000000 -> 0.09
B78: 22 | D78: 15 | E78: 20 | F78: 400 | G78: 1 | H78: =D78*E78*F78*G78/1000000 -> 0.12 | K78: TOTAL | P78: =SUM(P76,P72) -> 0 | Q78: =SUM(Q76,Q72) -> 53 | R78: =SUM(R76,R72) -> 2.2263 | S78: INV-001
B79: 23 | D79: 6 | E79: 12 | F79: 400 | G79: 1 | H79: =D79*E79*F79*G79/1000000 -> 0.0288
G80: =SUM(G57:G79) -> 23 | H80: =SUM(H57:H79) -> 1.972 | L80: INPUT | Q80: =SUM(H80) -> 1.972 | R80: RNDMN | S80: =R72/Q80 -> 1.0234787
R81: BALOK | S81: =SUM(R72/Q80) -> 1.0234787
B82: BJB PLAT 26 - 27 APRIL 26 | G82: RDM | R82: USUK: | S82: 0
B83: BELI PLAT BJB TM | E83: =SUM(G49) -> 43 | F83: =SUM(H49) -> 2.7028 | G83: =SUM(E89/F83) -> 1.2178482
B84: BELI PLAT BJB ALAY | E84: =SUM(G80) -> 23 | F84: =SUM(H80) -> 1.972 | G84: =SUM(E90/H80) -> 1.0234787 | L84: TGL 26 MEI 2026 - 27 MEI 2026
B85: BJB MASAK EX ALAY | E85: =SUM(Q76) -> 20 | F85: =SUM(R76) -> 0.208 | G85: EX PAK DAKE | L85: JENIS | M85: INPUT PLAT | O85: OUTPUT PLAT | Q85: RDM
E86: =SUM(E83:E85) -> 86 | F86: =SUM(F83:F85) -> 4.8828 | M86: PCS | N86: M3 | O86: PCS | P86: M3
K87: 26/06 | L87: BKR | M87: =SUM(M27) -> 43 | N87: =SUM(N27) -> 2.7028 | O87: =SUM(O27) -> 84 | P87: =SUM(P27) -> 3.2916 | Q87: =SUM(P87/N87) -> 1.2178482
B88: OUTPUT PRODUKSI | K88: 27/06 | L88: BKR | M88: =SUM(G80) -> 23 | N88: =SUM(H80) -> 1.972 | O88: =SUM(Q72) -> 33 | P88: =SUM(R72) -> 2.0183 | Q88: =SUM(P88/N88) -> 1.0234787
B89: PLAT BJB TM | D89: =SUM(Q17) -> 84 | E89: =SUM(R17) -> 3.2916 | F89: EX PLAT BJB TM | L89: GT | M89: =SUM(M87:M88) -> 66 | N89: =SUM(N87:N88) -> 4.6748 | O89: =SUM(O87:O88) -> 117 | P89: =SUM(P87:P88) -> 5.3099 | Q89: =SUM(P89/N89) -> 1.1358561 | R89: RDM
B90: PLAT BJB ALAY | D90: =SUM(Q72) -> 33 | E90: =SUM(R72) -> 2.0183 | F90: EX PLAT BJB ALAY
D91: =SUM(D89:D90) -> 117 | E91: =SUM(E89:E90) -> 5.3099 | L91: BENGKIRAI | N91: =SUM(N29,R72) -> 5.2499
L92: RENG | N92: =SUM(N30) -> 0.06
M93: INV-01 | N93: =SUM(N91:N92) -> 5.3099 | O93: OUTPUT PLAT MERANTI
B94: PLAT EX ALAY | D94: =SUM(H49) -> 2.7028 | E94: 6200000 | G94: =SUM(D94*E94) -> 16757360 | L94: BELI MASAK | N94: =SUM(R76) -> 0.208 | O94: EX ALAY
B95: PLAT EX TIMANG | D95: =SUM(H80) -> 1.972 | E95: 6200000 | G95: =SUM(D95*E95) -> 12226400 | M95: INV-01 | N95: =SUM(N94) -> 0.208
D96: =SUM(D94:D95) -> 4.6748 | G96: =SUM(G94:H95) -> 28983760
B98: OK CROSSCEK 07 JUNI 2026
B102: INPUT KAYU BENGKIRAI | K102: INPUT KAYU BENGKIRAI
B104: HARI/TGL : SENIN / 06 JULI 2026 | K104: HARI/TGL : SENIN / 06 JULI 2026
B105: NO | C105: JENIS KAYU | D105: UKURAN KAYU | G105: VOLUME | I105: KET | K105: NO | L105: JENIS KAYU | M105: UKURAN KAYU | P105: VOLUME | S105: KET
D106: T | E106: L | F106: P | G106: PCS | H106: M3 | M106: T | N106: L | O106: P | P106: PAK | Q106: PCS | R106: M3
B107: 1 | C107: BKR | D107: 20 | E107: 21 | F107: 400 | G107: 1 | H107: =D107*E107*F107*G107/1000000 -> 0.168 | I107: PLAT BJB (ALAY) | K107: 1 | L107: BKR | M107: 15 | N107: 29 | O107: 400 | Q107: 2 | R107: =M107*N107*O107*Q107/1000000 -> 0.348 | S107: PLAT BJB (ALAY)
B108: 2 | D108: 23 | E108: 23 | F108: 400 | G108: 1 | H108: =D108*E108*F108*G108/1000000 -> 0.2116 | K108: 2 | M108: 15 | N108: 30 | O108: 400 | Q108: 2 | R108: =M108*N108*O108*Q108/1000000 -> 0.36
B109: 3 | D109: 10 | E109: 15 | F109: 400 | G109: 1 | H109: =D109*E109*F109*G109/1000000 -> 0.06 | K109: 3 | M109: 15 | N109: 31 | O109: 400 | Q109: 4 | R109: =M109*N109*O109*Q109/1000000 -> 0.744
B110: 4 | D110: 31 | E110: 26 | F110: 400 | G110: 1 | H110: =D110*E110*F110*G110/1000000 -> 0.3224 | K110: 4 | M110: 15 | N110: 26 | O110: 400 | Q110: 6 | R110: =M110*N110*O110*Q110/1000000 -> 0.936
B111: 5 | D111: 18 | E111: 31 | F111: 400 | G111: 1 | H111: =D111*E111*F111*G111/1000000 -> 0.2232 | K111: 5 | M111: 15 | N111: 25 | O111: 400 | Q111: 4 | R111: =M111*N111*O111*Q111/1000000 -> 0.6
B112: 6 | D112: 21 | E112: 25 | F112: 400 | G112: 1 | H112: =D112*E112*F112*G112/1000000 -> 0.21 | K112: 6 | M112: 15 | N112: 27 | O112: 400 | Q112: 2 | R112: =M112*N112*O112*Q112/1000000 -> 0.324
B113: 7 | D113: 20 | E113: 25 | F113: 400 | G113: 1 | H113: =D113*E113*F113*G113/1000000 -> 0.2 | K113: 7 | M113: 15 | N113: 28 | O113: 400 | Q113: 1 | R113: =M113*N113*O113*Q113/1000000 -> 0.168
...

Sheet Sheet1
B1: INPUT GESEK MERANTI EX LOG | J1: OUTPUT GESEK MERANTI EX LOG | T1: HASIL GRADE MERANTI | AC1: REKAP OUTPUT GESEK MERANTI EX LOG
B3: HARI/TGL : SABTU / 09 MEI 2026
B4: TGL | C4: CODE | D4: JENIS | E4: VOLUME | H4: KET | J4: TGL | K4: JENIS KAYU | L4: UKURAN | O4: VOLUME | R4: KET | T4: TGL | U4: JENIS KAYU | V4: UKURAN | AA4: KET | AC4: TGL | AD4: JENIS KAYU | AE4: IN / OUT LOG | AI4: JUMLAH
E5: P | F5: RT | G5: M3 | L5: T | M5: L | N5: P | O5: PAK | P5: PCS | Q5: M3 | V5: T | W5: L | X5: P | Y5: PCS | Z5: M3 | AE5: INPUT LOG | AF5: BALOK | AG5: RENG | AH5: MASAK
A6: 1 | B6: 46151 | C6: 366 | D6: MRT | E6: 400 | F6: 41 | G6: =0.7854*E6*F6*F6/1000000 -> 0.52810296 | H6: KOP P HERY | J6: 46151 | K6: MERANTI | L6: 10 | M6: 25 | N6: 400 | P6: 1 | Q6: =L6*M6*N6*P6/1000000 -> 0.1 | T6: 46160 | U6: MERANTI | V6: 4 | W6: 10 | X6: 400 | Y6: 475 | Z6: =V6*W6*X6*Y6/1000000 -> 7.6 | AC6: 46151 | AD6: MRT | AE6: 2.2541 | AF6: 1.0509 | AG6: 0.54 | AI6: =SUM(AF6:AH6) -> 1.5909
A7: 2 | B7: 2 | C7: 394 | D7: MRT | E7: 400 | F7: 45 | G7: =0.7854*E7*F7*F7/1000000 -> 0.636174 | H7: KOP P HERY | J7: 2 | L7: 8 | M7: 25 | N7: 400 | P7: 3 | Q7: =L7*M7*N7*P7/1000000 -> 0.24 | T7: 2 | V7: 4 | W7: 10 | X7: 360 | Y7: 44 | Z7: =V7*W7*X7*Y7/1000000 -> 0.6336 | AC7: 46169 | AE7: 4.7407 | AF7: 1.7503 | AG7: 1.02 | AI7: =SUM(AF7:AH7) -> 2.7703
A8: 3 | B8: 3 | C8: 354 | D8: MRT | E8: 400 | F8: 38 | G8: =0.7854*E8*F8*F8/1000000 -> 0.45364704 | H8: KOP P HERY | J8: 3 | L8: 10 | M8: 20 | N8: 400 | P8: 1 | Q8: =L8*M8*N8*P8/1000000 -> 0.08 | T8: 3 | V8: 4 | W8: 10 | X8: 300 | Y8: 44 | Z8: =V8*W8*X8*Y8/1000000 -> 0.528 | AC8: 46170 | AE8: 6.625 | AF8: 3.4589 | AG8: 1.38 | AI8: =SUM(AF8:AH8) -> 4.8389
A9: 4 | B9: 4 | C9: 367 | D9: MRT | E9: 400 | F9: 45 | G9: =0.7854*E9*F9*F9/1000000 -> 0.636174 | H9: KOP P HERY | J9: 4 | L9: 8 | M9: 20 | N9: 400 | P9: 2 | Q9: =L9*M9*N9*P9/1000000 -> 0.128 | T9: 4 | V9: 4 | W9: 7 | X9: 400 | Y9: 76 | Z9: =V9*W9*X9*Y9/1000000 -> 0.8512 | AC9: 46171 | AE9: 3.3065 | AF9: 1.5149 | AG9: 0.525 | AI9: =SUM(AF9:AH9) -> 2.0399
A10: 5 | B10: 46169 | C10: 5388 | D10: MRT | E10: 400 | F10: 52 | G10: =0.7854*E10*F10*F10/1000000 -> 0.84948864 | H10: EX BPK IS | J10: 5 | L10: 15 | M10: 15 | N10: 400 | P10: 1 | Q10: =L10*M10*N10*P10/1000000 -> 0.09 | T10: 5 | V10: 4 | W10: 7 | X10: 360 | Y10: 8 | Z10: =V10*W10*X10*Y10/1000000 -> 0.08064 | AC10: 46172 | AE10: 1.8677 | AF10: 0.9555 | AG10: 0.3 | AI10: =SUM(AF10:AH10) -> 1.2555
A11: 6 | B11: 2 | C11: 5387 | D11: MRT | E11: 400 | F11: 57 | G11: =0.7854*E11*F11*F11/1000000 -> 1.0207058 | H11: EX BPK IS | J11: 6 | L11: 8 | M11: 15 | N11: 400 | P11: 1 | Q11: =L11*M11*N11*P11/1000000 -> 0.048 | R11: P HERY | T11: 6 | V11: 4 | W11: 7 | X11: 300 | Y11: 14 | Z11: =V11*W11*X11*Y11/1000000 -> 0.1176 | AE11: 1.9368 | AF11: 0.9002 | AG11: 0.48 | AI11: =SUM(AF11:AH11) -> 1.3802
A12: 7 | B12: 3 | C12: 5330 | D12: MRT | E12: 400 | F12: 49 | G12: =0.7854*E12*F12*F12/1000000 -> 0.75429816 | H12: EX BPK IS | J12: 7 | L12: 8 | M12: 5 | N12: 400 | P12: 1 | Q12: =L12*M12*N12*P12/1000000 -> 0.016 | T12: 7 | V12: 3 | W12: 7 | X12: 400 | Y12: 55 | Z12: =V12*W12*X12*Y12/1000000 -> 0.462 | AC12: 46173 | AE12: 9.8618 | AF12: 5.2346 | AG12: 1.65 | AI12: =SUM(AF12:AH12) -> 6.8846
A13: 8 | B13: 4 | C13: 5370 | D13: MRT | E13: 400 | F13: 56 | G13: =0.7854*E13*F13*F13/1000000 -> 0.98520576 | H13: EX BPK IS | J13: 8 | L13: 3.2 | M13: 13 | N13: 400 | P13: 3 | Q13: =L13*M13*N13*P13/1000000 -> 0.04992 | T13: 8 | V13: 3 | W13: 7 | X13: 360 | Y13: 3 | Z13: =V13*W13*X13*Y13/1000000 -> 0.02268 | AE13: =SUM(AE6:AE12) -> 30.5926 | AF13: =SUM(AF6:AF12) -> 14.8653 | AG13: =SUM(AG6:AG12) -> 5.895 | AH13: =SUM(AH6:AH12) -> 0 | AI13: =SUM(AI6:AI12) -> 20.7603
A14: 9 | B14: 5 | C14: 5369 | D14: MRT | E14: 400 | F14: 60 | G14: =0.7854*E14*F14*F14/1000000 -> 1.130976 | H14: EX BPK IS | J14: 9 | L14: 3.2 | M14: 11 | N14: 400 | P14: 1 | Q14: =L14*M14*N14*P14/1000000 -> 0.01408 | T14: 9 | V14: 3 | W14: 7 | X14: 300 | Y14: 21 | Z14: =V14*W14*X14*Y14/1000000 -> 0.1323 | AC14: 46174 | AD14: MRT | AE14: 3.4291 | AF14: 1.8914 | AG14: 0.525 | AI14: =SUM(AF14:AH14) -> 2.4164
A15: 10 | B15: 46170 | C15: 5312 | D15: MRT | E15: 400 | F15: 46 | G15: =0.7854*E15*F15*F15/1000000 -> 0.66476256 | H15: EX P IS | J15: 10 | L15: 4.2 | M15: 10 | N15: 400 | P15: 6 | Q15: =L15*M15*N15*P15/1000000 -> 0.1008 | T15: 46252 | U15: MERANTI | V15: 10 | W15: 15 | X15: 400 | Y15: 2 | Z15: =V15*W15*X15*Y15/1000000 -> 0.12 | AC15: 46175 | AE15: 8.209 | AF15: 5.0686 | AG15: 0.75 | AI15: =SUM(AF15:AH15) -> 5.8186
A16: 11 | B16: 2 | C16: 5305 | D16: MRT | E16: 400 | F16: 47 | G16: =0.7854*E16*F16*F16/1000000 -> 0.69397944 | H16: EX P IS | J16: 11 | L16: 4.2 | M16: 7 | N16: 400 | P16: 5 | Q16: =L16*M16*N16*P16/1000000 -> 0.0588 | T16: 2 | V16: 10 | W16: 20 | X16: 400 | Y16: 1 | Z16: =V16*W16*X16*Y16/1000000 -> 0.08 | AE16: 4.8943 | AF16: 3.6 | AG16: 0.7602 | AI16: =SUM(AF16:AH16) -> 4.3602
A17: 12 | B17: 3 | C17: 5301 | D17: MRT | E17: 400 | F17: 52 | G17: =0.7854*E17*F17*F17/1000000 -> 0.84948864 | H17: EX P IS | J17: 12 | L17: 4.2 | M17: 7 | N17: 300 | P17: 1 | Q17: =L17*M17*N17*P17/1000000 -> 0.00882 | T17: 3 | V17: 8 | W17: 15 | X17: 400 | Y17: 1 | Z17: =V17*W17*X17*Y17/1000000 -> 0.048 | AE17: 1.2076 | AF17: 0.7411 | AG17: 0.165 | AI17: =SUM(AF17:AH17) -> 0.9061
A18: 13 | B18: 4 | C18: 5285 | D18: MRT | E18: 400 | F18: 48 | G18: =0.7854*E18*F18*F18/1000000 -> 0.72382464 | H18: EX P IS | J18: 13 | L18: 3.2 | M18: 7 | N18: 400 | P18: 13 | Q18: =L18*M18*N18*P18/1000000 -> 0.11648 | T18: 4 | V18: 4.5 | W18: 15 | X18: 400 | Y18: 1 | Z18: =V18*W18*X18*Y18/1000000 -> 0.027 | AC18: 46176 | AE18: 5.718 | AF18: 3.4868 | AG18: 0.69 | AI18: =SUM(AF18:AH18) -> 4.1768
A19: 14 | B19: 5 | C19: 5313 | D19: MRT | E19: 400 | F19: 56 | G19: =0.7854*E19*F19*F19/1000000 -> 0.98520576 | H19: EX P IS | J19: 14 | L19: 3 | M19: 5 | N19: 400 | O19: 5 | P19: 60 | Q19: =L19*M19*N19*P19/1000000 -> 0.36 | T19: 5 | V19: 7 | W19: 13 | X19: 400 | Y19: 1 | Z19: =V19*W19*X19*Y19/1000000 -> 0.0364 | AE19: 8.1446 | AF19: 4.9204 | AG19: 0.78 | AI19: =SUM(AF19:AH19) -> 5.7004
A20: 15 | B20: 6 | C20: 5311 | D20: MRT | E20: 400 | F20: 58 | G20: =0.7854*E20*F20*F20/1000000 -> 1.0568342 | H20: EX P IS | J20: 15 | L20: 2 | M20: 3 | N20: 400 | O20: 3 | P20: 75 | Q20: =L20*M20*N20*P20/1000000 -> 0.18 | T20: 6 | V20: 4.5 | W20: 13 | X20: 400 | Y20: 1 | Z20: =V20*W20*X20*Y20/1000000 -> 0.0234 | AE20: 5.1108 | AF20: 2.9258 | AG20: 0.465 | AI20: =SUM(AF20:AH20) -> 3.3908
A21: 16 | B21: 7 | C21: 5302 | D21: MRT | E21: 400 | F21: 56 | G21: =0.7854*E21*F21*F21/1000000 -> 0.98520576 | H21: EX P. BADI | J21: 46169 | K21: MERANTI | L21: 15 | M21: 20 | N21: 400 | P21: 1 | Q21: =L21*M21*N21*P21/1000000 -> 0.12 | T21: 1 | U21: MERANTI | V21: 13 | W21: 25 | X21: 400 | Y21: 1 | Z21: =V21*W21*X21*Y21/1000000 -> 0.13 | AC21: 46178 | AE21: 10.4138 | AF21: 5.5333 | AG21: 1.14 | AI21: =SUM(AF21:AH21) -> 6.6733
A22: 17 | B22: 8 | C22: 5322 | D22: MRT | E22: 300 | F22: 30 | G22: =0.7854*E22*F22*F22/1000000 -> 0.212058 | H22: EX P. BADI | J22: 2 | L22: 10 | M22: 25 | N22: 400 | P22: 1 | Q22: =L22*M22*N22*P22/1000000 -> 0.1 | T22: 2 | V22: 10 | W22: 20 | X22: 400 | Y22: 2 | Z22: =V22*W22*X22*Y22/1000000 -> 0.16 | AC22: 46179 | AE22: 15.2179 | AF22: 7.0419 | AG22: 2.012 | AI22: =SUM(AF22:AH22) -> 9.0539
A23: 18 | B23: 9 | C23: 5317 | D23: MRT | E23: 400 | F23: 38 | G23: =0.7854*E23*F23*F23/1000000 -> 0.45364704 | H23: EX P. BADI | J23: 3 | L23: 10 | M23: 20 | N23: 400 | P23: 3 | Q23: =L23*M23*N23*P23/1000000 -> 0.24 | T23: 3 | V23: 8 | W23: 20 | X23: 400 | Y23: 2 | Z23: =V23*W23*X23*Y23/1000000 -> 0.128 | AE23: 2.6591 | AF23: 1.7398 | AG23: 0.285 | AI23: =SUM(AF23:AH23) -> 2.0248
A24: 19 | B24: 46171 | C24: 5371 | D24: MRT | E24: 400 | F24: 70 | G24: =0.7854*E24*F24*F24/1000000 -> 1.539384 | H24: EX P IS | J24: 4 | L24: 8 | M24: 25 | N24: 400 | P24: 2 | Q24: =L24*M24*N24*P24/1000000 -> 0.16 | T24: 4 | V24: 7 | W24: 20 | X24: 400 | Y24: 1 | Z24: =V24*W24*X24*Y24/1000000 -> 0.056 | AE24: 9.4047 | AF24: 5.8724 | AG24: 1.02 | AI24: =SUM(AF24:AH24) -> 6.8924
A25: 20 | B25: 2 | C25: 5353 | D25: MRT | E25: 400 | F25: 75 | G25: =0.7854*E25*F25*F25/1000000 -> 1.76715 | H25: EX P IS | J25: 5 | L25: 8 | M25: 20 | N25: 400 | P25: 1 | Q25: =L25*M25*N25*P25/1000000 -> 0.064 | R25: P HERY | T25: 5 | V25: 4.5 | W25: 20 | X25: 400 | Y25: 2 | Z25: =V25*W25*X25*Y25/1000000 -> 0.072 | AC25: 46180 | AE25: 1.9371 | AF25: 1.6918 | AG25: 0.24 | AI25: =SUM(AF25:AH25) -> 1.9318
A26: 21 | B26: 46172 | C26: 5320 | D26: MRT | E26: 400 | F26: 53 | G26: =0.7854*E26*F26*F26/1000000 -> 0.88247544 | H26: EX P BADI | J26: 6 | L26: 8 | M26: 15 | N26: 400 | P26: 4 | Q26: =L26*M26*N26*P26/1000000 -> 0.192 | T26: 6 | V26: 10 | W26: 15 | X26: 400 | Y26: 1 | Z26: =V26*W26*X26*Y26/1000000 -> 0.06 | AC26: 46181 | AE26: 2.6499 | AF26: 1.7493 | AG26: 0.12 | AI26: =SUM(AF26:AH26) -> 1.8693
A27: 22 | B27: 2 | C27: 5329 | D27: MRT | E27: 400 | F27: 56 | G27: =0.7854*E27*F27*F27/1000000 -> 0.98520576 | H27: EX P IS | J27: 7 | L27: 8 | M27: 10 | N27: 400 | P27: 2 | Q27: =L27*M27*N27*P27/1000000 -> 0.064 | T27: 7 | V27: 4.5 | W27: 13 | X27: 400 | Y27: 2 | Z27: =V27*W27*X27*Y27/1000000 -> 0.0468 | AE27: 8.2596 | AF27: 5.0086 | AG27: 0.72 | AI27: =SUM(AF27:AH27) -> 5.7286
A28: 23 | B28: 46172 | C28: 5374 | D28: MRT | E28: 400 | F28: 57 | G28: =0.7854*E28*F28*F28/1000000 -> 1.0207058 | H28: EX P BADI | J28: 8 | L28: 8 | M28: 5 | N28: 400 | P28: 1 | Q28: =L28*M28*N28*P28/1000000 -> 0.016 | T28: 8 | V28: 7 | W28: 10 | X28: 400 | Y28: 1 | Z28: =V28*W28*X28*Y28/1000000 -> 0.028 | AE28: 4.6342 | AF28: 3.5384 | AG28: 0.6 | AI28: =SUM(AF28:AH28) -> 4.1384
A29: 24 | B29: 2 | C29: 5306 | D29: MRT | E29: 400 | F29: 54 | G29: =0.7854*E29*F29*F29/1000000 -> 0.91609056 | H29: EX P IS | J29: 9 | L29: 3.2 | M29: 13 | N29: 400 | P29: 4 | Q29: =L29*M29*N29*P29/1000000 -> 0.06656 | T29: 9 | V29: 4.5 | W29: 10 | X29: 400 | Y29: 10 | Z29: =V29*W29*X29*Y29/1000000 -> 0.18 | AE29: =SUM(AE13:AE28) -> 122.4823 | AF29: =SUM(AF13:AF28) -> 69.6749 | AG29: =SUM(AG13:AG28) -> 16.1672 | AH29: =SUM(AH13:AH28) -> 0 | AI29: =SUM(AI13:AI28) -> 85.8421
A30: 25 | B30: 46173 | C30: 5390 | D30: MRT | E30: 400 | F30: 57 | G30: =0.7854*E30*F30*F30/1000000 -> 1.0207058 | H30: EX P IS | J30: 10 | L30: 3.2 | M30: 11 | N30: 400 | P30: 5 | Q30: =L30*M30*N30*P30/1000000 -> 0.0704 | T30: 10 | V30: 3.5 | W30: 10 | X30: 400 | Y30: 1 | Z30: =V30*W30*X30*Y30/1000000 -> 0.014 | AC30: 46182 | AE30: 2.1432 | AF30: 1.3245 | AG30: 0.431 | AI30: =SUM(AF30:AH30) -> 1.7555
A31: 26 | B31: 2 | C31: 5368 | D31: MRT | E31: 400 | F31: 62 | G31: =0.7854*E31*F31*F31/1000000 -> 1.207631 | H31: EX P IS | J31: 11 | L31: 3.2 | M31: 11 | N31: 300 | P31: 1 | Q31: =L31*M31*N31*P31/1000000 -> 0.01056 | T31: 11 | V31: 2.2 | W31: 10 | X31: 400 | Y31: 2 | Z31: =V31*W31*X31*Y31/1000000 -> 0.0176 | AE31: 4.4846 | AF31: 1.9472 | AG31: 0.8736 | AI31: =SUM(AF31:AH31) -> 2.8208
A32: 27 | B32: 3 | C32: 5391 | D32: MRT | E32: 400 | F32: 67 | G32: =0.7854*E32*F32*F32/1000000 -> 1.4102642 | H32: EX P IS | J32: 12 | L32: 4.2 | M32: 10 | N32: 400 | P32: 6 | Q32: =L32*M32*N32*P32/1000000 -> 0.1008 | T32: 46253 | U32: MERANTI | V32: 10 | W32: 25 | X32: 400 | Y32: 3 | Z32: =V32*W32*X32*Y32/1000000 -> 0.3 | AC32: 46185 | AE32: 7.93 | AF32: 4.3328 | AG32: 1.4504 | AI32: =SUM(AF32:AH32) -> 5.7832
A33: 28 | B33: 4 | C33: 5363 | D33: MRT | E33: 400 | F33: 52 | G33: =0.7854*E33*F33*F33/1000000 -> 0.84948864 | H33: EX P IS | J33: 13 | L33: 4.2 | M33: 7 | N33: 400 | P33: 19 | Q33: =L33*M33*N33*P33/1000000 -> 0.22344 | T33: 2 | V33: 7 | W33: 25 | X33: 400 | Y33: 1 | Z33: =V33*W33*X33*Y33/1000000 -> 0.07 | AE33: 2.7728 | AF33: 1.8307 | AG33: 0.4696 | AI33: =SUM(AF33:AH33) -> 2.3003
A34: 29 | B34: 5 | C34: 5373 | D34: MRT | E34: 400 | F34: 58 | G34: =0.7854*E34*F34*F34/1000000 -> 1.0568342 | H34: EX P IS | J34: 14 | L34: 3.2 | M34: 7 | N34: 400 | P34: 36 | Q34: =L34*M34*N34*P34/1000000 -> 0.32256 | T34: 3 | V34: 4.5 | W34: 25 | X34: 400 | Y34: 1 | Z34: =V34*W34*X34*Y34/1000000 -> 0.045 | AE34: 8.6202 | AF34: 5.1934 | AG34: 1.7802 | AI34: =SUM(AF34:AH34) -> 6.9736
A35: 30 | B35: 6 | C35: 5348 | D35: MRT | E35: 400 | F35: 61 | G35: =0.7854*E35*F35*F35/1000000 -> 1.1689894 | H35: EX P IS | J35: 15 | L35: 3 | M35: 5 | N35: 400 | O35: 14 | P35: 140 | Q35: =L35*M35*N35*P35/1000000 -> 0.84 | R35: P HERY | T35: 4 | V35: 7 | W35: 13 | X35: 400 | Y35: 1 | Z35: =V35*W35*X35*Y35/1000000 -> 0.0364 | AC35: 46186 | AE35: 7.5753 | AF35: 5.1742 | AG35: 0.6368 | AI35: =SUM(AF35:AH35) -> 5.811
A36: 31 | B36: 7 | C36: 5346 | D36: MRT | E36: 400 | F36: 55 | G36: =0.7854*E36*F36*F36/1000000 -> 0.950334 | H36: EX P IS | J36: 16 | L36: 2 | M36: 3 | N36: 400 | O36: 3 | P36: 75 | Q36: =L36*M36*N36*P36/1000000 -> 0.18 | T36: 5 | V36: 4.5 | W36: 13 | X36: 400 | Y36: 2 | Z36: =V36*W36*X36*Y36/1000000 -> 0.0468 | AC36: 46187 | AE36: 1.2171 | AF36: 0.6869 | AG36: 0.116 | AI36: =SUM(AF36:AH36) -> 0.8029
A37: 32 | B37: 8 | C37: 5344 | D37: MRT | E37: 400 | F37: 37 | G37: =0.7854*E37*F37*F37/1000000 -> 0.43008504 | H37: EX P IS | J37: 46170 | K37: MERANTI | L37: 15 | M37: 15 | N37: 400 | P37: 2 | Q37: =L37*M37*N37*P37/1000000 -> 0.18 | T37: 6 | V37: 10 | W37: 10 | X37: 400 | Y37: 1 | Z37: =V37*W37*X37*Y37/1000000 -> 0.04 | AC37: 46188 | AE37: 2.1162 | AF37: 1.079 | AG37: 0.228 | AI37: =SUM(AF37:AH37) -> 1.307
A38: 33 | B38: 9 | C38: 5354 | D38: MRT | E38: 400 | F38: 55 | G38: =0.7854*E38*F38*F38/1000000 -> 0.950334 | H38: EX P IS | J38: 2 | L38: 15 | M38: 10 | N38: 400 | P38: 4 | Q38: =L38*M38*N38*P38/1000000 -> 0.24 | T38: 7 | V38: 4.5 | W38: 10 | X38: 400 | Y38: 7 | Z38: =V38*W38*X38*Y38/1000000 -> 0.126 | AC38: 46190 | AE38: 7.3297 | AF38: 3.728 | AG38: 1.968 | AI38: =SUM(AF38:AH38) -> 5.696
A39: 34 | B39: 10 | C39: 5298 | D39: MRT | E39: 400 | F39: 51 | G39: =0.7854*E39*F39*F39/1000000 -> 0.81713016 | H39: EX P IS | J39: 3 | L39: 15 | M39: 8 | N39: 400 | P39: 1 | Q39: =L39*M39*N39*P39/1000000 -> 0.048 | T39: 8 | V39: 3.5 | W39: 10 | X39: 400 | Y39: 1 | Z39: =V39*W39*X39*Y39/1000000 -> 0.014 | AE39: 7.4233 | AF39: 2.4018 | AG39: 2.476 | AI39: =SUM(AF39:AH39) -> 4.8778
G40: =SUM(G6:G39) -> 30.592587 | J40: 4 | L40: 15 | M40: 5 | N40: 400 | P40: 3 | Q40: =L40*M40*N40*P40/1000000 -> 0.09 | T40: 9 | V40: 2.2 | W40: 10 | X40: 400 | Y40: 2 | Z40: =V40*W40*X40*Y40/1000000 -> 0.0176 | AE40: 1.3936 | AF40: 0.036 | AG40: 1.084 | AI40: =SUM(AF40:AH40) -> 1.12
B41: 46174 | C41: 5299 | D41: MRT | E41: 400 | F41: 43 | G41: =0.7854*E41*F41*F41/1000000 -> 0.58088184 | H41: EX P IS | J41: 5 | L41: 10 | M41: 25 | N41: 400 | P41: 6 | Q41: =L41*M41*N41*P41/1000000 -> 0.6 | T41: 10 | V41: 1.7 | W41: 10 | X41: 400 | Y41: 1 | Z41: =V41*W41*X41*Y41/1000000 -> 0.0068 | AC41: 46191 | AE41: 6.0473 | AF41: 2.8827 | AG41: 1.0906 | AI41: =SUM(AF41:AH41) -> 3.9733
B42: 2 | C42: 5300 | D42: MRT | E42: 400 | F42: 43 | G42: =0.7854*E42*F42*F42/1000000 -> 0.58088184 | H42: EX P IS | J42: 6 | L42: 10 | M42: 20 | N42: 400 | P42: 8 | Q42: =L42*M42*N42*P42/1000000 -> 0.64 | T42: 11 | V42: 13 | W42: 15 | X42: 400 | Y42: 1 | Z42: =V42*W42*X42*Y42/1000000 -> 0.078 | AE42: 2.4831 | AF42: 1.9334 | AG42: 2.136 | AI42: =SUM(AF42:AH42) -> 4.0694
B43: 3 | C43: 5342 | D43: MRT | E43: 400 | F43: 52 | G43: =0.7854*E43*F43*F43/1000000 -> 0.84948864 | H43: EX P IS | J43: 7 | L43: 8 | M43: 20 | N43: 400 | P43: 2 | Q43: =L43*M43*N43*P43/1000000 -> 0.128 | T43: 12 | V43: 10 | W43: 20 | X43: 400 | Y43: 1 | Z43: =V43*W43*X43*Y43/1000000 -> 0.08 | AC43: 46193 | AE43: 2.0939 | AF43: 1.0326 | AG43: 0.348 | AI43: =SUM(AF43:AH43) -> 1.3806
B44: 4 | C44: 5310 | D44: MRT | E44: 400 | F44: 47 | G44: =0.7854*E44*F44*F44/1000000 -> 0.69397944 | H44: EX P IS | J44: 8 | L44: 8 | M44: 5 | N44: 400 | P44: 13 | Q44: =L44*M44*N44*P44/1000000 -> 0.208 | T44: 46253 | U44: MERANTI | V44: 4.5 | W44: 10 | X44: 400 | Y44: 3 | Z44: =V44*W44*X44*Y44/1000000 -> 0.054 | AE44: 7.8688 | AF44: 3.6264 | AG44: 1.7274 | AI44: =SUM(AF44:AH44) -> 5.3538
B45: 5 | C45: 5276 | D45: MRT | E45: 400 | F45: 48 | G45: =0.7854*E45*F45*F45/1000000 -> 0.72382464 | H45: EX P IS | J45: 9 | L45: 3.2 | M45: 11 | N45: 400 | P45: 1 | Q45: =L45*M45*N45*P45/1000000 -> 0.01408 | T45: 2 | V45: 2.2 | W45: 10 | X45: 400 | Y45: 3 | Z45: =V45*W45*X45*Y45/1000000 -> 0.0264 | AC45: 46194 | AE45: 0.8428 | AF45: 0.2565 | AG45: 0.456 | AI45: =SUM(AF45:AH45) -> 0.7125
B46: 46175 | C46: 5318 | D46: MRT | E46: 400 | F46: 63 | G46: =0.7854*E46*F46*F46/1000000 -> 1.246901 | H46: EX P ARI | J46: 10 | L46: 4.2 | M46: 10 | N46: 400 | P46: 8 | Q46: =L46*M46*N46*P46/1000000 -> 0.1344 | T46: 46254 | U46: MERANTI | V46: 7 | W46: 20 | X46: 400 | Y46: 1 | Z46: =V46*W46*X46*Y46/1000000 -> 0.056 | AE46: 6.0542 | AF46: 3.1417 | AG46: 0.76 | AI46: =SUM(AF46:AH46) -> 3.9017
B47: 2 | C47: 5328 | D47: MRT | E47: 400 | F47: 57 | G47: =0.7854*E47*F47*F47/1000000 -> 1.0207058 | H47: EX P ARI | J47: 11 | L47: 4.2 | M47: 7 | N47: 400 | P47: 78 | Q47: =L47*M47*N47*P47/1000000 -> 0.91728 | T47: 2 | V47: 4.5 | W47: 20 | X47: 400 | Y47: 1 | Z47: =V47*W47*X47*Y47/1000000 -> 0.036 | AC47: 46195 | AE47: 13.6109 | AF47: 6.7777 | AG47: 3.3 | AI47: =SUM(AF47:AH47) -> 10.0777
B48: 3 | C48: 5296 | D48: MRT | E48: 400 | F48: 41 | G48: =0.7854*E48*F48*F48/1000000 -> 0.52810296 | H48: EX P ARI | J48: 12 | L48: 4.2 | M48: 7 | N48: 300 | P48: 5 | Q48: =L48*M48*N48*P48/1000000 -> 0.0441 | T48: 3 | V48: 7 | W48: 13 | X48: 400 | Y48: 1 | Z48: =V48*W48*X48*Y48/1000000 -> 0.0364 | AE48: 11.683 | AF48: 5.8719 | AG48: 2.4808 | AI48: =SUM(AF48:AH48) -> 8.3527
B49: 4 | C49: 5385 | D49: MRT | E49: 400 | F49: 69 | G49: =0.7854*E49*F49*F49/1000000 -> 1.4957158 | H49: EX P ARI | J49: 13 | L49: 3.2 | M49: 7 | N49: 400 | P49: 24 | Q49: =L49*M49*N49*P49/1000000 -> 0.21504 | T49: 4 | V49: 10 | W49: 15 | X49: 400 | Y49: 2 | Z49: =V49*W49*X49*Y49/1000000 -> 0.12 | AC49: 46196 | AE49: 9.192 | AF49: 4.6338 | AG49: 1.748 | AI49: =SUM(AF49:AH49) -> 6.3818
B50: 5 | C50: 5392 | D50: MRT | E50: 400 | F50: 66 | G50: =0.7854*E50*F50*F50/1000000 -> 1.368481 | H50: EX P ARI | J50: 14 | L50: 3 | M50: 5 | N50: 400 | P50: 180 | Q50: =L50*M50*N50*P50/1000000 -> 1.08 | T50: 5 | V50: 8 | W50: 10 | X50: 400 | Y50: 3 | Z50: =V50*W50*X50*Y50/1000000 -> 0.096 | AE50: 4.8161 | AF50: 2.7446 | AG50: 0.6936 | AI50: =SUM(AF50:AH50) -> 3.4382
B51: 6 | C51: 5280 | D51: MRT | E51: 400 | F51: 51 | G51: =0.7854*E51*F51*F51/1000000 -> 0.81713016 | H51: EX P IS | J51: 15 | L51: 2 | M51: 3 | N51: 400 | P51: 125 | Q51: =L51*M51*N51*P51/1000000 -> 0.3 | T51: 6 | V51: 7 | W51: 10 | X51: 400 | Y51: 3 | Z51: =V51*W51*X51*Y51/1000000 -> 0.084 | AE51: 8.63 | AF51: 5.0865 | AG51: 2.088 | AI51: =SUM(AF51:AH51) -> 7.1745
B52: 7 | C52: 5277 | D52: MRT | E52: 400 | F52: 52 | G52: =0.7854*E52*F52*F52/1000000 -> 0.84948864 | H52: EX P IS | J52: 46171 | K52: MERANTI | L52: 10 | M52: 25 | N52: 400 | P52: 3 | Q52: =L52*M52*N52*P52/1000000 -> 0.3 | T52: 7 | V52: 4.5 | W52: 10 | X52: 400 | Y52: 14 | Z52: =V52*W52*X52*Y52/1000000 -> 0.252 | AE52: =SUM(AE29:AE51) -> 248.8104 | AF52: =SUM(AF29:AF51) -> 135.3972 | AG52: =SUM(AG29:AG51) -> 44.5092 | AH52: =SUM(AH29:AH51) -> 0 | AI52: =SUM(AI29:AI51) -> 179.9064
B53: 8 | C53: 5332 | D53: MRT | E53: 400 | F53: 53 | G53: =0.7854*E53*F53*F53/1000000 -> 0.88247544 | H53: EX P IS | J53: 2 | L53: 15 | M53: 20 | N53: 400 | P53: 3 | Q53: =L53*M53*N53*P53/1000000 -> 0.36 | T53: 8 | V53: 3.5 | W53: 10 | X53: 400 | Y53: 2 | Z53: =V53*W53*X53*Y53/1000000 -> 0.028 | AC53: 46197 | AE53: 0.8495 | AF53: 0.5876 | AG53: 0.116 | AI53: =SUM(AF53:AH53) -> 0.7036
B54: 46175 | C54: 5326 | D54: MRT | E54: 400 | F54: 64 | G54: =0.7854*E54*F54*F54/1000000 -> 1.2867994 | H54: EX P ARI | J54: 3 | L54: 8 | M54: 25 | N54: 400 | P54: 1 | Q54: =L54*M54*N54*P54/1000000 -> 0.08 | T54: 9 | V54: 10 | W54: 10 | X54: 400 | Y54: 3 | Z54: =V54*W54*X54*Y54/1000000 -> 0.12 | AC54: 46198 | AE54: 3.6373 | AF54: 1.6659 | AG54: 0.639 | AI54: =SUM(AF54:AH54) -> 2.3049
B55: 2 | C55: 5372 | D55: MRT | E55: 400 | F55: 38 | G55: =0.7854*E55*F55*F55/1000000 -> 0.45364704 | H55: EX P ARI | J55: 4 | L55: 8 | M55: 20 | N55: 400 | P55: 1 | Q55: =L55*M55*N55*P55/1000000 -> 0.064 | T55: 10 | V55: 2.2 | W55: 10 | X55: 400 | Y55: 3 | Z55: =V55*W55*X55*Y55/1000000 -> 0.0264 | AC55: 46199 | AE55: 0.6648 | AF55: 0.3005 | AG55: 0.172 | AI55: =SUM(AF55:AH55) -> 0.4725
B56: 3 | C56: 5323 | D56: MRT | E56: 400 | F56: 46 | G56: =0.7854*E56*F56*F56/1000000 -> 0.66476256 | H56: EX P ARI | J56: 5 | L56: 8 | M56: 15 | N56: 400 | P56: 2 | Q56: =L56*M56*N56*P56/1000000 -> 0.096 | T56: 11 | V56: 4.5 | W56: 13 | X56: 400 | Y56: 2 | Z56: =V56*W56*X56*Y56/1000000 -> 0.0468 | AC56: 46200 | AE56: 4.5607 | AF56: 2.8103 | AG56: 0.6976 | AI56: =SUM(AF56:AH56) -> 3.5079
B57: 4 | C57: 5386 | D57: MRT | E57: 400 | F57: 49 | G57: =0.7854*E57*F57*F57/1000000 -> 0.75429816 | H57: EX P ARI | J57: 6 | L57: 4.2 | M57: 7 | N57: 400 | P57: 28 | Q57: =L57*M57*N57*P57/1000000 -> 0.32928 | T57: 12 | V57: 10 | W57: 15 | X57: 400 | Y57: 2 | Z57: =V57*W57*X57*Y57/1000000 -> 0.12 | AC57: 46201 | AE57: 12.4162 | AF57: 6.6699 | AG57: 2.036 | AI57: =SUM(AF57:AH57) -> 8.7059
B58: 5 | C58: 5389 | D58: MRT | E58: 400 | F58: 48 | G58: =0.7854*E58*F58*F58/1000000 -> 0.72382464 | H58: EX P ARI | J58: 7 | L58: 4.2 | M58: 10 | N58: 400 | P58: 15 | Q58: =L58*M58*N58*P58/1000000 -> 0.252 | T58: 13 | V58: 4.5 | W58: 10 | X58: 300 | Y58: 9 | Z58: =V58*W58*X58*Y58/1000000 -> 0.1215 | AE58: 8.453 | AF58: 4.6632 | AG58: 1.3272 | AI58: =SUM(AF58:AH58) -> 5.9904
B59: 6 | C59: 5351 | D59: MRT | E59: 400 | F59: 37 | G59: =0.7854*E59*F59*F59/1000000 -> 0.43008504 | H59: EX P ARI | J59: 8 | L59: 3.2 | M59: 7 | N59: 400 | P59: 3 | Q59: =L59*M59*N59*P59/1000000 -> 0.02688 | T59: 14 | V59: 8 | W59: 10 | X59: 300 | Y59: 1 | Z59: =V59*W59*X59*Y59/1000000 -> 0.024 | AC59: 46202 | AE59: 0.8825 | AF59: 0.4688 | AG59: 0.1176 | AI59: =SUM(AF59:AH59) -> 0.5864
B60: 7 | C60: 5273 | D60: MRT | E60: 400 | F60: 43 | G60: =0.7854*E60*F60*F60/1000000 -> 0.58088184 | H60: EX P ARI | J60: 9 | L60: 3.2 | M60: 7 | N60: 300 | P60: 1 | Q60: =L60*M60*N60*P60/1000000 -> 0.00672 | T60: 15 | V60: 4.5 | W60: 10 | X60: 250 | Y60: 4 | Z60: =V60*W60*X60*Y60/1000000 -> 0.045 | AC60: 46203 | AE60: 12.3449 | AF60: 6.2604 | AG60: 2.3968 | AI60: =SUM(AF60:AH60) -> 8.6572
B61: 46175 | C61: 5352 | D61: MRT | E61: 400 | F61: 62 | G61: =0.7854*E61*F61*F61/1000000 -> 1.207631 | H61: EX P IS | J61: 10 | L61: 3 | M61: 5 | N61: 400 | O61: 6 | P61: =SUM(O61*10) -> 60 | Q61: =L61*M61*N61*P61/1000000 -> 0.36 | T61: 16 | V61: 3.5 | W61: 10 | X61: 300 | Y61: 1 | Z61: =V61*W61*X61*Y61/1000000 -> 0.0105 | AE61: 2.0185 | AF61: 1.0635 | AG61: 0.468 | AI61: =SUM(AF61:AH61) -> 1.5315
B62: 46176 | C62: 5307 | D62: MRT | E62: 400 | F62: 80 | G62: =0.7854*E62*F62*F62/1000000 -> 2.010624 | H62: EX P ARI | J62: 11 | L62: 3 | M62: 5 | N62: 300 | O62: 1 | P62: =SUM(O62*10) -> 10 | Q62: =L62*M62*N62*P62/1000000 -> 0.045 | T62: 46254 | U62: MERANTI | V62: 7 | W62: 25 | X62: 400 | Y62: 1 | Z62: =V62*W62*X62*Y62/1000000 -> 0.07 | AE62: 5.5869 | AF62: 2.4631 | AG62: 1.0608 | AI62: =SUM(AF62:AH62) -> 3.5239
B63: 2 | C63: 5380 | D63: MRT | E63: 400 | F63: 54 | G63: =0.7854*E63*F63*F63/1000000 -> 0.91609056 | H63: EX P ARI | J63: 12 | L63: 2 | M63: 3 | N63: 400 | O63: 1 | P63: 50 | Q63: =L63*M63*N63*P63/1000000 -> 0.12 | T63: 2 | V63: 13 | W63: 20 | X63: 400 | Y63: 1 | Z63: =V63*W63*X63*Y63/1000000 -> 0.104 | AC63: 46205 | AE63: 3.4133 | AF63: 2.1338 | AG63: 0.4452 | AI63: =SUM(AF63:AH63) -> 2.579
B64: 3 | C64: 5325 | D64: MRT | E64: 400 | F64: 57 | G64: =0.7854*E64*F64*F64/1000000 -> 1.0207058 | H64: EX P ARI | J64: 46172 | K64: MERANTI | L64: 15 | M64: 25 | N64: 400 | P64: 1 | Q64: =L64*M64*N64*P64/1000000 -> 0.15 | T64: 3 | V64: 10 | W64: 20 | X64: 400 | Y64: 1 | Z64: =V64*W64*X64*Y64/1000000 -> 0.08 | AE64: 1.6286 | AF64: 1.1844 | AG64: 0.1176 | AI64: =SUM(AF64:AH64) -> 1.302
B65: 4 | C65: 5271 | D65: MRT | E65: 400 | F65: 56 | G65: =0.7854*E65*F65*F65/1000000 -> 0.98520576 | H65: EX P ARI | J65: 2 | L65: 10 | M65: 25 | N65: 400 | P65: 2 | Q65: =L65*M65*N65*P65/1000000 -> 0.2 | T65: 4 | V65: 10 | W65: 15 | X65: 400 | Y65: 2 | Z65: =V65*W65*X65*Y65/1000000 -> 0.12 | AC65: 46206 | AE65: 3.4133 | AF65: 2.1338 | AG65: 0.4452 | AI65: =SUM(AF65:AH65) -> 2.579
B66: 5 | C66: 5319 | D66: MRT | E66: 400 | F66: 50 | G66: =0.7854*E66*F66*F66/1000000 -> 0.7854 | H66: EX P ARI | J66: 3 | L66: 10 | M66: 20 | N66: 400 | P66: 3 | Q66: =L66*M66*N66*P66/1000000 -> 0.24 | T66: 5 | V66: 4.5 | W66: 13 | X66: 400 | Y66: 3 | Z66: =V66*W66*X66*Y66/1000000 -> 0.0702 | AC66: 46207 | AE66: 10.7725 | AF66: 5.6846 | AG66: 1.536 | AI66: =SUM(AF66:AH66) -> 7.2206
B67: 46176 | C67: 5382 | D67: MRT | E67: 400 | F67: 66 | G67: =0.7854*E67*F67*F67/1000000 -> 1.368481 | H67: EX P ARI | J67: 4 | L67: 10 | M67: 15 | N67: 400 | P67: 1 | Q67: =L67*M67*N67*P67/1000000 -> 0.06 | T67: 6 | V67: 2.2 | W67: 15 | X67: 400 | Y67: 1 | Z67: =V67*W67*X67*Y67/1000000 -> 0.0132 | AC67: 46208 | AE67: 10.0283 | AF67: 4.5891 | AG67: 2.1264 | AI67: =SUM(AF67:AH67) -> 6.7155
B68: 2 | C68: 5343 | D68: MRT | E68: 400 | F68: 68 | G68: =0.7854*E68*F68*F68/1000000 -> 1.4526758 | H68: EX P ARI | J68: 5 | L68: 5 | M68: 15 | N68: 400 | P68: 1 | Q68: =L68*M68*N68*P68/1000000 -> 0.03 | T68: 7 | V68: 2.2 | W68: 13 | X68: 400 | Y68: 1 | Z68: =V68*W68*X68*Y68/1000000 -> 0.01144 | AC68: 46209 | AE68: 7.4264 | AF68: 3.6825 | AG68: 1.308 | AI68: =SUM(AF68:AH68) -> 4.9905
B69: 3 | C69: 5381 | D69: MRT | E69: 400 | F69: 75 | G69: =0.7854*E69*F69*F69/1000000 -> 1.76715 | H69: EX P ARI | J69: 6 | L69: 4.2 | M69: 10 | N69: 400 | P69: 1 | Q69: =L69*M69*N69*P69/1000000 -> 0.0168 | T69: 8 | V69: 8 | W69: 13 | X69: 400 | Y69: 1 | Z69: =V69*W69*X69*Y69/1000000 -> 0.0416 | AE69: 4.5499 | AF69: 2.2432 | AG69: 1.0056 | AI69: =SUM(AF69:AH69) -> 3.2488
B70: 4 | C70: 5321 | D70: MRT | E70: 400 | F70: 58 | G70: =0.7854*E70*F70*F70/1000000 -> 1.0568342 | H70: EX P ARI | J70: 7 | L70: 4.2 | M70: 7 | N70: 400 | P70: 22 | Q70: =L70*M70*N70*P70/1000000 -> 0.25872 | T70: 9 | V70: 7 | W70: 13 | X70: 400 | Y70: 1 | Z70: =V70*W70*X70*Y70/1000000 -> 0.0364 | AC70: 46212 | AE70: 1.8322 | AF70: 0.6368 | AG70: 0.7632 | AI70: =SUM(AF70:AH70) -> 1.4
B71: 5 | C71: 5245 | D71: MRT | E71: 400 | F71: 66 | G71: =0.7854*E71*F71*F71/1000000 -> 1.368481 | H71: EX P ARI | J71: 8 | L71: 3 | M71: 5 | N71: 400 | O71: 3 | P71: =SUM(O71*10) -> 30 | Q71: =L71*M71*N71*P71/1000000 -> 0.18 | T71: 10 | V71: 2.2 | W71: 10 | X71: 400 | Y71: 3 | Z71: =V71*W71*X71*Y71/1000000 -> 0.0264 | AC71: 46214 | AE71: 3.9502 | AF71: 1.6946 | AG71: 0.816 | AI71: =SUM(AF71:AH71) -> 2.5106
B72: 6 | C72: 5365 | D72: MRT | E72: 400 | F72: 60 | G72: =0.7854*E72*F72*F72/1000000 -> 1.130976 | H72: EX P ARI | J72: 9 | L72: 2 | M72: 3 | N72: 400 | O72: 2 | P72: =SUM(O72*25) -> 50 | Q72: =L72*M72*N72*P72/1000000 -> 0.12 | T72: 11 | V72: 3.5 | W72: 10 | X72: 400 | Y72: 1 | Z72: =V72*W72*X72*Y72/1000000 -> 0.014 | AE72: 3.5641 | AF72: 1.8707 | AG72: 0.6528 | AI72: =SUM(AF72:AH72) -> 2.5235
B73: 46176 | C73: 5541 | D73: MRT | E73: 400 | F73: 45 | G73: =0.7854*E73*F73*F73/1000000 -> 0.636174 | H73: EX RM | J73: 46172 | K73: MERANTI | L73: 10 | M73: 30 | N73: 400 | P73: 1 | Q73: =L73*M73*N73*P73/1000000 -> 0.12 | T73: 12 | V73: 4.5 | W73: 10 | X73: 400 | Y73: 6 | Z73: =V73*W73*X73*Y73/1000000 -> 0.108 | AE73: 2.1124 | AF73: 1.0943 | AG73: 0.1776 | AI73: =SUM(AF73:AH73) -> 1.2719
B74: 2 | C74: 5493 | D74: MRT | E74: 400 | F74: 49 | G74: =0.7854*E74*F74*F74/1000000 -> 0.75429816 | H74: EX RM | J74: 2 | L74: 10 | M74: 20 | N74: 400 | P74: 3 | Q74: =L74*M74*N74*P74/1000000 -> 0.24 | T74: 13 | V74: 4.5 | W74: 10 | X74: 300 | Y74: 1 | Z74: =V74*W74*X74*Y74/1000000 -> 0.0135 | AC74: 46215 | AE74: 7.87 | AF74: 3.9541 | AG74: 1.4136 | AI74: =SUM(AF74:AH74) -> 5.3677
B75: 3 | C75: 5434 | D75: MRT | E75: 400 | F75: 40 | G75: =0.7854*E75*F75*F75/1000000 -> 0.502656 | H75: EX RM | J75: 3 | L75: 10 | M75: 15 | N75: 400 | P75: 1 | Q75: =L75*M75*N75*P75/1000000 -> 0.06 | T75: 14 | V75: 10 | W75: 10 | X75: 400 | Y75: 1 | Z75: =V75*W75*X75*Y75/1000000 -> 0.04 | AE75: =SUM(AE52:AE74) -> 360.7859 | AF75: =SUM(AF52:AF74) -> 193.2523 | AG75: =SUM(AG52:AG74) -> 64.3474 | AH75: =SUM(AH52:AH74) -> 0 | AI75: =SUM(AI52:AI74) -> 257.5997
B76: 4 | C76: 5502 | D76: MRT | E76: 400 | F76: 30 | G76: =0.7854*E76*F76*F76/1000000 -> 0.282744 | H76: EX RM | J76: 4 | L76: 8 | M76: 30 | N76: 400 | P76: 1 | Q76: =L76*M76*N76*P76/1000000 -> 0.096 | T76: 15 | V76: 8 | W76: 10 | X76: 400 | Y76: 1 | Z76: =V76*W76*X76*Y76/1000000 -> 0.032 | AC76: 46216 | AE76: 9.2124 | AF76: 5.0442 | AG76: 1.1136 | AI76: =SUM(AF76:AH76) -> 6.1578
B77: 5 | C77: 5449 | D77: MRT | E77: 400 | F77: 35 | G77: =0.7854*E77*F77*F77/1000000 -> 0.384846 | H77: EX RM | J77: 5 | L77: 8 | M77: 15 | N77: 400 | P77: 2 | Q77: =L77*M77*N77*P77/1000000 -> 0.096 | T77: 46256 | U77: MERANTI | V77: 10 | W77: 20 | X77: 400 | Y77: 1 | Z77: =V77*W77*X77*Y77/1000000 -> 0.08 | AC77: 46217 | AE77: 2.8856 | AF77: 1.5035 | AG77: 0.4152 | AI77: =SUM(AF77:AH77) -> 1.9187
B78: 6 | C78: 5432 | D78: MRT | E78: 400 | F78: 49 | G78: =0.7854*E78*F78*F78/1000000 -> 0.75429816 | H78: EX RM | J78: 6 | L78: 4.2 | M78: 10 | N78: 400 | P78: 8 | Q78: =L78*M78*N78*P78/1000000 -> 0.1344 | T78: 2 | V78: 8 | W78: 20 | X78: 400 | Y78: 1 | Z78: =V78*W78*X78*Y78/1000000 -> 0.064 | AC78: 46218 | AE78: 1.3047 | AF78: 0.6516 | AG78: 0.1176 | AI78: =SUM(AF78:AH78) -> 0.7692
B79: 7 | C79: 5457 | D79: MRT | E79: 400 | F79: 46 | G79: =0.7854*E79*F79*F79/1000000 -> 0.66476256 | H79: EX RM | J79: 7 | L79: 3.2 | M79: 11 | N79: 400 | P79: 4 | Q79: =L79*M79*N79*P79/1000000 -> 0.05632 | T79: 3 | V79: 7 | W79: 20 | X79: 400 | Y79: 1 | Z79: =V79*W79*X79*Y79/1000000 -> 0.056 | AC79: 46219 | AE79: 2.8102 | AF79: 1.9157 | AG79: 0.4712 | AI79: =SUM(AF79:AH79) -> 2.3869
B80: 8 | C80: 5438 | D80: MRT | E80: 400 | F80: 60 | G80: =0.7854*E80*F80*F80/1000000 -> 1.130976 | H80: EX RM | J80: 8 | L80: 4.2 | M80: 7 | N80: 400 | P80: 6 | Q80: =L80*M80*N80*P80/1000000 -> 0.07056 | T80: 4 | V80: 7 | W80: 15 | X80: 400 | Y80: 1 | Z80: =V80*W80*X80*Y80/1000000 -> 0.042 | AC80: 46225 | AE80: 5.7846 | AF80: 2.9962 | AG80: 1.4528 | AI80: =SUM(AF80:AH80) -> 4.449
B81: 46177 | C81: 5341 | D81: MRT | E81: 400 | F81: 55 | G81: =0.7854*E81*F81*F81/1000000 -> 0.950334 | H81: EX P ARI | J81: 9 | L81: 3.2 | M81: 7 | N81: 400 | P81: 3 | Q81: =L81*M81*N81*P81/1000000 -> 0.02688 | T81: 5 | V81: 10 | W81: 13 | X81: 400 | Y81: 4 | Z81: =V81*W81*X81*Y81/1000000 -> 0.208 | AC81: 46228 | AE81: 5.4196 | AF81: 2.6066 | AG81: 1.048 | AI81: =SUM(AF81:AH81) -> 3.6546
B82: 2 | C82: 5336 | D82: MRT | E82: 400 | F82: 55 | G82: =0.7854*E82*F82*F82/1000000 -> 0.950334 | H82: EX P ARI | J82: 10 | L82: 3 | M82: 5 | N82: 400 | O82: 5 | P82: =SUM(O82*10) -> 50 | Q82: =L82*M82*N82*P82/1000000 -> 0.3 | T82: 6 | V82: 7 | W82: 13 | X82: 400 | Y82: 2 | Z82: =V82*W82*X82*Y82/1000000 -> 0.0728 | AC82: 46231 | AE82: 3.1457 | AF82: 1.5669 | AG82: 0.4016 | AI82: =SUM(AF82:AH82) -> 1.9685
B83: 3 | C83: 5383 | D83: MRT | E83: 400 | F83: 52 | G83: =0.7854*E83*F83*F83/1000000 -> 0.84948864 | H83: EX P ARI | J83: 11 | L83: 2 | M83: 3 | N83: 400 | O83: 3 | P83: =SUM(O83*25) -> 75 | Q83: =L83*M83*N83*P83/1000000 -> 0.18 | T83: 7 | V83: 4.5 | W83: 13 | X83: 400 | Y83: 1 | Z83: =V83*W83*X83*Y83/1000000 -> 0.0234 | AC83: 46232 | AE83: 2.6905 | AF83: 1.6367 | AG83: 0.3536 | AI83: =SUM(AF83:AH83) -> 1.9903
B84: 4 | C84: 5355 | D84: MRT | E84: 400 | F84: 39 | G84: =0.7854*E84*F84*F84/1000000 -> 0.47783736 | H84: EX P ARI | J84: 46173 | K84: MERANTI | L84: 15 | M84: 20 | N84: 400 | P84: 1 | Q84: =L84*M84*N84*P84/1000000 -> 0.12 | T84: 8 | V84: 10 | W84: 10 | X84: 400 | Y84: 2 | Z84: =V84*W84*X84*Y84/1000000 -> 0.08 | AC84: 46233 | AE84: 1.131 | AF84: 0.4256 | AG84: 0.4536 | AI84: =SUM(AF84:AH84) -> 0.8792
B85: 5 | C85: 5361 | D85: MRT | E85: 400 | F85: 55 | G85: =0.7854*E85*F85*F85/1000000 -> 0.950334 | H85: EX P ARI | J85: 2 | L85: 15 | M85: 18 | N85: 400 | P85: 2 | Q85: =L85*M85*N85*P85/1000000 -> 0.216 | T85: 9 | V85: 4.5 | W85: 10 | X85: 400 | Y85: 8 | Z85: =V85*W85*X85*Y85/1000000 -> 0.144 | AE85: =SUM(AE75:AE84) -> 395.1702 | AF85: =SUM(AF75:AF84) -> 211.5993 | AG85: =SUM(AG75:AG84) -> 70.1746 | AH85: =SUM(AH75:AH84) -> 0 | AI85: =SUM(AI75:AI84) -> 281.7739
B86: 6 | C86: 5364 | D86: MRT | E86: 400 | F86: 48 | G86: =0.7854*E86*F86*F86/1000000 -> 0.72382464 | H86: EX P ARI | J86: 3 | L86: 15 | M86: 15 | N86: 400 | P86: 3 | Q86: =L86*M86*N86*P86/1000000 -> 0.27 | T86: 46256 | U86: MERANTI | V86: 10 | W86: 25 | X86: 400 | Y86: 1 | Z86: =V86*W86*X86*Y86/1000000 -> 0.1
B87: 7 | C87: 5376 | D87: MRT | E87: 400 | F87: 70 | G87: =0.7854*E87*F87*F87/1000000 -> 1.539384 | H87: EX P ARI | J87: 4 | L87: 15 | M87: 13 | N87: 400 | P87: 2 | Q87: =L87*M87*N87*P87/1000000 -> 0.156 | T87: 2 | V87: 10 | W87: 15 | X87: 400 | Y87: 1 | Z87: =V87*W87*X87*Y87/1000000 -> 0.06 | AC87: REKAP MERANTI
B88: 8 | C88: 5339 | D88: MRT | E88: 400 | F88: 57 | G88: =0.7854*E88*F88*F88/1000000 -> 1.0207058 | H88: EX P ARI | J88: 5 | L88: 15 | M88: 12 | N88: 400 | P88: 4 | Q88: =L88*M88*N88*P88/1000000 -> 0.288 | T88: 3 | V88: 7 | W88: 15 | X88: 400 | Y88: 1 | Z88: =V88*W88*X88*Y88/1000000 -> 0.042 | AC88: INPUT LOG | AF88: 394.1702
B89: 9 | C89: 5295 | D89: MRT | E89: 400 | F89: 55 | G89: =0.7854*E89*F89*F89/1000000 -> 0.950334 | H89: EX P ARI | J89: 6 | L89: 15 | M89: 10 | N89: 400 | P89: 4 | Q89: =L89*M89*N89*P89/1000000 -> 0.24 | T89: 4 | V89: 10 | W89: 10 | X89: 400 | Y89: 1 | Z89: =V89*W89*X89*Y89/1000000 -> 0.04 | AC89: BALOK | AE89: 211.5993
B90: 10 | C90: 5286 | D90: MRT | E90: 400 | F90: 57 | G90: =0.7854*E90*F90*F90/1000000 -> 1.0207058 | H90: EX P ARI | J90: 7 | L90: 15 | M90: 8 | N90: 400 | P90: 4 | Q90: =L90*M90*N90*P90/1000000 -> 0.192 | T90: 5 | V90: 7 | W90: 10 | X90: 400 | Y90: 1 | Z90: =V90*W90*X90*Y90/1000000 -> 0.028 | AC90: RENG | AE90: 70.1746
B91: 11 | C91: 5359 | D91: MRT | E91: 400 | F91: 40 | G91: =0.7854*E91*F91*F91/1000000 -> 0.502656 | H91: EX P ARI | J91: 8 | L91: 10 | M91: 30 | N91: 400 | P91: 3 | Q91: =L91*M91*N91*P91/1000000 -> 0.36 | T91: 6 | V91: 4.5 | W91: 10 | X91: 400 | Y91: 1 | Z91: =V91*W91*X91*Y91/1000000 -> 0.018 | AC91: MASAK | AE91: 10.428 | AF91: =SUM(AE89:AE91) -> 292.2019 | AG91: {=SUM(AE89:AE90/AF88)} -> 0.71485338
B92: 12 | C92: 5366 | D92: MRT | E92: 400 | F92: 39 | G92: =0.7854*E92*F92*F92/1000000 -> 0.47783736 | H92: EX P ARI | J92: 9 | L92: 10 | M92: 25 | N92: 400 | P92: 6 | Q92: =L92*M92*N92*P92/1000000 -> 0.6 | T92: 7 | V92: 4.5 | W92: 10 | X92: 300 | Y92: 4 | Z92: =V92*W92*X92*Y92/1000000 -> 0.054 | AC92: FUSO 1-9 | AF92: 263.9502
B93: 46179 | C93: 5309 | D93: MRT | E93: 400 | F93: 49 | G93: =0.7854*E93*F93*F93/1000000 -> 0.75429816 | H93: EX P ARI | J93: 10 | L93: 10 | M93: 20 | N93: 400 | P93: 3 | Q93: =L93*M93*N93*P93/1000000 -> 0.24 | T93: 46257 | U93: MERANTI | V93: 10 | W93: 20 | X93: 400 | Y93: 1 | Z93: =V93*W93*X93*Y93/1000000 -> 0.08 | AF93: =SUM(AF91-AF92) -> 28.2517
B94: 2 | C94: 5358 | D94: MRT | E94: 400 | F94: 65 | G94: =0.7854*E94*F94*F94/1000000 -> 1.327326 | H94: EX P ARI | J94: 11 | L94: 10 | M94: 12 | N94: 400 | P94: 1 | Q94: =L94*M94*N94*P94/1000000 -> 0.048 | T94: 2 | V94: 4.5 | W94: 15 | X94: 400 | Y94: 1 | Z94: =V94*W94*X94*Y94/1000000 -> 0.027
B95: 3 | C95: 5356 | D95: MRT | E95: 400 | F95: 49 | G95: =0.7854*E95*F95*F95/1000000 -> 0.75429816 | H95: EX P ARI | J95: 12 | L95: 10 | M95: 10 | N95: 400 | P95: 2 | Q95: =L95*M95*N95*P95/1000000 -> 0.08 | T95: 3 | V95: 4.5 | W95: 10 | X95: 400 | Y95: 2 | Z95: =V95*W95*X95*Y95/1000000 -> 0.036
B96: 4 | C96: 5304 | D96: MRT | E96: 400 | F96: 63 | G96: =0.7854*E96*F96*F96/1000000 -> 1.246901 | H96: EX P ARI | J96: 13 | L96: 10 | M96: 8 | N96: 400 | P96: 2 | Q96: =L96*M96*N96*P96/1000000 -> 0.064 | T96: 4 | V96: 10 | W96: 10 | X96: 400 | Y96: 1 | Z96: =V96*W96*X96*Y96/1000000 -> 0.04
B97: 5 | C97: 5406 | D97: MRT | E97: 400 | F97: 45 | G97: =0.7854*E97*F97*F97/1000000 -> 0.636174 | H97: EX P ARI | J97: 14 | L97: 8 | M97: 30 | N97: 400 | P97: 3 | Q97: =L97*M97*N97*P97/1000000 -> 0.288 | T97: 5 | V97: 2.2 | W97: 10 | X97: 400 | Y97: 1 | Z97: =V97*W97*X97*Y97/1000000 -> 0.0088
B98: 6 | C98: 5430 | D98: MRT | E98: 400 | F98: 55 | G98: =0.7854*E98*F98*F98/1000000 -> 0.950334 | H98: EX P ARI | J98: 15 | L98: 8 | M98: 25 | N98: 400 | P98: 2 | Q98: =L98*M98*N98*P98/1000000 -> 0.16 | T98: 6 | V98: 7 | W98: 15 | X98: 400 | Y98: 1 | Z98: =V98*W98*X98*Y98/1000000 -> 0.042
B99: 7 | C99: 5417 | D99: MRT | E99: 400 | F99: 55 | G99: =0.7854*E99*F99*F99/1000000 -> 0.950334 | H99: EX P ARI | J99: 16 | L99: 8 | M99: 20 | N99: 400 | P99: 3 | Q99: =L99*M99*N99*P99/1000000 -> 0.192 | T99: 46257 | U99: MERANTI | V99: 15 | W99: 30 | X99: 400 | Y99: 1 | Z99: =V99*W99*X99*Y99/1000000 -> 0.18
B100: 8 | C100: 5416 | D100: MRT | E100: 400 | F100: 55 | G100: =0.7854*E100*F100*F100/1000000 -> 0.950334 | H100: EX P ARI | J100: 17 | L100: 8 | M100: 18 | N100: 400 | P100: 2 | Q100: =L100*M100*N100*P100/1000000 -> 0.1152 | T100: 2 | V100: 10 | W100: 30 | X100: 400 | Y100: 2 | Z100: =V100*W100*X100*Y100/1000000 -> 0.24
B101: 9 | C101: 5415 | D101: MRT | E101: 400 | F101: 58 | G101: =0.7854*E101*F101*F101/1000000 -> 1.0568342 | H101: EX P IS | J101: 18 | L101: 8 | M101: 5 | N101: 400 | P101: 12 | Q101: =L101*M101*N101*P101/1000000 -> 0.192 | T101: 3 | V101: 10 | W101: 25 | X101: 400 | Y101: 1 | Z101: =V101*W101*X101*Y101/1000000 -> 0.1
...
